id,name,category,status,parsed_fields_count,warnings,raw_snippet
28274,Lindt XXL Goldhasen Hohlfigur aus Alpenvollmilch Schokolade 500g,NUTRITION,OK_WITH_WARNINGS,8,"plausibility_out_of_range:kcal:2294.0 not in [0.0, 900.0] | energy_mismatch:kJ=550.0 inconsistent_with_kcal=2294.0 | warnings_present","Brennwert: 550,00 Kilokalorien (kcal) Brennwert: 2.294,00 Kilojoule (kJ) Fett: 33,00 davon gesättigte Fettsäuren: 20,00 Kohlenhydrate: 55,0…"
28286,Lindt Mini Engel Figuren aus Alpenvollmilch Chocolade 50g 3er Pack,NUTRITION,OK,8,all_checks_passed,"Energie 2377 kJ 570 kcal Fett 37 g davon gesättigte Fettsäuren 22 g Kohlenhydrate 51 g davon Zucker 50 g Eiweiß 7,4 g Salz 0,20 g"
28355,Lindt Weihnachtsmann aus Alpenvollmilch Chocolade 40g 5er Pack,NUTRITION,OK_WITH_WARNINGS,9,"unparseable_numeric_fragment:7, | unparseable_numeric_fragment:0, | plausibility_out_of_range:kcal:2272.0 not in [0.0, 900.0] | energy_mismatch:kJ=544.0 inconsistent_with_kcal=2272.0 | warnings_present","Brennwert: 544 Kilokalorien (kcal) Brennwert: 2272 Kilojoule (kJ) Kohlenhydrate: 56g Kohlenhydrate, davon Zucker: 54g Fett: 32g Fett, davon…"
28383,Lindt Tanne Vollmilch Schoko Kugeln mit Füllung 187g 2er Pack,NUTRITION,OK_WITH_WARNINGS,8,"plausibility_out_of_range:kcal:2574.0 not in [0.0, 900.0] | energy_mismatch:kJ=620.0 inconsistent_with_kcal=2574.0 | warnings_present","Brennwert: 620,00 Kilokalorien (kcal) Brennwert: 2.574,00 Kilojoule (kJ) Fett: 48,00 Fett, davon gesättigte Fettsäuren: 34,00 Kohlenhydrate…"
28387,Lindt Weihnachtschocolade Classic mit Zimt und Koriander 100g 4er Pack,NUTRITION,OK,8,all_checks_passed,"Energie 2430 kJ 583 kcal Fett 38 g davon gesättigte Fettsäuren 18 g Kohlenhydrate 53 g davon Zucker 50 g Eiweiß 6,0 g Salz 0,15 g"
28399,Lindt Weihnachtsmarkt Pralinen aus Vollmilch Schokolade 130g,NUTRITION,OK,8,all_checks_passed,"Energie 2147 kJ 514 kcal Fett 30 g davon gesättigte Fettsäuren 13 g Kohlenhydrate 52 g davon Zucker 47 g Eiweiß 7,3 g Salz 0,74 g"
28667,Lindt und Sprüngli Lindor Kissenpackung Mischung 25 Lindor Kugeln,NUTRITION,OK,8,all_checks_passed,"Energie 2632 kJ 634 kcal Fett 50 g davon gesättigte Fettsäuren 35 g Kohlenhydrate 40 g davon Zucker 38 g Eiweiß 4,8 g Salz 0,13 g"
28679,Lindt Creation Creme Brulee mit knusprigem Caramel in Schokolade 150g,NUTRITION,OK,8,all_checks_passed,"Energie / Brennwert 2430 kJ / 583 kcal Fett 39,0 g gesättigte Fettsäuren 23,0 g Kohlenhydrate 53,0 g davon Zucker 51,0 g Eiweiß 5,3 g Salz …"
28682,Lindt und Sprüngli Trüffel Eier Marc de Champagne Ostern 90g,NUTRITION,OK,8,all_checks_passed,"Energie / Brennwert 2023 kJ / 484 kcal Fett 26 g gesättigte Fettsäuren 16 g Kohlenhydrate 52 g davon Zucker 50 g Eiweiß 4,6 g Salz 0,15 g"
28683,Lindt Creation Chocolate de Luxe mit flüssigem Schokokern 150g,NUTRITION,OK,8,all_checks_passed,"Energie / Brennwert 2229kJ / 534 kcal Fett 31,0 g gesättigte Fettsäuren 18,0 g Kohlenhydrate 55,0 g davon Zucker 51,0 g Eiweiß 6,2 g Salz 0…"
28689,Lindt und Sprüngli Mini Goldhäschen in einer Porzellan Tasse 100g,NUTRITION,OK,7,all_checks_passed,"Energie 2339 kJ 561 kcal Fett 35 g davon ges. Fettsäuren 20 g Kohlenhydrate 53 g davon Zucker 52 g Eiweiß 7,4 g Salz 0,19 g"
28691,Lindt Goldhase Hohlfigur aus Alpenvollmilch Schokolade Ostern 50g,NUTRITION,OK,8,all_checks_passed,"Energie / Brennwert 2272 kJ / 544 kcal Fett 32 g gesättigte Fettsäuren 19 g Kohlenhydrate 56 g davon Zucker 54 g Eiweiß 7,2 g Salz 0,32 g"
28700,Lindt Alkohol Spezialitäten Ostereier mit alkoholischer Füllung 216g,NUTRITION,OK_WITH_WARNINGS,8,"plausibility_out_of_range:kcal:1871.0 not in [0.0, 900.0] | energy_mismatch:kJ=1871.0 inconsistent_with_kcal=1871.0 | warnings_present","434,00 Kilokalorien (kcal) Brennwert: 1.871,00 Kilojoule (kJ) Fett: 23,00 Fett, davon gesättigte Fettsäuren: 14,00 Kohlenhydrate: 46,00 Koh…"
29190,Lindt Edelbitter Schokolade Mousse Minze gefüllte Schokolade 150g,NUTRITION,OK_WITH_WARNINGS,9,"unparseable_numeric_fragment:7, | unparseable_numeric_fragment:0, | plausibility_out_of_range:kcal:2421.0 not in [0.0, 900.0] | energy_mismatch:kJ=583.0 inconsistent_with_kcal=2421.0 | warnings_present","Brennwert: 583 Kilokalorien (kcal) Brennwert: 2421 Kilojoule (kJ) Kohlenhydrate: 40g Kohlenhydrate, davon Zucker: 35g Fett: 42g Fett, davon…"
29192,Lindt und Sprüngli Mousse Cranberry mit dunkler Bitterschokolade 150g,NUTRITION,OK_WITH_WARNINGS,9,"unparseable_numeric_fragment:6, | unparseable_numeric_fragment:0, | plausibility_out_of_range:kcal:2209.0 not in [0.0, 900.0] | energy_mismatch:kJ=531.0 inconsistent_with_kcal=2209.0 | warnings_present","Brennwert: 531 Kilokalorien (kcal) Brennwert: 2209 Kilojoule (kJ) Kohlenhydrate: 46g Kohlenhydrate, davon Zucker: 40g Fett: 34g Fett, davon…"
29470,Lindt Cresta Eier zarte Nougat creme mit knusprigen Krokant 450g,NUTRITION,OK,8,all_checks_passed,"Energie 2335 kJ 559 kcal Fett 33 g davon gesättigte Fettsäuren 15 g Kohlenhydrate 57 g davon Zucker 51 g Eiweiß 7,1 g Salz 0,09 g"
29609,Lindt und Sprüngli Excellence Mild 85 Prozent Edelbitter 100g,NUTRITION,OK_WITH_WARNINGS,9,"unparseable_numeric_fragment:8, | unparseable_numeric_fragment:0, | plausibility_out_of_range:kcal:2526.0 not in [0.0, 900.0] | energy_mismatch:kJ=603.0 inconsistent_with_kcal=2526.0 | warnings_present","Brennwert: 603 Kilokalorien (kcal) Brennwert: 2526 Kilojoule (kJ) Kohlenhydrate: 19g Kohlenhydrate, davon Zucker: 14g Fett: 55g Fett, davon…"
29610,Lindt Excellence Extra Cremig Vollmilch Schokoladentafel 100g,NUTRITION,OK,8,all_checks_passed,"Energie / Brennwert 2369 kJ / 569 kcal Fett 37,0 g gesättigte Fettsäuren 23,0 g Kohlenhydrate 51,0 g davon Zucker 50,0 g Eiweiß 6,4 g Salz …"
29614,Lindt Excellence Chili Feinherbe Schokolade mit feuriger Chili 100g,NUTRITION,OK,8,all_checks_passed,"Energie / Brennwert 2240 kJ / 538 kcal Fett 33,0 g gesättigte Fettsäuren 20,0 g Kohlenhydrate 50,0 g davon Zucker 48,0 g Eiweiß 6,1 g Salz …"
29774,Lindt Von Herzen Pralinenmischung in Metall Herz Dose Geschenk 30g,NUTRITION,OK,8,all_checks_passed,"Energie kcal 503 kcal Energie kJ 2111 kj Fett 27 g davon gesättigte Fettsäuren 15 g Kohlenhydrate 56 g davon Zucker 55 g Eiweiß 6,3 g Salz …"
30343,Lindt Geschenkbeutel Mischung aus Vollmilch Schokolade 130g 3er Pack,NUTRITION,OK,8,all_checks_passed,"Brennwert in kJ 2368 Brennwert in kcal 568 Fett in g 36 Fett, davon gesättigte Fettsäuren in g 22 Kohlenhydrate in g 53 Kohlenhydrate, davo…"
30594,Lindt Excellence 99 Prozent Cacao Bitter extrem kräftig 50g 9er Pack,NUTRITION,OK,8,all_checks_passed,"Energie / Brennwert 2365 kJ / 575 kcal Fett 49,0 g gesättigte Fettsäuren 30,0 g Kohlenhydrate 10,0 g davon Zucker 1,0 g Eiweiß 14,0 g Salz …"
30595,Lindt und Sprüngli mit Cacao Excellence Edelbitter 100g 5er Pack,MIXED,OK_WITH_WARNINGS,8,"plausibility_out_of_range:kcal:593437.0 not in [0.0, 900.0] | energy_mismatch:kJ=2483.0 inconsistent_with_kcal=593437.0 | warnings_present","Zutaten: Kakaomasse, Kakaobutter, fettarmes Kakaopulver,Zucker, Vanille. Kann HASELNÜSSE und andere SCHALENFRÜCHTE, MILCH, SOJA enthalten. …"
31117,Lindt Kleiner Dank Pralinen Mischung Geschenkverpackung 40g 4er Pack,NUTRITION,OK_WITH_WARNINGS,8,"plausibility_out_of_range:kcal:2183.0 not in [0.0, 900.0] | energy_mismatch:kJ=523.0 inconsistent_with_kcal=2183.0 | warnings_present","Brennwert: 523,00 Kilokalorien (kcal) Brennwert: 2.183,00 Kilojoule (kJ) Fett: 31,00 Fett, davon gesättigte Fettsäuren: 17,00 Kohlenhydrate…"
31187,Lindt Weihnachts Knusper Selection mit gerösteten Nüssen 2er Pack 210g,NUTRITION,OK,8,all_checks_passed,"Energie 2404 kJ 577 kcal Fett 37 g davon gesättigte Fettsäuren 13 g Kohlenhydrate 49 g davon Zucker 42 g Eiweiß 9,2 g Salz 0,19 g"
31671,Lindt Goldhasen Geschenk Ei aus zarter Alpenmilch Schokolade 230g,NUTRITION,OK_WITH_WARNINGS,8,"plausibility_out_of_range:kcal:2294.0 not in [0.0, 900.0] | energy_mismatch:kJ=550.0 inconsistent_with_kcal=2294.0 | warnings_present","Kohlenhydrate: 55,00 Kohlenhydrate, davon Zucker: 55,00 Eiweiß: 7,20 Salz: 0,20 Fett: 33,00 Fett, davon gesättigte Fettsäuren: 20,00 Brennw…"
32089,Lindt Edelbitter Adventskalender gefüllt mit dunkler Schokolade 250g,NUTRITION,OK_WITH_WARNINGS,8,energy_mismatch:kJ=2336.0 inconsistent_with_kcal=612.0 | warnings_present,"Energie 2336 kJ 612 kcal Fett 48 g davon gesättigte Fettsäuren 33 g Kohlenhydrate 37 g davon Zucker 35 g Eiweiß 5,1 g Salz 0,04 g"
32142,Lindt Milch Kugeln aus Vollmilchschokolade und Füllung  475g,NUTRITION,OK_WITH_WARNINGS,8,"plausibility_out_of_range:kcal:2574.0 not in [0.0, 900.0] | energy_mismatch:kJ=620.0 inconsistent_with_kcal=2574.0 | warnings_present","Brennwert: 620,00 Kilokalorien (kcal) Brennwert: 2.574,00 Kilojoule (kJ) Fett: 48,00 Fett, davon gesättigte Fettsäuren: 34,00 Kohlenhydrate…"
32297,Lindt & Sprüngli Mini Santa Hohlfiguren Edelbitter 3er Pack (3 x 50 g),NUTRITION,OK_WITH_WARNINGS,8,"plausibility_out_of_range:kcal:2368.0 not in [0.0, 900.0] | energy_mismatch:kJ=570.0 inconsistent_with_kcal=2368.0 | warnings_present","Brennwert: 570,00 Kilokalorien (kcal) Brennwert: 2.368,00 Kilojoule (kJ) Fett: 41,00 Fett, davon gesättigte Fettsäuren: 26,00 Kohlenhydrate…"
32621,Lindt Mini Weihnachtsmänner Hohlfiguren aus Vollmilch 50g 3er Pack,NUTRITION,OK_WITH_WARNINGS,8,"plausibility_out_of_range:kcal:2377.0 not in [0.0, 900.0] | energy_mismatch:kJ=570.0 inconsistent_with_kcal=2377.0 | warnings_present","Brennwert: 570,00 Kilokalorien (kcal) Brennwert: 2.377,00 Kilojoule (kJ) Fett: 37,00 Fett, davon gesättigte Fettsäuren: 22,00 Kohlenhydrate…"
32624,Lindt Engel Figuren aus feiner Alpenvollmilchschokolade 200g,NUTRITION,OK,8,all_checks_passed,"Brennwert in kJ 2377,000 Brennwert in kcal 570,000 Fett in g 37,000 Fett, davon gesättigte Fettsäuren in g 22,000 Kohlenhydrate in g 51,000…"
32632,Lindt Goldstücke Trüffel Herz Duo mit Schokolade 50g 4er Pack,NUTRITION,OK_WITH_WARNINGS,8,"plausibility_out_of_range:kcal:2038.0 not in [0.0, 900.0] | energy_mismatch:kJ=481.0 inconsistent_with_kcal=2038.0 | warnings_present","Brennwert: 481,00 Kilokalorien (kcal) Brennwert: 2.038,00 Kilojoule (kJ) Fett: 27,00 Fett, davon gesättigte Fettsäuren: 17,00 Kohlenhydrate…"
32923,Lindt Lindor Eier Vollmilchschokolade 25er Ostereier Schokolade 450g,NUTRITION,OK,8,all_checks_passed,"Energie / Brennwert 2630 kJ / 634 kcal Fett 49 g gesättigte Fettsäuren 37 g Kohlenhydrate 42 g davon Zucker 42 g Eiweiß 5 g Salz 0,19 g"
32926,Lindt Cresta Eier Ostereier aus Alpenvollmilch Schokolade 90g,NUTRITION,OK,8,unparseable_numeric_fragment:6. | unparseable_numeric_fragment:0. | all_checks_passed,"Energie 2380kJ Energie 570kcal Fett 34g Fett, davon gesättigte Fettsäuren 16g Kohlenhydrate 58g Kohlenhydrate, davon Zucker 53g Eiweiß 6.7g…"
32965,Lindt Schoko Kugeln Mix mit zartschmelzender Füllung 145g 2er Pack,NUTRITION,OK,8,all_checks_passed,"Energie 2652 kJ 640 kcal Fett 51 g davon gesättigte Fettsäuren 36 g Kohlenhydrate 39 g davon Zucker 37 g Eiweiß 4,8 g Salz 0,12 g"
33141,Lindt Cresta Eier 5 Ostereier aus Alpenvollmilchschokolade 3er Pack,NUTRITION,OK,8,unparseable_numeric_fragment:6. | unparseable_numeric_fragment:0. | all_checks_passed,"Energie 2380kJ Energie 570kcal Fett 34g Fett, davon gesättigte Fettsäuren 16g Kohlenhydrate 58g Kohlenhydrate, davon Zucker 53g Eiweiß 6.7g…"
33142,Lindt Nougat Baumbehang Pralinen aus Vollmilchschokolade 100g 3er Pack,NUTRITION,OK_WITH_WARNINGS,9,"unparseable_numeric_fragment:8, | unparseable_numeric_fragment:0, | plausibility_out_of_range:kcal:2347.0 not in [0.0, 900.0] | energy_mismatch:kJ=563.0 inconsistent_with_kcal=2347.0 | warnings_present","Brennwert: 563 Kilokalorien (kcal) Brennwert: 2347 Kilojoule (kJ) Kohlenhydrate: 54g Kohlenhydrate, davon Zucker: 51g Fett: 34g Fett, davon…"
33147,Lindt Goldhase Nuss aus feinster Schokolade Osterhase 100g 4er Pack,NUTRITION,OK_WITH_WARNINGS,8,"plausibility_out_of_range:kcal:2546.0 not in [0.0, 900.0] | energy_mismatch:kJ=612.0 inconsistent_with_kcal=2546.0 | warnings_present","Brennwert: 612,00 Kilokalorien (kcal) Brennwert: 2.546,00 Kilojoule (kJ) Fett: 43,00 Fett, davon gesättigte Fettsäuren: 19,00 Kohlenhydrate…"
33157,Lindt Frohes Fest Pralines Mischung aus Pralinen 180g 2er Pack,NUTRITION,OK,8,all_checks_passed,"Energie 2170 kJ 520 kcal Fett 30 g davon gesättigte Fettsäuren 15 g Kohlenhydrate 54 g davon Zucker 52 g Eiweiß 6,7 g Salz 0,41 g"
33159,Lindt Mini Tisch Adventskalender Weihnachtszauber Schoko 115g 2er Pack,NUTRITION,OK,8,all_checks_passed,"Energie 2409 kJ 578 kcal Fett 38 g davon gesättigte Fettsäuren 24 g Kohlenhydrate 51 g davon Zucker 49 g Eiweiß 6,6 g Salz 0,15 g"
33177,Lindt Marc de Champagne Trüffel Eier weiße Schokolade 90g 3er Pack,NUTRITION,OK,8,all_checks_passed,"Energie (kj) 2094 Energie (kcal) 500,0 Fett (g) 28 gesättigte Fettsäuren (g) 17 Kohlenhydrate (g) 52 davon Zucker (g) 51 Eiweiß (g) 5,3 Sal…"
33183,Lindt Creation Chocolate de Luxe mit Schokokern 150g 7er Pack,NUTRITION,OK,8,all_checks_passed,"Energie / Brennwert 2229kJ / 534 kcal Fett 31,0 g gesättigte Fettsäuren 18,0 g Kohlenhydrate 55,0 g davon Zucker 51,0 g Eiweiß 6,2 g Salz 0…"
33184,Lindt Excellence Extra Cremig Vollmilch Schokoladentafel 100g 4er Pack,NUTRITION,OK,8,all_checks_passed,"Energie / Brennwert 2369 kJ / 569 kcal Fett 37,0 g gesättigte Fettsäuren 23,0 g Kohlenhydrate 51,0 g davon Zucker 50,0 g Eiweiß 6,4 g Salz …"
33190,Lindt Pralines Hochfein feinster Praline Spezialitäten 120g 2er Pack,NUTRITION,OK_WITH_WARNINGS,8,"plausibility_out_of_range:salt_g:100.0 not in [0.0, 15.0] | warnings_present","Energie (KJ) per 100 g/ml 2340 KJ Energie (kcal) per 100 g/ml 562 kcal Fett per 100 g/ml 36.0 g Fett, davon gesättigte Fettsäuren pro 100 g…"
33195,Lindt und Sprüngli Spezialitäten Oster Eier Beutel 90g 3er Pack,NUTRITION,OK,8,all_checks_passed,"Energie 2322 kJ 557 kcal Fett 36 g davon gesättigte Fettsäuren 21 g Kohlenhydrate 50 g davon Zucker 44 g Eiweiß 5,9 g Salz 0,12 g"
33202,Lindt Mini Goldhasen Hohlfigur aus Alpenvollmilch 50g 5er Pack,NUTRITION,OK,8,all_checks_passed,"Energie / Brennwert 2350 kJ / 564 kcal Fett 36 g gesättigte Fettsäuren 22 g Kohlenhydrate 52 g davon Zucker 50 g Eiweiß 7,1 g Salz 0,31 g"
33205,Lindt Oster Minis Köcher Mini Ostereiern mit Alpenmilch 2er Pack,NUTRITION,OK,7,all_checks_passed,"Energie 2336 kJ 560 kcal Fett 35 g davon ges. Fettsäuren 20 g Kohlenhydrate 53 g davon Zucker 53 g Eiweiß 7,3 g Salz 0,20 g"
33206,Lindt Mini Weihnachtsmänner mit Perforation Milch 50g 5er Pack,NUTRITION,OK_WITH_WARNINGS,8,"plausibility_out_of_range:kcal:2377.0 not in [0.0, 900.0] | energy_mismatch:kJ=570.0 inconsistent_with_kcal=2377.0 | warnings_present","Brennwert: 570,00 Kilokalorien (kcal) Brennwert: 2.377,00 Kilojoule (kJ) Fett: 37,00 Fett, davon gesättigte Fettsäuren: 22,00 Kohlenhydrate…"
33209,Lindt Mini Schneemänner aus Alpenvollmilchschokolade 50g 3er Pack,NUTRITION,OK,7,all_checks_passed,"Energie 2377 kJ 570 kcal Fett 37 g davon ges. Fettsäuren 22 g Kohlenhydrate 51 g davon Zucker 50 g Eiweiß 7,4 g Salz 0,20 g"
33213,Lindt Goldhase aus Alpenmilch Schokolade 200g 3er Pack Hohlfigur,NUTRITION,OK,7,all_checks_passed,"Energie 2377 kJ 570 kcal Fett 37 g davon ges. Fettsäuren 22 g Kohlenhydrate 51 g davon Zucker 50 g Eiweiß 7,4 g Salz 0,20 g"
33215,Lindt und Sprüngli Deko Edition Henne Hohlfigur 35g 5er Pack,NUTRITION,OK,8,all_checks_passed,"Energie / Brennwert 2272 kJ / 544 kcal Fett 32 g gesättigte Fettsäuren 19 g Kohlenhydrate 56 g davon Zucker 54 g Eiweiß 5,1 g Salz 0,32 g"
33218,Lindt Weihnachtsmann Hohlfigur aus Vollmilchschokolade 70g 3er Pack,NUTRITION,OK,7,all_checks_passed,"Energie 2377 kJ 570 kcal Fett 37 g davon ges. Fettsäuren 22 g Kohlenhydrate 51 g davon Zucker 50 g Eiweiß 7,4 g Salz 0,20 g"
33221,Lindt Oster Freuden zwei Goldhasen in einer Tasche 100g 3er Pack,NUTRITION,OK_WITH_WARNINGS,8,"plausibility_out_of_range:kcal:2294.0 not in [0.0, 900.0] | energy_mismatch:kJ=550.0 inconsistent_with_kcal=2294.0 | warnings_present","Brennwert: 550,00 Kilokalorien (kcal) Brennwert: 2.294,00 Kilojoule (kJ) Fett: 33,00 Fett, davon gesättigte Fettsäuren: 20,00 Kohlenhydrate…"
33227,Lindt Weihnachtsschokolade Mandel aus Vollmilch 100g 4er Pack,NUTRITION,OK,7,all_checks_passed,"Energie 2469 kJ 593 kcal Fett 39 g davon ges. Fettsäuren 17 g Kohlenhydrate 50 g davon Zucker 46 g Eiweiß 7,9 g Salz 0,18 g"
33234,Lindt Mini Tisch Adventskalender Frohes Fest Schokolade 115g 2er Pack,NUTRITION,OK,8,all_checks_passed,"Energie 2398 kJ 576 kcal Fett 38 g davon gesättigte Fettsäuren 25 g Kohlenhydrate 51 g davon Zucker 50 g Eiweiß 6,6 g Salz 0,18 g"
33238,Lindt Eiscafe weiße Schokolade mit Eiskaffee Creme 100g 5er Pack,NUTRITION,OK_WITH_WARNINGS,8,"unparseable_numeric_fragment:0, | plausibility_out_of_range:kcal:2459.0 not in [0.0, 900.0] | energy_mismatch:kJ=590.0 inconsistent_with_kcal=2459.0 | warnings_present","Brennwert: 590,00 Kilokalorien (kcal) Brennwert: 2.459,00 Kilojoule (kJ) Fett: 40,00 Fett, davon gesättigte Fettsäuren: 25,00 Kohlenhydrate…"
33242,Lindt Creation Schokolade mit Pistazie und Mandelstückchen 148g,NUTRITION,OK,8,all_checks_passed,Nährwertinformation pro 100 g Energie 2385 kJ 573 kcal Fett 39 g davon gesättigte Fettsäuren 23 g Kohlenhydrate 46 g davon Zucker 45 g Eiwe…
33246,Lindt Cognac Eier Ostereier aus Zartbitter Schokolade 3er Pack,NUTRITION,OK_WITH_WARNINGS,8,"plausibility_out_of_range:kcal:1867.0 not in [0.0, 900.0] | energy_mismatch:kJ=434.0 inconsistent_with_kcal=1867.0 | warnings_present","Brennwert: 434,00 Kilokalorien (kcal) Brennwert: 1.867,00 Kilojoule (kJ) Fett: 22,00 Fett, davon gesättigte Fettsäuren: 14,00 Kohlenhydrate…"
33249,Lindt Wiliams Fläschchen mit Williams Birnenbrand 132g 2er Pack,NUTRITION,OK_WITH_WARNINGS,8,"plausibility_out_of_range:kcal:1880.0 not in [0.0, 900.0] | energy_mismatch:kJ=438.0 inconsistent_with_kcal=1880.0 | warnings_present","Brennwert: 438,00 Kilokalorien (kcal) Brennwert: 1.880,00 Kilojoule (kJ) Fett: 23,00 Fett, davon gesättigte Fettsäuren: 14,00 Kohlenhydrate…"
33251,Lindt und Sprüngli Emotionale Geschenke Grußbotschaft 3x80g 3er Pack,NUTRITION,OK,8,all_checks_passed,"Energie 2185 kJ 522 kcal Fett 30 g davon gesättigte Fettsäuren 15 g Kohlenhydrate 54 g davon Zucker 52 g Eiweiß 6,3 g Salz 0,32 g"
33252,Lindt Von Herzen Pralinenmischung in Metall Herz Dose 30g 2er Pack,NUTRITION,OK,8,all_checks_passed,"Energie kcal 503 kcal Energie kJ 2111 kj Fett 27 g davon gesättigte Fettsäuren 15 g Kohlenhydrate 56 g davon Zucker 55 g Eiweiß 6,3 g Salz …"
33282,Lindt Lindor Mischung schicke Geschenkverpackung 288g 2er Pack,NUTRITION,OK_WITH_WARNINGS,8,"plausibility_out_of_range:kcal:2648.0 not in [0.0, 900.0] | energy_mismatch:kJ=638.0 inconsistent_with_kcal=2648.0 | warnings_present","Brennwert: 638,00 Kilokalorien (kcal) Brennwert: 2.648,00 Kilojoule (kJ) Fett: 50,00 Fett, davon gesättigte Fettsäuren: 37,00 Kohlenhydrate…"
33284,Lindt Mini Schoko Kugeln mit zartschmelender Füllung 100g 3er Pack,NUTRITION,OK_WITH_WARNINGS,8,"plausibility_out_of_range:kcal:2520.0 not in [0.0, 900.0] | energy_mismatch:kJ=606.0 inconsistent_with_kcal=2520.0 | warnings_present","Brennwert: 606,00 Kilokalorien (kcal) Brennwert: 2.520,00 Kilojoule (kJ) Fett: 44,00 Fett, davon gesättigte Fettsäuren: 33,00 Kohlenhydrate…"
33296,Lindt Nuss Eier Mischung  Ostereier aus Alpenvollmilch 140g 2er Pack,NUTRITION,OK,7,all_checks_passed,"Energie 2357 kJ 565 kcal Fett 35 g davon ges. Fettsäuren 17 g Kohlenhydrate 52 g davon Zucker 49 g Eiweiß 8,5 g Salz 0,17 g"
33650,Lindt Eiscafe weiße Schokolade mit Eiskaffee Creme Füllung 100g,NUTRITION,OK_WITH_WARNINGS,8,"unparseable_numeric_fragment:0, | plausibility_out_of_range:kcal:2459.0 not in [0.0, 900.0] | energy_mismatch:kJ=590.0 inconsistent_with_kcal=2459.0 | warnings_present","Brennwert: 590,00 Kilokalorien (kcal) Brennwert: 2.459,00 Kilojoule (kJ) Fett: 40,00 Fett, davon gesättigte Fettsäuren: 25,00 Kohlenhydrate…"
33689,Lindt und Sprüngli Pralines Oster Minis Osterköstlichkeiten 90g,NUTRITION,OK,8,all_checks_passed,"Energie / Brennwert 2372 kJ / 569 kcal Fett 36 g gesättigte Fettsäuren 20 g Kohlenhydrate 53 g davon Zucker 51 g Eiweiß 6,8 g Salz 0,21 g"
33729,Lindt Lindor Mischung In einer schicken Geschenkverpackung 288g,NUTRITION,OK_WITH_WARNINGS,8,"plausibility_out_of_range:kcal:2648.0 not in [0.0, 900.0] | energy_mismatch:kJ=638.0 inconsistent_with_kcal=2648.0 | warnings_present","Brennwert: 638,00 Kilokalorien (kcal) Brennwert: 2.648,00 Kilojoule (kJ) Fett: 50,00 Fett, davon gesättigte Fettsäuren: 37,00 Kohlenhydrate…"
33967,Lindt Choco Käfer Milchschokolade in Käfer Form Haselnusscreme 100g,NUTRITION,OK,8,all_checks_passed,"Energie / Brennwert 2333 kJ / 559 kcal Fett 34 g gesättigte Fettsäuren 20 g Kohlenhydrate 55 g davon Zucker 51 g Eiweiß 7,3 g Salz 0,26 g"
33981,Lindt Spezialitäten Eier einzeln gewickelte gefüllte Ostereier 90g,NUTRITION,OK_WITH_WARNINGS,8,"plausibility_out_of_range:kcal:2291.0 not in [0.0, 900.0] | energy_mismatch:kJ=548.0 inconsistent_with_kcal=2291.0 | warnings_present","Brennwert: 548,00 Kilokalorien (kcal) Brennwert: 2.291,00 Kilojoule (kJ) Fett: 35,00 Fett, davon gesättigte Fettsäuren: 21,00 Kohlenhydrate…"
34311,Lindt Lindor Eier großer Mischbeutel einzeln gewickelt 180g,NUTRITION,OK_WITH_WARNINGS,8,"plausibility_out_of_range:kcal:2648.0 not in [0.0, 900.0] | energy_mismatch:kJ=638.0 inconsistent_with_kcal=2648.0 | warnings_present","Brennwert: 638,00 Kilokalorien (kcal) Brennwert: 2.648,00 Kilojoule (kJ) Fett: 50,00 Fett, davon gesättigte Fettsäuren: 37,00 Kohlenhydrate…"
35346,Lindt Deko Edition Mini Hennen Hohlfiguren aus Alpenvollmilch 50g,NUTRITION,OK,8,all_checks_passed,"Energie / Brennwert 2350 kJ / 564 kcal Fett 36 g gesättigte Fettsäuren 22 g Kohlenhydrate 52 g davon Zucker 50 g Eiweiß 7,1 g Salz 0,31 g"
35481,Lindt Cappuccino Trüffel Eier 25er aus weißer Schokolade 450g,NUTRITION,OK_WITH_WARNINGS,9,"plausibility_out_of_range:kcal:526517.0 not in [0.0, 900.0] | energy_mismatch:kJ=2203.0 inconsistent_with_kcal=526517.0 | warnings_present","Portionsgröße 100 Gramm, 100 Gramm Energie (kJ) 2203 kJ Energie (kcal) 526.517 kcal Fett 32 Gramm davon: - Gesättigte Fettsäuren 20 Gramm K…"
35504,Lindt Eier gefüllt mit Doppelmilchcreme umhüllt von Schokolade 100g,NUTRITION,OK,8,all_checks_passed,"Energie / Brennwert 2393 kJ / 574 kcal Fett 38 g gesättigte Fettsäuren 24 g Kohlenhydrate 51 g davon Zucker 51 g Eiweiß 6,6 g Salz 0,2 g"
35837,Lindt Kugeln mit Edelbitterschokolade Kissenpackung 322g 2er Pack,NUTRITION,OK_WITH_WARNINGS,8,"plausibility_out_of_range:kcal:2645.0 not in [0.0, 900.0] | energy_mismatch:kJ=639.0 inconsistent_with_kcal=2645.0 | warnings_present","Nährwertangaben:Brennwert: 639,00 Kilokalorien (kcal) Brennwert: 2.645,00 Kilojoule (kJ) Fett: 53,00 Fett, davon gesättigte Fettsäuren: 38,…"
36020,Lindt Mini Kugeln aus feiner Alpenvollmilchschokolade 100g 3er Pack,NUTRITION,OK_WITH_WARNINGS,8,"plausibility_out_of_range:kcal:2275.0 not in [0.0, 900.0] | energy_mismatch:kJ=545.0 inconsistent_with_kcal=2275.0 | warnings_present","Brennwert: 545,00 Kilokalorien (kcal) Brennwert: 2.275,00 Kilojoule (kJ) Fett: 32,00 Fett, davon gesättigte Fettsäuren: 19,00 Kohlenhydrate…"
36816,Lindt Goldhase aus edler Alpenvollmilch Schokolade mit Glöckchen 200g,NUTRITION,OK,8,all_checks_passed,"Energie / Brennwert 2294 kJ / 547,8 kcal Eiweiss / Proteine 7,2 g Kohlenhydrate 55 g Zucker 55 g Fett 33 g gesättigte Fettsäuren 20 g Natri…"
36817,Lindt Schoko Kugeln aus Vollmilch Lindor Kissenpackung 325g 4er Pack,NUTRITION,OK,8,all_checks_passed,"Brennwert: 2574 kJ / 620 kcal Fett: 48 g davon gesättigte Fettsäuren: 34 g Kohlenhydrate: 43 g davon Zucker: 40 g Eiweiß: 4,9 g Salz: 0,15 g"
36818,Lindt Lindor 60 Prozent Cacao Dunkle Schokolade 100g 10er Pack,NUTRITION,OK,8,all_checks_passed,"Energie / Brennwert 2692kJ / 650 kcal Fett 54,0 g gesättigte Fettsäuren 39,0 g Kohlenhydrate 35,0 g davon Zucker 11,0 g Eiweiß 4,6 g Salz 0…"
37843,Lindt Goldstücke Pralines in Geschenkverpackung 180g 2er Pack,NUTRITION,OK_WITH_WARNINGS,8,"unparseable_numeric_fragment:0, | plausibility_out_of_range:kcal:2396.0 not in [0.0, 900.0] | energy_mismatch:kJ=575.0 inconsistent_with_kcal=2396.0 | warnings_present","Brennwert: 575,00 Kilokalorien (kcal) Brennwert: 2.396,00 Kilojoule (kJ) Fett: 38,00 Fett, davon gesättigte Fettsäuren: 21,00 Kohlenhydrate…"
37844,Lindt Goldstücke Pralines in Geschenkverpackung 180g 3er Pack,NUTRITION,OK_WITH_WARNINGS,8,"plausibility_out_of_range:kcal:535838.0 not in [0.0, 900.0] | energy_mismatch:kJ=2242.0 inconsistent_with_kcal=535838.0 | warnings_present",Energie (kJ) 2242 kJ Energie (kcal) 535.838 kcal Fett 32 Gramm davon: - Gesättigte Fettsäuren 16 Gramm Kohlenhydrate 53 Gramm davon: - Zuck…
37852,Lindt Nougat Baumbehang Pralinen aus Vollmilchschokolade 100g,NUTRITION,OK_WITH_WARNINGS,9,"unparseable_numeric_fragment:8, | unparseable_numeric_fragment:0, | plausibility_out_of_range:kcal:2347.0 not in [0.0, 900.0] | energy_mismatch:kJ=563.0 inconsistent_with_kcal=2347.0 | warnings_present","Brennwert: 563 Kilokalorien (kcal) Brennwert: 2347 Kilojoule (kJ) Kohlenhydrate: 54g Kohlenhydrate, davon Zucker: 51g Fett: 34g Fett, davon…"
37871,Lindt Lindor Mini Schoko Kugeln mit zartschmelzender Füllung 100g,NUTRITION,OK_WITH_WARNINGS,8,"plausibility_out_of_range:kcal:2520.0 not in [0.0, 900.0] | energy_mismatch:kJ=606.0 inconsistent_with_kcal=2520.0 | warnings_present","Brennwert: 606,00 Kilokalorien (kcal) Brennwert: 2.520,00 Kilojoule (kJ) Fett: 44,00 Fett, davon gesättigte Fettsäuren: 33,00 Kohlenhydrate…"
38582,Lindt Weihnachtsmann Hohlfigur aus feinster Alpenvollmilch 70g,NUTRITION,OK_WITH_WARNINGS,8,"plausibility_out_of_range:kcal:2294.0 not in [0.0, 900.0] | energy_mismatch:kJ=550.0 inconsistent_with_kcal=2294.0 | warnings_present","Brennwert: 550,00 Kilokalorien (kcal) Brennwert: 2.294,00 Kilojoule (kJ) Fett: 33,00 Fett, davon gesättigte Fettsäuren: 20,00 Kohlenhydrate…"
39170,Lindt Weihnachtsmann Mütze mit Zartschmelzenden Lindor Minis 175g,NUTRITION,OK,8,all_checks_passed,Nährwertinformation pro 100 g Energie 2538 kJ 611 kcal Fett 45 g davon gesättigte Fettsäuren 34 g Kohlenhydrate 45 g davon Zucker 45 g Eiwe…
40080,Lindt Lindor Präsent Ei Vollmilch Schokolade mit Creme Füllung 300g,NUTRITION,OK,8,all_checks_passed,"Energie / Brennwert 2395 kJ / 575 kcal Fett 38 g gesättigte Fettsäuren 25 g Kohlenhydrate 51 g davon Zucker 49 g Eiweiß 6,3 g Salz 0,25 g"
40212,Lindt Lindor Geschenkverpackung einzeln gewickelte Kugeln 187g,NUTRITION,OK_WITH_WARNINGS,8,"unparseable_numeric_fragment:4, | unparseable_numeric_fragment:0, | plausibility_out_of_range:kcal:2564.0 not in [0.0, 900.0] | energy_mismatch:kJ=617.0 inconsistent_with_kcal=2564.0 | warnings_present","Brennwert: 617,00 Kilokalorien (kcal) Brennwert: 2.564,00 Kilojoule (kJ) Fett: 47g davon gesättigte Fettsäuren: 35g Kohlenhydrate: 43g davo…"
40425,Lindt Osterschaf Vollmilch Schokolade Schokoladenhohlkörper 40g,NUTRITION,OK,8,all_checks_passed,"Energie / Brennwert 2272 kJ / 544 kcal Fett 32 g gesättigte Fettsäuren 19 g Kohlenhydrate 56 g davon Zucker 54 g Eiweiß 7,2 g Salz 0,32 g"
40528,Lindt Mini Küken Hohlfiguren aus Alpenvollmilch Schokolade 50g,NUTRITION,OK_WITH_WARNINGS,8,"plausibility_out_of_range:kcal:2377.0 not in [0.0, 900.0] | energy_mismatch:kJ=570.0 inconsistent_with_kcal=2377.0 | warnings_present","Brennwert: 570,00 Kilokalorien (kcal) Brennwert: 2.377,00 Kilojoule (kJ) Fett: 37,00 Fett, davon gesättigte Fettsäuren: 22,00 Kohlenhydrate…"
40532,Lindt Mini Goldhasen Hohlfigur aus Alpenvollmilch Schokolade 50g,NUTRITION,OK,8,all_checks_passed,"Energie / Brennwert 2350 kJ / 564 kcal Fett 36 g gesättigte Fettsäuren 22 g Kohlenhydrate 52 g davon Zucker 50 g Eiweiß 7,1 g Salz 0,31 g"
40569,Lindt Goldstücke Pralines in weihnachtlicher Geschenkverpackung 180g,NUTRITION,OK_WITH_WARNINGS,8,"plausibility_out_of_range:kcal:2242.0 not in [0.0, 900.0] | energy_mismatch:kJ=537.0 inconsistent_with_kcal=2242.0 | warnings_present","Brennwert: 537,00 Kilokalorien (kcal) Brennwert: 2.242,00 Kilojoule (kJ) Fett: 32,00 Fett, davon gesättigte Fettsäuren: 16,00 Kohlenhydrate…"
40950,Lindt Mini Weihnachtsmänner aus Alpenvollmilchschokolade 50g,NUTRITION,OK_WITH_WARNINGS,8,"plausibility_out_of_range:kcal:2377.0 not in [0.0, 900.0] | energy_mismatch:kJ=570.0 inconsistent_with_kcal=2377.0 | warnings_present","Brennwert: 570,00 Kilokalorien (kcal) Brennwert: 2.377,00 Kilojoule (kJ) Fett: 37,00 Fett, davon gesättigte Fettsäuren: 22,00 Kohlenhydrate…"
41198,Lindt Weihnachtsmann Hohlfigur aus Alpenmilchschokolade 125g,NUTRITION,OK_WITH_WARNINGS,8,"plausibility_out_of_range:kcal:2294.0 not in [0.0, 900.0] | energy_mismatch:kJ=550.0 inconsistent_with_kcal=2294.0 | warnings_present","Brennwert: 550,00 Kilokalorien (kcal) Brennwert: 2.294,00 Kilojoule (kJ) Fett: 33,00 Fett, davon gesättigte Fettsäuren: 20,00 Kohlenhydrate…"
41269,Lindt Excellence Orange Intense Feinherbe Schokoladentafel 100g,NUTRITION,OK,8,all_checks_passed,"Energie / Brennwert 2228 kJ / 534 kcal Fett 32,0 g gesättigte Fettsäuren 17,0 g Kohlenhydrate 51,0 g davon Zucker 46,0 g Eiweiß 6,9 g Salz …"
41335,Lindt Mini Engel mit Perforation aus Alpenvollmilchschokolade 50g,NUTRITION,OK_WITH_WARNINGS,8,"plausibility_out_of_range:kcal:2377.0 not in [0.0, 900.0] | energy_mismatch:kJ=570.0 inconsistent_with_kcal=2377.0 | warnings_present","Brennwert: 570,00 Kilokalorien (kcal) Brennwert: 2.377,00 Kilojoule (kJ) Fett: 37,00 Fett, davon gesättigte Fettsäuren: 22,00 Kohlenhydrate…"
41711,Lindt Weihnachtsmann Hohlfigur aus Alpenvollmilchschokolade 40g,NUTRITION,OK_WITH_WARNINGS,9,"unparseable_numeric_fragment:7, | unparseable_numeric_fragment:0, | plausibility_out_of_range:kcal:2272.0 not in [0.0, 900.0] | energy_mismatch:kJ=544.0 inconsistent_with_kcal=2272.0 | warnings_present","Brennwert: 544 Kilokalorien (kcal) Brennwert: 2272 Kilojoule (kJ) Kohlenhydrate: 56g Kohlenhydrate, davon Zucker: 54g Fett: 32g Fett, davon…"
41712,Lindt Weihnachtsmann Figur aus Alpenvollmilch Schokolade 200g,NUTRITION,OK,8,all_checks_passed,"Energie 2277 kJ 545 kcal Fett 32 g davon gesättigte Fettsäuren 20 g Kohlenhydrate 56 g davon Zucker 55 g Eiweiß 7,4 g Salz 0,20 g"
41713,Lindt Weihnachtsmann Edelbitter aus Edelbitterschokolade 125g,NUTRITION,OK,8,all_checks_passed,"Energie 2328 kJ 561 kcal Fett 39 g davon gesättigte Fettsäuren 24 g Kohlenhydrate 39 g davon Zucker 35 g Eiweiß 7,9 g Salz 0,04 g"
42163,Lindt Weihnachtsmann Hohlfigur aus Alpenvollmilch 70g 27er Pack,NUTRITION,OK,7,all_checks_passed,"Energie 2294 kJ 550 kcal Fett 33 g davon ges. Fettsäuren 20 g Kohlenhydrate 55 g davon Zucker 55 g Eiweiß 7,2 g Salz 0,20 g"
42211,Lindt Frohes Fest Pralines Mischung aus Pralinen 8fach sortiert 180g,NUTRITION,OK_WITH_WARNINGS,8,"plausibility_out_of_range:kcal:2194.0 not in [0.0, 900.0] | energy_mismatch:kJ=526.0 inconsistent_with_kcal=2194.0 | warnings_present","Brennwert: 526,00 Kilokalorien (kcal) Brennwert: 2.194,00 Kilojoule (kJ) Fett: 30,00 Fett, davon gesättigte Fettsäuren: 15,00 Kohlenhydrate…"
42295,Lindt Teddy Schoko Spaß Mini Kugeln Mischung mit Füllung 145g,NUTRITION,OK,7,all_checks_passed,"Energie 2365 kJ 567 kcal Fett 35 g davon ges. Fettsäuren 19 g Kohlenhydrate 55 g davon Zucker 53 g Eiweiß 7,0 g Salz 0,18 g"
42335,Lindt Mini Schneemänner Figuren aus Alpenvollmilchschokolade 50g,NUTRITION,OK_WITH_WARNINGS,8,"plausibility_out_of_range:kcal:2377.0 not in [0.0, 900.0] | energy_mismatch:kJ=570.0 inconsistent_with_kcal=2377.0 | warnings_present","Brennwert: 570,00 Kilokalorien (kcal) Brennwert: 2.377,00 Kilojoule (kJ) Fett: 37,00 Fett, davon gesättigte Fettsäuren: 22,00 Kohlenhydrate…"
42679,Lindt Weihnachtsmann Weiss aus weißer Schokolade mit Glöckchen 125g,NUTRITION,OK,8,all_checks_passed,"Energie 2386 kJ 572 kcal Fett 36 g davon gesättigte Fettsäuren 22 g Kohlenhydrate 55 g davon Zucker 55 g Eiweiß 7,0 g Salz 0,25 g"
42903,Lindt Edelbitter Adventskalender gefüllt mit Schokolade 250g 3er Pack,NUTRITION,OK_WITH_WARNINGS,8,energy_mismatch:kJ=2336.0 inconsistent_with_kcal=612.0 | warnings_present,"Energie 2336 kJ 612 kcal Fett 48 g davon gesättigte Fettsäuren 33 g Kohlenhydrate 37 g davon Zucker 35 g Eiweiß 5,1 g Salz 0,04 g"
43127,Lindt Blätterkrokant Ostereier Gianduja Haselnuss Milch Schoko 85g,NUTRITION,OK,8,all_checks_passed,"Energie / Brennwert 2162 kJ / 516 kcal Fett 24 g gesättigte Fettsäuren 6 g Kohlenhydrate 66 g davon Zucker 62 g Eiweiß 7,5 g Salz 0,12 g"
43128,Lindt Cognac Eier Ostereier aus Zartbitter Schokolade 5 Stück 90g,NUTRITION,OK_WITH_WARNINGS,8,"plausibility_out_of_range:kcal:1867.0 not in [0.0, 900.0] | energy_mismatch:kJ=434.0 inconsistent_with_kcal=1867.0 | warnings_present","Brennwert: 434,00 Kilokalorien (kcal) Brennwert: 1.867,00 Kilojoule (kJ) Fett: 22,00 Fett, davon gesättigte Fettsäuren: 14,00 Kohlenhydrate…"
43409,Lindt Mini Tisch Adventskalender Weihnachtszauber mit Schokolade 115g,NUTRITION,OK,8,all_checks_passed,"Energie 2409 kJ 578 kcal Fett 38 g davon gesättigte Fettsäuren 24 g Kohlenhydrate 51 g davon Zucker 49 g Eiweiß 6,6 g Salz 0,15 g"
43410,Lindt Mini Tisch Adventskalender Frohes Fest mit Schokolade 115g,NUTRITION,OK,8,all_checks_passed,"Energie 2398 kJ 576 kcal Fett 38 g davon gesättigte Fettsäuren 25 g Kohlenhydrate 51 g davon Zucker 50 g Eiweiß 6,6 g Salz 0,18 g"
43477,Lindt Excellence Meersalz feine und herbe Schokolade 100g 5er Pack,NUTRITION,OK_WITH_WARNINGS,8,"plausibility_out_of_range:salt_g:100.0 not in [0.0, 15.0] | warnings_present","Energie (KJ) per 100 g/ml 2205 KJ Energie (kcal) per 100 g/ml 529 kcal Fett per 100 g/ml 32.0 g Fett, davon gesättigte Fettsäuren pro 100 g…"
43599,Lindt Weihnachtsmann Figur aus Alpenvollmilch Schokolade 200g 2er Pack,NUTRITION,OK,8,all_checks_passed,"Energie 2277 kJ 545 kcal Fett 32 g davon gesättigte Fettsäuren 20 g Kohlenhydrate 56 g davon Zucker 55 g Eiweiß 7,4 g Salz 0,20 g"
43634,Lindt Hasen Nest mit Spezialitäten Eier Vollmilchschokolade 280g,NUTRITION,OK,8,all_checks_passed,"Energie: 2277kJ Energie:545kcal Fett: 32 g Fett, davon gesättigte Fettsäuren:20 g Kohlenhydrate:56 g Kohlenhydrate, davon Zucker: 55 g Eiwe…"
43738,Lindt Weihnachts Nüsse mit karamellisierte Haselnüsse und Zimt 100g,NUTRITION,OK_WITH_WARNINGS,8,"plausibility_out_of_range:kcal:2357.0 not in [0.0, 900.0] | energy_mismatch:kJ=566.0 inconsistent_with_kcal=2357.0 | warnings_present","Brennwert: 566,00 Kilokalorien (kcal) Brennwert: 2.357,00 Kilojoule (kJ) Fett: 37,00 Fett, davon gesättigte Fettsäuren: 13,00 Kohlenhydrate…"
43980,Lindt Spezialitäten Minis einzelne gefüllte Mini Ostereier 100g,NUTRITION,OK,8,all_checks_passed,"Energie / Brennwert 2333 kJ / 559 kcal Fett 34 g gesättigte Fettsäuren 20 g Kohlenhydrate 55 g davon Zucker 51 g Eiweiß 7,3 g Salz 0,26 g"
44071,Lindt Weihnachts Markt Pralinen Mischung 7 fach sortiert 200g,NUTRITION,OK_WITH_WARNINGS,8,"plausibility_out_of_range:kcal:534882.0 not in [0.0, 900.0] | energy_mismatch:kJ=2238.0 inconsistent_with_kcal=534882.0 | warnings_present",Energie (kJ) 2238 kJ Energie (kcal) 534.882 kcal Fett 32 Gramm davon: - Gesättigte Fettsäuren 14 Gramm Kohlenhydrate 53 Gramm davon: - Zuck…
44075,Lindt Weihnachts Zauber Pralines aus Alpenvollmilchschokolade 200g,NUTRITION,OK_WITH_WARNINGS,8,"plausibility_out_of_range:kcal:2232.0 not in [0.0, 900.0] | energy_mismatch:kJ=536.0 inconsistent_with_kcal=2232.0 | warnings_present","Brennwert: 536,00 Kilokalorien (kcal) Brennwert: 2.232,00 Kilojoule (kJ) Fett: 34,00 Fett, davon gesättigte Fettsäuren: 14,00 Kohlenhydrate…"
44151,Lindt Goldstücke Trüffel Herz Duo aus Alpenvollmilchschokolade 50g,NUTRITION,OK_WITH_WARNINGS,8,"plausibility_out_of_range:kcal:2038.0 not in [0.0, 900.0] | energy_mismatch:kJ=481.0 inconsistent_with_kcal=2038.0 | warnings_present","Nährwerte pro 100g: Brennwert: 481,00 Kilokalorien (kcal) Brennwert: 2.038,00 Kilojoule (kJ) Fett: 27,00 Fett, davon gesättigte Fettsäuren:…"
44228,Lindt HELLO Xmas Santa Hohlfigur aus Alpenvollmilch Schokolade 140g,NUTRITION,OK_WITH_WARNINGS,9,"plausibility_out_of_range:kcal:548266.0 not in [0.0, 900.0] | energy_mismatch:kJ=2294.0 inconsistent_with_kcal=548266.0 | warnings_present",Energie (kJ) 2294 kJ Energie (kcal) 548.266 kcal Fett 33 Gramm davon: - Gesättigte Fettsäuren 20 Gramm Kohlenhydrate 55 Gramm davon: - Zuck…
44451,Lindt Weihnachts Marzipan Selection in dekorativer Verpackung 175g,NUTRITION,OK,8,all_checks_passed,"Brennwert kJ 2.178 kJ Brennwert kcal 520 kcal Fett 30 g Davon gesättigte Fettsäuren 10 g Kohlenhydrate 51 g Davon Zucker 49 g Eiweiß 8,1 g …"
44545,Lindt Tanne Vollmilch Schoko Kugeln mit zartschmelzender Füllung 187g,NUTRITION,OK_WITH_WARNINGS,8,"plausibility_out_of_range:kcal:2574.0 not in [0.0, 900.0] | energy_mismatch:kJ=620.0 inconsistent_with_kcal=2574.0 | warnings_present","Brennwert: 620,00 Kilokalorien (kcal) Brennwert: 2.574,00 Kilojoule (kJ) Fett: 48,00 Fett, davon gesättigte Fettsäuren: 34,00 Kohlenhydrate…"
44645,Lindt Edelbitter Adventskalender gefüllt mit Schokolade 250g 2er Pack,NUTRITION,OK_WITH_WARNINGS,8,energy_mismatch:kJ=2336.0 inconsistent_with_kcal=612.0 | warnings_present,"Energie 2336 kJ 612 kcal Fett 48 g davon gesättigte Fettsäuren 33 g Kohlenhydrate 37 g davon Zucker 35 g Eiweiß 5,1 g Salz 0,04 g"
44715,Lindt und Sprüngli mit 90 Prozent Cacao Excellence Edelbitter 100g,NUTRITION,OK,8,all_checks_passed,Nährwerte pro 100 g Energie 2483 kJ / 592 kcal Fett davon gesättigte Fettsäuren 55 g 30 g Kohlenhydrate davon Zucker 14 g 7 g Eiweiß 10 g S…
44939,Lindt Edelbitter Mousse Sauerkirsche Chili Tafelschokolade 150g,NUTRITION,OK_WITH_WARNINGS,8,"plausibility_out_of_range:salt_g:100.0 not in [0.0, 15.0] | warnings_present","Energie (KJ) per 100 g/ml 2208 KJ Energie (kcal) per 100 g/ml 530 kcal Fett per 100 g/ml 34.0 g Fett, davon gesättigte Fettsäuren pro 100 g…"
45490,Lindt Weihnachtsmann Hohlfigur aus Alpenvollmilch 70g 4er Pack,NUTRITION,OK,7,all_checks_passed,"Energie 2294 kJ 550 kcal Fett 33 g davon ges. Fettsäuren 20 g Kohlenhydrate 55 g davon Zucker 55 g Eiweiß 7,2 g Salz 0,20 g"
46037,Lindt Kleiner Dank Pralinen Mischung in schöner Geschenkverpackung 40g,NUTRITION,OK_WITH_WARNINGS,8,"plausibility_out_of_range:kcal:2183.0 not in [0.0, 900.0] | energy_mismatch:kJ=523.0 inconsistent_with_kcal=2183.0 | warnings_present","Brennwert: 523,00 Kilokalorien (kcal) Brennwert: 2.183,00 Kilojoule (kJ) Fett: 31,00 Fett, davon gesättigte Fettsäuren: 17,00 Kohlenhydrate…"
46347,Lindt Weihnachts Zauber Pralinenmischung aus Schokolade 100g,NUTRITION,OK,8,all_checks_passed,"Energie 2232 kJ 536 kcal Fett 34 g davon gesättigte Fettsäuren 14 g Kohlenhydrate 49 g davon Zucker 40 g Eiweiß 7,0 g Salz 0,30 g"
47000,Lindt Cognac Vollmilchschokolade mit einer feinen Zuckerkruste 100g,NUTRITION,OK_WITH_WARNINGS,8,"plausibility_out_of_range:salt_g:100.0 not in [0.0, 15.0] | warnings_present","Energie (KJ) per 100 g/ml 1959 KJ Energie (kcal) per 100 g/ml 468 kcal Fett per 100 g/ml 22.0 g Fett, davon gesättigte Fettsäuren pro 100 g…"
47045,Lindt Goldhase aus feiner und leckerer Vollmilch Schokolade 100g,NUTRITION,OK,8,all_checks_passed,"Energie / Brennwert 2272 kJ / 544 kcal Fett 32 g gesättigte Fettsäuren 19 g Kohlenhydrate 56 g davon Zucker 54 g Eiweiß 7,2 g Salz 0,32 g"
47488,Lindt Eierlikör Eier 25er Zartbitterschokolade und Eierlikör 450g,NUTRITION,OK,8,all_checks_passed,"Energie / Brennwert 2023 kJ / 485 kcal Fett 27 g gesättigte Fettsäuren 15 g Kohlenhydrate 45 g davon Zucker 42 g Eiweiß 4,6 g Salz 0,09 g"
47701,Lindt Goldstücke Rose Pralines in der Geschenkverpackung 300g,NUTRITION,OK_WITH_WARNINGS,8,"plausibility_out_of_range:kcal:2245.0 not in [0.0, 900.0] | energy_mismatch:kJ=538.0 inconsistent_with_kcal=2245.0 | warnings_present","Nährwertangaben:Brennwert: 538,00 Kilokalorien (kcal) Brennwert: 2.245,00 Kilojoule (kJ) Fett: 32,00 Fett, davon gesättigte Fettsäuren: 16,…"
47840,Lindt Excellence Meersalz feine und herbe Schokolade 100g 4er Pack,NUTRITION,OK_WITH_WARNINGS,8,"plausibility_out_of_range:salt_g:100.0 not in [0.0, 15.0] | warnings_present","Energie (KJ) per 100 g/ml 2205 KJ Energie (kcal) per 100 g/ml 529 kcal Fett per 100 g/ml 32.0 g Fett, davon gesättigte Fettsäuren pro 100 g…"
47847,Lindt Hasen Nest Alpenvollmilch 4fach sortiert mit Grußkärtchen 194g,NUTRITION,OK,8,all_checks_passed,"Energie / Brennwert 2444 kJ / 587 kcal Fett 39 g gesättigte Fettsäuren 23 g Kohlenhydrate 51 g davon Zucker 49 g Eiweiß 6,3 g Salz 0,2 g"
47885,Lindt Edel Nougat Riegel mit frisch gerösteten Haselnüssen 50g,NUTRITION,OK_WITH_WARNINGS,8,"plausibility_out_of_range:salt_g:100.0 not in [0.0, 15.0] | warnings_present","Energie (KJ) per 100 g/ml 2457 KJ Energie (kcal) per 100 g/ml 590 kcal Fett per 100 g/ml 38.0 g Fett, davon gesättigte Fettsäuren pro 100 g…"
47910,Lindt Mini Weihnachtsmänner Alpenvollmilch Schokolade 200g Dose,NUTRITION,OK_WITH_WARNINGS,8,"plausibility_out_of_range:kcal:2377.0 not in [0.0, 900.0] | energy_mismatch:kJ=570.0 inconsistent_with_kcal=2377.0 | warnings_present","Brennwert: 570,00 Kilokalorien (kcal) Brennwert: 2.377,00 Kilojoule (kJ) Fett: 37,00 Fett, davon gesättigte Fettsäuren: 22,00 Kohlenhydrate…"
47930,Lindt Goldstücke Pralines Rundschachtel Alpenvollmilchschokolade 140g,NUTRITION,OK,7,all_checks_passed,"Energie 2396 kJ 575 kcal Fett 38 g davon ges. Fettsäuren 21 g Kohlenhydrate 50 g davon Zucker 49 g Eiweiß 7,1 g Salz 0,47 g"
48226,Lindt Spezialitäten gefüllte Ostereier mit Geschenkverpackung 288g,NUTRITION,OK_WITH_WARNINGS,8,"plausibility_out_of_range:kcal:2321.0 not in [0.0, 900.0] | energy_mismatch:kJ=2321.0 inconsistent_with_kcal=2321.0 | warnings_present","rennwert: 555,00 Kilokalorien (kcal) Brennwert: 2.321,00 Kilojoule (kJ) Fett: 36,00 Fett, davon gesättigte Fettsäuren: 22,00 Kohlenhydrate:…"
48229,Lindt Weihnachts Nüsse mit karamellisierte Haselnüsse 100g 3er Pack,NUTRITION,OK_WITH_WARNINGS,8,"plausibility_out_of_range:kcal:2357.0 not in [0.0, 900.0] | energy_mismatch:kJ=566.0 inconsistent_with_kcal=2357.0 | warnings_present","Brennwert: 566,00 Kilokalorien (kcal) Brennwert: 2.357,00 Kilojoule (kJ) Fett: 37,00 Fett, davon gesättigte Fettsäuren: 13,00 Kohlenhydrate…"
48230,Lindt Baumbehang Vollmilchschokolade mit zarter Füllung 500g,NUTRITION,OK,8,all_checks_passed,"Brennwert: 2609 kJ 628 kcal Fett 48 g davon gesättigte Fettsäuren 37 g Kohlenhydrate 43 g davon Zucker 43 g Eiweiß 5,0 g Salz 0,12 g"
48565,Lindt Weihnachtsmarkt Adventskalender gefüllt mit Schokolade 250g,NUTRITION,OK_WITH_WARNINGS,8,"plausibility_out_of_range:kcal:2436.0 not in [0.0, 900.0] | energy_mismatch:kJ=585.0 inconsistent_with_kcal=2436.0 | warnings_present","Brennwert: 585,00 Kilokalorien (kcal) Brennwert: 2.436,00 Kilojoule (kJ) Fett: 39,00 Fett, davon gesättigte Fettsäuren: 22,00 Kohlenhydrate…"
48602,Lindt Klassische Spezialitäten Eier Kassette 5fach sortiert 216g,NUTRITION,OK,8,all_checks_passed,"Energie / Brennwert 2124 kJ / 503 kcal Fett 30 g gesättigte Fettsäuren 17 g Kohlenhydrate 49 g davon Zucker 49 g Eiweiß 4,9 g Salz 0,11 g"
48607,Lindt Hello Xmas Rocks Weihnachtsmann Hohlfigur 140g 3er Pack,NUTRITION,OK_WITH_WARNINGS,9,"unparseable_numeric_fragment:7, | unparseable_numeric_fragment:0, | plausibility_out_of_range:kcal:2272.0 not in [0.0, 900.0] | energy_mismatch:kJ=544.0 inconsistent_with_kcal=2272.0 | warnings_present","Brennwert: 544 Kilokalorien (kcal) Brennwert: 2272 Kilojoule (kJ) Kohlenhydrate: 56g Kohlenhydrate, davon Zucker: 54g Fett: 32g Fett, davon…"
48967,Lindt Weihnachts Chocolade Mandel geröstete Mandeln in Nuss Creme 100g,NUTRITION,OK_WITH_WARNINGS,8,"plausibility_out_of_range:kcal:2469.0 not in [0.0, 900.0] | energy_mismatch:kJ=593.0 inconsistent_with_kcal=2469.0 | warnings_present","Brennwert: 593,00 Kilokalorien (kcal) Brennwert: 2.469,00 Kilojoule (kJ) Fett: 39,00 Fett, davon gesättigte Fettsäuren: 17,00 Kohlenhydrate…"
49706,Lindt Cresta Kugeln aus Vollmilchschokolade und Krokant 101g 4er Pack,NUTRITION,OK_WITH_WARNINGS,8,"plausibility_out_of_range:kcal:2335.0 not in [0.0, 900.0] | energy_mismatch:kJ=559.0 inconsistent_with_kcal=2335.0 | warnings_present","Brennwert: 559,00 Kilokalorien (kcal) Brennwert: 2.335,00 Kilojoule (kJ) Fett: 33,00 Fett, davon gesättigte Fettsäuren: 15,00 Kohlenhydrate…"
49952,Lindt Cocos weiße Schokolade mit einer Kokos Creme Füllung 100g,NUTRITION,OK_WITH_WARNINGS,8,"plausibility_out_of_range:kcal:2426.0 not in [0.0, 900.0] | energy_mismatch:kJ=582.0 inconsistent_with_kcal=2426.0 | warnings_present","Brennwert: 582,00 Kilokalorien (kcal) Brennwert: 2.426,00 Kilojoule (kJ) Fett: 39,00 g Fett, davon gesättigte Fettsäuren: 24,00 g Kohlenhyd…"
50013,Lindt Schoko Kugeln Mix im Beutel mit zartschmelzender Füllung 145g,NUTRITION,OK,8,all_checks_passed,"Energie 2652 kJ 640 kcal Fett 51 g davon gesättigte Fettsäuren 36 g Kohlenhydrate 39 g davon Zucker 37 g Eiweiß 4,8 g Salz 0,12 g"
50019,Lindor Liliput Mini Eier Schokoladeneier mit zarter Füllung 100g,NUTRITION,OK_WITH_WARNINGS,8,"plausibility_out_of_range:kcal:2538.0 not in [0.0, 900.0] | energy_mismatch:kJ=611.0 inconsistent_with_kcal=2538.0 | warnings_present","Brennwert: 611,00 Kilokalorien (kcal) Brennwert: 2.538,00 Kilojoule (kJ) Fett: 45,00 Fett, davon gesättigte Fettsäuren: 34,00 Kohlenhydrate…"
50526,Lindt Edelbitter Mousse Orange mit der dunklen Mousse au Chocolat 150g,NUTRITION,OK_WITH_WARNINGS,8,"plausibility_out_of_range:salt_g:100.0 not in [0.0, 15.0] | warnings_present","Energie (KJ) per 100 g/ml 2207 KJ Energie (kcal) per 100 g/ml 530 kcal Fett per 100 g/ml 34.0 g Fett, davon gesättigte Fettsäuren pro 100 g…"
58078,Lindt Lindor Orange Milch Zartschmelzende Schokolade 100g 5er Pack,NUTRITION,OK,8,all_checks_passed,"Energie / Brennwert 2601kJ / 626 kcal Fett 48,0 g gesättigte Fettsäuren 36,0 g Kohlenhydrate 43,0 g davon Zucker 41,0 g Eiweiß 4,8 g Salz 0…"
58083,Lindt und Sprüngli Hello Salted Caramel Vollmilch 100g 6er Pack,NUTRITION,OK_WITH_WARNINGS,9,"unparseable_numeric_fragment:5, | unparseable_numeric_fragment:0, | plausibility_out_of_range:kcal:2143.0 not in [0.0, 900.0] | energy_mismatch:kJ=513.0 inconsistent_with_kcal=2143.0 | warnings_present","Brennwert: 513 Kilokalorien (kcal) Brennwert: 2143 Kilojoule (kJ) Kohlenhydrate: 57g Kohlenhydrate, davon Zucker: 52g Fett: 29g Fett, davon…"
58963,Lindt Lindor Kakao Feinherb Tafel Edelbitter Schokolade 100g,NUTRITION,OK_WITH_WARNINGS,8,"plausibility_out_of_range:salt_g:100.0 not in [0.0, 15.0] | warnings_present","Energie (KJ) per 100 g/ml 2692 KJ Energie (kcal) per 100 g/ml 650 kcal Fett per 100 g/ml 54.0 g Fett, davon gesättigte Fettsäuren pro 100 g…"
59350,Lindt Schoko Kugeln Weiß mit zartschmelzender Füllung Lindor 136g,NUTRITION,OK_WITH_WARNINGS,8,"plausibility_out_of_range:kcal:2651.0 not in [0.0, 900.0] | energy_mismatch:kJ=638.0 inconsistent_with_kcal=2651.0 | warnings_present","Nährwerte pro 100g: Brennwert: 638,00 Kilokalorien (kcal) Brennwert: 2.651,00 Kilojoule (kJ) Fett: 49,00 Fett, davon gesättigte Fettsäuren:…"
59353,Lindt Hello Salted Caramel mit zartschmelzende Schokolade 100g,NUTRITION,OK_WITH_WARNINGS,8,"plausibility_out_of_range:salt_g:100.0 not in [0.0, 15.0] | warnings_present","Energie (KJ) per 100 g/ml 2143 KJ Energie (kcal) per 100 g/ml 513 kcal Fett per 100 g/ml 29.0 g Fett, davon gesättigte Fettsäuren pro 100 g…"
59460,Lindt Lindor Adventskalender Kalender gefüllt mit Schokolade 290g,NUTRITION,OK,8,all_checks_passed,"Energie 2595 kJ 625 kcal Fett 48 g davon gesättigte Fettsäuren 35 g Kohlenhydrate 42 g davon Zucker 41 g Eiweiß 4,9 g Salz 0,15 g"
59462,Lindt Weihnachtsmarkt Tischkalender Mischung aus MiniKugeln 115g,NUTRITION,OK,8,all_checks_passed,"Energie 2350 kJ 564 kcal Fett 35 g davon gesättigte Fettsäuren 18 g Kohlenhydrate 54 g davon Zucker 48 g Eiweiß 7,0 g Salz 0,12 g"
59583,Lindt Mini Schoko Teddy Figuren aus Alpenvollmilchschokolade 200g,NUTRITION,OK_WITH_WARNINGS,8,"unparseable_numeric_fragment:0, | plausibility_out_of_range:kcal:2377.0 not in [0.0, 900.0] | energy_mismatch:kJ=570.0 inconsistent_with_kcal=2377.0 | warnings_present","Brennwert: 570,00 Kilokalorien (kcal) Brennwert: 2.377,00 Kilojoule (kJ) Fett: 37,00 Fett, davon gesättigte Fettsäuren: 22,00 Kohlenhydrate…"
59584,Lindt Weihnachts Nüsse Macadamia in Vollmilchschokolade 100g,NUTRITION,OK_WITH_WARNINGS,8,"plausibility_out_of_range:kcal:2554.0 not in [0.0, 900.0] | energy_mismatch:kJ=614.0 inconsistent_with_kcal=2554.0 | warnings_present","Brennwert: 614,00 Kilokalorien (kcal) Brennwert: 2.554,00 Kilojoule (kJ) Fett: 43,00 Fett, davon gesättigte Fettsäuren: 14,00 Kohlenhydrate…"
59585,Lindt Mini Schoko Figuren Mischung aus Vollmilchschokolade 200g,NUTRITION,OK_WITH_WARNINGS,8,"unparseable_numeric_fragment:0, | plausibility_out_of_range:kcal:2377.0 not in [0.0, 900.0] | energy_mismatch:kJ=570.0 inconsistent_with_kcal=2377.0 | warnings_present","Brennwert: 570,00 Kilokalorien (kcal) Brennwert: 2.377,00 Kilojoule (kJ) Fett: 37,00 Fett, davon gesättigte Fettsäuren: 22,00 Kohlenhydrate…"
59586,Lindt Weihnachts Mandeln Edelbitter mit dunkler Schokocreme 100g,NUTRITION,OK_WITH_WARNINGS,8,"plausibility_out_of_range:kcal:2395.0 not in [0.0, 900.0] | energy_mismatch:kJ=578.0 inconsistent_with_kcal=2395.0 | warnings_present","Brennwert: 578,00 Kilokalorien (kcal) Brennwert: 2.395,00 Kilojoule (kJ) Fett: 44,00 Fett, davon gesättigte Fettsäuren: 23,00 Kohlenhydrate…"
59590,Lindt Blätterkrokant Zapfen Doppeldreh aus Milchschokolade 90g,NUTRITION,OK_WITH_WARNINGS,8,"plausibility_out_of_range:kcal:2179.0 not in [0.0, 900.0] | energy_mismatch:kJ=520.0 inconsistent_with_kcal=2179.0 | warnings_present","Brennwert: 520,00 Kilokalorien (kcal) Brennwert: 2.179,00 Kilojoule (kJ) Fett: 24,00 Fett, davon gesättigte Fettsäuren: 5,00 Kohlenhydrate:…"
59593,Lindt Weihnachts Kostbarkeiten in Tannenbaum Geschenkverpackung 100g,NUTRITION,OK_WITH_WARNINGS,8,"unparseable_numeric_fragment:0, | plausibility_out_of_range:kcal:2272.0 not in [0.0, 900.0] | energy_mismatch:kJ=543.0 inconsistent_with_kcal=2272.0 | warnings_present","Brennwert: 543,00 Kilokalorien (kcal) Brennwert: 2.272,00 Kilojoule (kJ) Fett: 32,00 Fett, davon gesättigte Fettsäuren: 16,00 Kohlenhydrate…"
59594,Lindt Weihnachts Mandeln Classic mit Alpenvollmilchschokolade 100g,NUTRITION,OK_WITH_WARNINGS,8,"plausibility_out_of_range:kcal:538467.0 not in [0.0, 900.0] | energy_mismatch:kJ=2253.0 inconsistent_with_kcal=538467.0 | warnings_present",Energie (kJ) 2253 kJ Energie (kcal) 538.467 kcal Fett 31 Gramm davon: - Gesättigte Fettsäuren 12 Gramm Kohlenhydrate 53 Gramm davon: - Zuck…
59601,Hello Xmas Mini Santa Figuren aus feinster Vollmilchschokolade 50g,NUTRITION,OK_WITH_WARNINGS,9,"unparseable_numeric_fragment:7, | unparseable_numeric_fragment:0, | plausibility_out_of_range:kcal:2350.0 not in [0.0, 900.0] | energy_mismatch:kJ=564.0 inconsistent_with_kcal=2350.0 | warnings_present","Brennwert: 564 Kilokalorien (kcal) Brennwert: 2350 Kilojoule (kJ) Kohlenhydrate: 52g Kohlenhydrate, davon Zucker: 50g Fett: 36g Fett, davon…"
59606,Lindt Goldstücke Mini Tasche mit Alpenvollmilchschokolade 50g,NUTRITION,OK,8,all_checks_passed,"Energie 2275 kJ 545 kcal Fett 32 g davon gesättigte Fettsäuren 19 g Kohlenhydrate 56 g davon Zucker 56 g Eiweiß 7,3 g Salz 0,20 g"
59795,Lindt Excellence Meersalz feinherbe Schokolade mit Fleur de Sel 100g,NUTRITION,OK_WITH_WARNINGS,8,"plausibility_out_of_range:salt_g:100.0 not in [0.0, 15.0] | warnings_present","Energie (KJ) per 100 g/ml 2205 KJ Energie (kcal) per 100 g/ml 529 kcal Fett per 100 g/ml 32.0 g Fett, davon gesättigte Fettsäuren pro 100 g…"
60261,Lindt Hello Nice To Sweet You Cookies Cream Stick Cookiestückchen 39g,NUTRITION,OK_WITH_WARNINGS,8,"plausibility_out_of_range:salt_g:100.0 not in [0.0, 15.0] | warnings_present","Energie (KJ) per 100 g/ml 2362 KJ Energie (kcal) per 100 g/ml 567 kcal Fett per 100 g/ml 36.0 g Fett, davon gesättigte Fettsäuren pro 100 g…"
60326,Lindt Pralines Hochfein feinster Pralines Spezialitäten 120g,NUTRITION,OK_WITH_WARNINGS,8,"plausibility_out_of_range:salt_g:100.0 not in [0.0, 15.0] | warnings_present","Energie (KJ) per 100 g/ml 2340 KJ Energie (kcal) per 100 g/ml 562 kcal Fett per 100 g/ml 36.0 g Fett, davon gesättigte Fettsäuren pro 100 g…"
60346,Lindt Schoko Kugeln aus Vollmilch in Lindor Kissenpackung 325g,NUTRITION,OK,8,all_checks_passed,"Brennwert: 2574 kJ / 620 kcal Fett: 48 g davon gesättigte Fettsäuren: 34 g Kohlenhydrate: 43 g davon Zucker: 40 g Eiweiß: 4,9 g Salz: 0,15 g"
61088,Lindt Lindor Kakao Feinherb Tafel Edelbitter Schokolade 100g 5er Pack,NUTRITION,OK_WITH_WARNINGS,8,"plausibility_out_of_range:salt_g:100.0 not in [0.0, 15.0] | warnings_present","Energie (KJ) per 100 g/ml 2692 KJ Energie (kcal) per 100 g/ml 650 kcal Fett per 100 g/ml 54.0 g Fett, davon gesättigte Fettsäuren pro 100 g…"
64228,Lindt Lindor Dark Eier 5 einzeln gewickelte Ostereier mit Füllung 90g,NUTRITION,OK_WITH_WARNINGS,8,"plausibility_out_of_range:kcal:2654.0 not in [0.0, 900.0] | energy_mismatch:kJ=641.0 inconsistent_with_kcal=2654.0 | warnings_present","Brennwert: 641,00 Kilokalorien (kcal) Brennwert: 2.654,00 Kilojoule (kJ) Fett: 52,00 Fett, davon gesättigte Fettsäuren: 39,00 Kohlenhydrate…"
64270,Lindt Mix süße Mini Küken und Mini Lämmchen Alpenmilch Figur 200g,NUTRITION,OK_WITH_WARNINGS,8,"plausibility_out_of_range:kcal:2377.0 not in [0.0, 900.0] | energy_mismatch:kJ=570.0 inconsistent_with_kcal=2377.0 | warnings_present","Brennwert: 570,00 Kilokalorien (kcal) Brennwert: 2.377,00 Kilojoule (kJ) Fett: 37,00 Fett, davon gesättigte Fettsäuren: 22,00 Kohlenhydrate…"
64271,Lindt Eier Mischung Ostereier aus Alpenvollmilch 3fach sortiert 450g,NUTRITION,OK_WITH_WARNINGS,8,"plausibility_out_of_range:kcal:2487.0 not in [0.0, 900.0] | energy_mismatch:kJ=598.0 inconsistent_with_kcal=2487.0 | warnings_present","Brennwert: 598,00 Kilokalorien (kcal) Brennwert: 2.487,00 Kilojoule (kJ) Fett: 41,00 Fett, davon gesättigte Fettsäuren: 24,00 Kohlenhydrate…"
64272,Lindor Eier Mischung aus Vollmilch oder feinherbe Schokolade 450g,NUTRITION,OK_WITH_WARNINGS,8,"plausibility_out_of_range:kcal:2652.0 not in [0.0, 900.0] | energy_mismatch:kJ=639.0 inconsistent_with_kcal=2652.0 | warnings_present","Brennwert: 639,00 Kilokalorien (kcal) Brennwert: 2.652,00 Kilojoule (kJ) Fett: 50,00 Fett, davon gesättigte Fettsäuren: 37,00 Kohlenhydrate…"
64276,Lindt Kirschwasser Zartbitter Eier 25 einzeln gewickelte 450g,NUTRITION,OK_WITH_WARNINGS,8,"plausibility_out_of_range:kcal:1867.0 not in [0.0, 900.0] | energy_mismatch:kJ=434.0 inconsistent_with_kcal=1867.0 | warnings_present","Brennwert: 434,00 Kilokalorien (kcal) Brennwert: 1.867,00 Kilojoule (kJ) Fett: 22,00 Fett, davon gesättigte Fettsäuren: 14,00 Kohlenhydrate…"
64277,Lindt Mousse au Chocolat Eier 25 einzeln gewickelte Ostereier 450g,NUTRITION,OK_WITH_WARNINGS,8,"plausibility_out_of_range:kcal:2147.0 not in [0.0, 900.0] | energy_mismatch:kJ=515.0 inconsistent_with_kcal=2147.0 | warnings_present","Kohlenhydrate: 50,00 Kohlenhydrate, davon Zucker: 46,00 Eiweiß: 5,70 Salz: 0,12 Brennwert: 515,00 Kilokalorien (kcal) Brennwert: 2.147,00 K…"
64278,Lindt Trueffel A la Vanille 25 einzeln gewickelte Ostereier 450g,NUTRITION,OK_WITH_WARNINGS,8,"plausibility_out_of_range:kcal:2517.0 not in [0.0, 900.0] | energy_mismatch:kJ=605.0 inconsistent_with_kcal=2517.0 | warnings_present","Brennwert: 605,00 Kilokalorien (kcal) Brennwert: 2.517,00 Kilojoule (kJ) Fett: 43,00 Fett, davon gesättigte Fettsäuren: 27,00 Kohlenhydrate…"
64279,Lindt Marc de Champagne Trüffel Eier 25 einzeln gewickelte 450g,NUTRITION,OK,8,all_checks_passed,"Energie / Brennwert 2630 kJ / 634 kcal Fett 49 g gesättigte Fettsäuren 37 g Kohlenhydrate 42 g davon Zucker 42 g Eiweiß 5 g Salz 0,19 g"
64281,Lindt Nougat Eier leckere 25 einzeln gewickelte Ostereier 450g,NUTRITION,OK,8,all_checks_passed,"Energie / Brennwert 2434 kJ / 584 kcal Fett 38 g gesättigte Fettsäuren 18 g Kohlenhydrate 51 g davon Zucker 49 g Eiweiß 8,1 g Salz 0,15 g"
64282,Lindt Blätterkrokant Eier 25er Gianduja Haselnuss Milch 425g,NUTRITION,OK,8,all_checks_passed,"Energie / Brennwert 2162 kJ / 516 kcal Fett 24 g gesättigte Fettsäuren 6 g Kohlenhydrate 66 g davon Zucker 62 g Eiweiß 7,5 g Salz 0,12 g"
64289,Lindt Lindor Dark Eier 25 einzelne Ostereier mit Füllung 450g,NUTRITION,OK_WITH_WARNINGS,8,"plausibility_out_of_range:kcal:2645.0 not in [0.0, 900.0] | energy_mismatch:kJ=641.0 inconsistent_with_kcal=2645.0 | warnings_present","Brennwert: 641,00 Kilokalorien (kcal) Brennwert: 2.645,00 Kilojoule (kJ) Fett: 52,00 Fett, davon gesättigte Fettsäuren: 39,00 Kohlenhydrate…"
64307,Lindt Goldhase weiß aus feiner weißer Schokolade Hohlfigur 100g,NUTRITION,OK,8,all_checks_passed,"Energie / Brennwert 2341 kJ / 561 kcal Fett 35 g gesättigte Fettsäuren 22 g Kohlenhydrate 55 g davon Zucker 55 g Eiweiß 6,5 g Salz 0,21 g"
64322,Lindt Mörchen Hasenliebe Pärchen Nusscreme Vollmilch mit Herz 45g,NUTRITION,OK,8,all_checks_passed,"Energie 2355 kJ 565 kcal Fett 35 g davon gesättigte Fettsäuren 18 g Kohlenhydrate 54 g davon Zucker 51 g Eiweiß 7,2 g Salz 0,13 g"
64952,Lindor Milch rot Vollmilchschokolade mit zartschmelzender Füllung 100g,NUTRITION,OK_WITH_WARNINGS,8,"plausibility_out_of_range:salt_g:100.0 not in [0.0, 15.0] | warnings_present","Energie (KJ) per 100 g/ml 2585 KJ Energie (kcal) per 100 g/ml 622 kcal Fett per 100 g/ml 47.0 g Fett, davon gesättigte Fettsäuren pro 100 g…"
64953,Lindt Lindor Kugeln Mischung mit feinster Lindt Schokolade 137g,NUTRITION,OK_WITH_WARNINGS,8,"unparseable_numeric_fragment:4, | unparseable_numeric_fragment:0, | plausibility_out_of_range:kcal:2652.0 not in [0.0, 900.0] | energy_mismatch:kJ=640.0 inconsistent_with_kcal=2652.0 | warnings_present","Brennwert: 640,00 Kilokalorien (kcal) Brennwert: 2.652,00 Kilojoule (kJ) Fett: 51g davon gesättigte Fettsäuren: 36g Kohlenhydrate: 41g davo…"
64965,Lindor Kugeln Milch Schokolade mit einem zartschmelzendem Kern 137g,NUTRITION,OK,8,all_checks_passed,"Energie / Brennwert 2564 kJ / 617 kcal Fett 47,0 g gesättigte Fettsäuren 35,0 g Kohlenhydrate 43,0 g davon Zucker 43,0 g Eiweiß 4,6 g Salz …"
64986,Lindt Les Grandes 34 Prozent Haselnüsse in feinherber Schokolade 150g,NUTRITION,OK,8,all_checks_passed,"Energie / Brennwert 2381 kJ / 569 kcal Fett 40,0 g gesättigte Fettsäuren 13,0 g Kohlenhydrate 42,0 g davon Zucker 39,0 g Eiweiß 8,0 g Salz …"
64987,Lindt Les Grandes 32 Prozent Mandeln in weisser Schokolade 150g,NUTRITION,OK,8,all_checks_passed,"Energie / Brennwert 2451 kJ / 560 kcal Fett 42,0 g gesättigte Fettsäuren 17,0 g Kohlenhydrate 40,0 g davon Zucker 39,0 g Eiweiß 12,0 g Salz…"
64988,Lindt Les Grandes 34 Prozent Haselnüsse in Milchschokolade 150g,NUTRITION,OK,8,all_checks_passed,"Energie / Brennwert 2463 kJ / 593 kcal Fett 43,0 g gesättigte Fettsäuren 14,0 g Kohlenhydrate 41,0 g davon Zucker 39,0 g Eiweiß 8,7 g Salz …"
65042,Lindt Lindor feinherb unendlich zartschmelzende Schokolade 100g,NUTRITION,OK,8,all_checks_passed,"Energie / Brennwert 2589 kJ / 624 kcal Fett 48,0 g gesättigte Fettsäuren 36,0 g Kohlenhydrate 43,0 g davon Zucker 40,0 g Eiweiß 4,0 g Salz …"
65068,Lindt Lindor 60 Prozent Cacao zartschmelzende Dunkle Schokolade 100g,NUTRITION,OK,8,all_checks_passed,"Energie / Brennwert 2692kJ / 650 kcal Fett 54,0 g gesättigte Fettsäuren 39,0 g Kohlenhydrate 35,0 g davon Zucker 11,0 g Eiweiß 4,6 g Salz 0…"
73591,Lindt Pärchen Adventskalender mit Schokoladenpralinen gefüllt 505g,NUTRITION,OK,8,all_checks_passed,Energie (kJ) 2419 Energie (kcal) 581 Fett (g) 38.0 davon gesättigte Fettsäuren (g) 23.0 Kohlenhydrate (g) 52.0 davon Zucker (g) 50.0 Eiweiß…
73935,Lindt Lindor Weiß Tafelschokolade mit zartschmelzender Füllung 100g,NUTRITION,OK_WITH_WARNINGS,8,"unparseable_numeric_fragment:5, | unparseable_numeric_fragment:0, | plausibility_out_of_range:kcal:2667.0 not in [0.0, 900.0] | energy_mismatch:kJ=642.0 inconsistent_with_kcal=2667.0 | warnings_present","Brennwert: 642,00 Kilokalorien (kcal) Brennwert: 2.667,00 Kilojoule (kJ) Fett: 50g davon gesättigte Fettsäuren: 38g Kohlenhydrate: 43g davo…"
73957,Lindt Hello Caramel Brownie süßer Caramel Brownie Füllung 100g,NUTRITION,OK_WITH_WARNINGS,8,"unparseable_numeric_fragment:6, | unparseable_numeric_fragment:0, | plausibility_out_of_range:kcal:2254.0 not in [0.0, 900.0] | energy_mismatch:kJ=540.0 inconsistent_with_kcal=2254.0 | warnings_present","Brennwert: 540,00 Kilokalorien (kcal) Brennwert: 2.254,00 Kilojoule (kJ) Fett: 33g davon gesättigte Fettsäuren: 19g Kohlenhydrate: 53g davo…"
73973,Lindt Goldhasen Geschenk aus Alpenvollmilch Schokolade 500g 2er Pack,NUTRITION,OK,8,all_checks_passed,"Energie / Brennwert 2294 kJ / 547,8 kcal Eiweiss / Proteine 7,2 g Kohlenhydrate 55 g Zucker 55 g Fett 33 g gesättigte Fettsäuren 20 g Natri…"
73974,Lindt Goldhasen Geschenk aus Alpenvollmilch Schokolade 500g 3er Pack,NUTRITION,OK,8,all_checks_passed,"Energie / Brennwert 2294 kJ / 547,8 kcal Eiweiss / Proteine 7,2 g Kohlenhydrate 55 g Zucker 55 g Fett 33 g gesättigte Fettsäuren 20 g Natri…"
73975,Lindt Goldhasen Geschenk aus Alpenvollmilch Schokolade 500g 4er Pack,NUTRITION,OK,8,all_checks_passed,"Energie / Brennwert 2294 kJ / 547,8 kcal Eiweiss / Proteine 7,2 g Kohlenhydrate 55 g Zucker 55 g Fett 33 g gesättigte Fettsäuren 20 g Natri…"
73976,Lindt Goldhasen Geschenk aus Alpenvollmilch Schokolade 500g 5er Pack,NUTRITION,OK,8,all_checks_passed,"Energie / Brennwert 2294 kJ / 547,8 kcal Eiweiss / Proteine 7,2 g Kohlenhydrate 55 g Zucker 55 g Fett 33 g gesättigte Fettsäuren 20 g Natri…"
74018,Lindt Goldhase aus feiner Vollmilch Schokolade 100g 16er Pack,NUTRITION,OK,8,all_checks_passed,"Energie / Brennwert 2294 kJ / 547,8 kcal Eiweiss / Proteine 7,2 g Kohlenhydrate 55 g Zucker 55 g Fett 33 g gesättigte Fettsäuren 20 g Natri…"
74071,Lindt Lindor Eier weiße Schokolade mit zartschmelzender Füllung 450g,NUTRITION,OK,8,all_checks_passed,"Energie / Brennwert 2653 kJ / 639 kcal Fett 49 g gesättigte Fettsäuren 37 g Kohlenhydrate 44 g davon Zucker 44 g Eiweiß 5,4 g Salz 0,16 g"
80561,Lindt Cashew Kerne Vollmilchschokolade Weihnachts Spezialitäten 100g,NUTRITION,OK,8,all_checks_passed,"Brennwert: 2298 kJ 551 kcal Fett 34 g davon gesättigte Fettsäuren 16 g Kohlenhydrate 49 g davon Zucker 41 g Eiweiß 11,0 g Salz 0,12 g"
83997,Lindt Weihnachts Traditions Pralinen Mix in Geschenkverpackung 264g,NUTRITION,OK_WITH_WARNINGS,8,"plausibility_out_of_range:kcal:2161.0 not in [0.0, 900.0] | energy_mismatch:kJ=518.0 inconsistent_with_kcal=2161.0 | warnings_present","Brennwert: 518,00 Kilokalorien (kcal) Brennwert: 2.161,00 Kilojoule (kJ) Fett: 32,00 Fett, davon gesättigte Fettsäuren: 13,00 Kohlenhydrate…"
84021,Lindt Schneemann Schoko Hohlfigur aus Alpenvollmilchschokolade 40g,NUTRITION,OK_WITH_WARNINGS,8,"plausibility_out_of_range:kcal:2397.0 not in [0.0, 900.0] | energy_mismatch:kJ=575.0 inconsistent_with_kcal=2397.0 | warnings_present","Brennwert: 575,00 Kilokalorien (kcal) Brennwert: 2.397,00 Kilojoule (kJ) Fett: 38,00 Fett, davon gesättigte Fettsäuren: 23,00 Kohlenhydrate…"
84024,Lindt Schokoladen Teddybär aus Alpenmilchschokolade Hohlfigur 40g,NUTRITION,OK_WITH_WARNINGS,3,"plausibility_out_of_range:kcal:568103.0 not in [0.0, 900.0] | energy_mismatch:kJ=2377.0 inconsistent_with_kcal=568103.0 | warnings_present",Energie (kJ)2377 kJ Energie (kcal)568.103 kcal Fett37 Gramm - Gesättigte Fettsäuren22 Gramm Kohlenhydrate51 Gramm - Zucker50 Gramm Eiweiß7.…
84032,Lindt Frohe Festtage Pralinen Mischung in Geschenkverpackung 80g,NUTRITION,OK_WITH_WARNINGS,8,"plausibility_out_of_range:kcal:2347.0 not in [0.0, 900.0] | energy_mismatch:kJ=563.0 inconsistent_with_kcal=2347.0 | warnings_present","Brennwert: 563,00 Kilokalorien (kcal) Brennwert: 2.347,00 Kilojoule (kJ) Fett: 35,00 Fett, davon gesättigte Fettsäuren: 19,00 Kohlenhydrate…"
84145,Lindt Baumbehang Mischung mit Blätterkrokant Cresta und Nougat 484g,NUTRITION,OK_WITH_WARNINGS,8,"plausibility_out_of_range:kcal:2263.0 not in [0.0, 900.0] | energy_mismatch:kJ=542.0 inconsistent_with_kcal=2263.0 | warnings_present","Brennwert: 542,00 Kilokalorien (kcal) Brennwert: 2.263,00 Kilojoule (kJ) Fett: 30,00 Fett, davon gesättigte Fettsäuren: 12,00 Kohlenhydrate…"
84146,Lindt Creation Mischung 32 Kugeln aus Vollmilchschokolade 360g,NUTRITION,OK,8,all_checks_passed,"Brennwert: 2356 kJ 563 kcal Fett 38 g davon gesättigte Fettsäuren 24 g Kohlenhydrate 49 g davon Zucker 43 g Eiweiß 5,9 g Salz 0,13 g"
84188,Lindt Weihnachts Kostbarkeiten Trüffel Pralinen mit Butter 100g,NUTRITION,OK,8,all_checks_passed,"Energie 2293 kJ, Fett 33,4 g, davon gesättigte Fettsäuren 19,9 g, Kohlenhydrate 51,9 g, davon Zucker 49,8 g, Ballaststoffe 1,9 g, Eiweiß 9,…"
84398,Lindt Weihnachtsmann Nuss aus Alpenvollmilch Schokolade 125g 3er Pack,NUTRITION,OK,8,all_checks_passed,"Energie 2450 kJ 589 kcal Fett 42 g davon gesättigte Fettsäuren 19 g Kohlenhydrate 43 g davon Zucker 41 g Eiweiß 8,2 g Salz 0,16 g"
84402,Lindt Hand Crafted Weihnachtspralinen aus Schokolade 175g 2er Pack,NUTRITION,OK,8,all_checks_passed,"Energie 2229 kJ 534 kcal Fett 32 g davon gesättigte Fettsäuren 17 g Kohlenhydrate 53 g davon Zucker 47 g Eiweiß 6,9 g Salz 0,11 g"
84403,Lindt Hand Crafted kleine Tasche mit Vollmilch Schokolade 68g 6er Pack,NUTRITION,OK,8,all_checks_passed,"Energie 2444 kJ 587 kcal Fett 40 g davon gesättigte Fettsäuren 22 g Kohlenhydrate 49 g davon Zucker 42 g Eiweiß 6,8 g Salz 0,14 g"
84404,Lindt Hand Crafted kleines Kissen mit Schokolade 40g 6er Pack,NUTRITION,OK,8,all_checks_passed,"Energie 2274 kJ 545 kcal Fett 32 g davon gesättigte Fettsäuren 19 g Kohlenhydrate 56 g davon Zucker 56 g Eiweiß 7,2 g Salz 0,20 g"
84405,Lindt Hand Crafted Tasche mit Vollmilchschokolade 137g 3er Pack,NUTRITION,OK_WITH_WARNINGS,8,"plausibility_out_of_range:kcal:2408.0 not in [0.0, 900.0] | energy_mismatch:kJ=578.0 inconsistent_with_kcal=2408.0 | warnings_present","Brennwert: 578,00 Kilokalorien (kcal) Brennwert: 2.408,00 Kilojoule (kJ) Fett: 38,00 Fett, davon gesättigte Fettsäuren: 21,00 Kohlenhydrate…"
84408,Lindt Weihnachts Kostbarkeiten Samt Pralines aus Schokolade 200g,NUTRITION,OK,8,all_checks_passed,"Energie 2195 kJ 526 kcal Fett 31 g davon gesättigte Fettsäuren 17 g Kohlenhydrate 52 g davon Zucker 45 g Eiweiß 6,8 g Salz 0,12 g"
84410,Lindt Dunkler Mischbeutel gefüllt mit Schokolade 150g 6er Pack,NUTRITION,OK,8,all_checks_passed,"Energie 2343 kJ 563 kcal Fett 36 g davon gesättigte Fettsäuren 21 g Kohlenhydrate 51 g davon Zucker 47 g Eiweiß 5,6 g Salz 0,03 g"
84462,Lindt Blätterkrokant Doppeldreh aus Milchschokolade 450g 4er Pack,NUTRITION,OK_WITH_WARNINGS,8,"plausibility_out_of_range:kcal:2179.0 not in [0.0, 900.0] | energy_mismatch:kJ=520.0 inconsistent_with_kcal=2179.0 | warnings_present","Brennwert: 520,00 Kilokalorien (kcal) Brennwert: 2.179,00 Kilojoule (kJ) Fett: 24,00 Fett, davon gesättigte Fettsäuren: 5,00 Kohlenhydrate:…"
85656,Lindt Weihnachtsmarkt Pralinen aus Vollmilch Schokolade 130g 4er Pack,NUTRITION,OK,8,all_checks_passed,"Energie 2147 kJ 514 kcal Fett 30 g davon gesättigte Fettsäuren 13 g Kohlenhydrate 52 g davon Zucker 47 g Eiweiß 7,3 g Salz 0,74 g"
85658,Lindt Weihnachtsmann Figur aus Alpenvollmilch Schokolade 200g 4er Pack,NUTRITION,OK,8,all_checks_passed,"Energie 2277 kJ 545 kcal Fett 32 g davon gesättigte Fettsäuren 20 g Kohlenhydrate 56 g davon Zucker 55 g Eiweiß 7,4 g Salz 0,20 g"
85677,Lindt Weihnachtsmann Edelbitter aus Edelbitterschokolade 125g 3er Pack,NUTRITION,OK,8,all_checks_passed,"Energie 2328 kJ 561 kcal Fett 39 g davon gesättigte Fettsäuren 24 g Kohlenhydrate 39 g davon Zucker 35 g Eiweiß 7,9 g Salz 0,04 g"
85680,Lindt Weihnachtsmann Weiss aus Schokolade mit Glöckchen 125g 3er Pack,NUTRITION,OK,8,all_checks_passed,"Energie 2386 kJ 572 kcal Fett 36 g davon gesättigte Fettsäuren 22 g Kohlenhydrate 55 g davon Zucker 55 g Eiweiß 7,0 g Salz 0,25 g"
85934,Lindt Goldstücke Mini Tasche mit Alpenvollmilchschokolade 50g 4er Pack,NUTRITION,OK,8,all_checks_passed,"Energie 2275 kJ 545 kcal Fett 32 g davon gesättigte Fettsäuren 19 g Kohlenhydrate 56 g davon Zucker 56 g Eiweiß 7,3 g Salz 0,20 g"
85943,Lindt Hello Xmas Mini Santa aus Vollmilchschokolade 50g 5er Pack,NUTRITION,OK_WITH_WARNINGS,9,"unparseable_numeric_fragment:7, | unparseable_numeric_fragment:0, | plausibility_out_of_range:kcal:2350.0 not in [0.0, 900.0] | energy_mismatch:kJ=564.0 inconsistent_with_kcal=2350.0 | warnings_present","Brennwert: 564 Kilokalorien (kcal) Brennwert: 2350 Kilojoule (kJ) Kohlenhydrate: 52g Kohlenhydrate, davon Zucker: 50g Fett: 36g Fett, davon…"
85952,Lindt Weihnachts Zauber Pralinenmischung aus Schokolade 100g 2er Pack,NUTRITION,OK,8,all_checks_passed,"Energie 2232 kJ 536 kcal Fett 34 g davon gesättigte Fettsäuren 14 g Kohlenhydrate 49 g davon Zucker 40 g Eiweiß 7,0 g Salz 0,30 g"
85953,Lindt Blätterkrokant Zapfen Doppeldreh aus Schokolade 90g 4er Pack,NUTRITION,OK_WITH_WARNINGS,8,"plausibility_out_of_range:kcal:2179.0 not in [0.0, 900.0] | energy_mismatch:kJ=520.0 inconsistent_with_kcal=2179.0 | warnings_present","Brennwert: 520,00 Kilokalorien (kcal) Brennwert: 2.179,00 Kilojoule (kJ) Fett: 24,00 Fett, davon gesättigte Fettsäuren: 5,00 Kohlenhydrate:…"
85981,Lindt Orangen Marzipan Riegel mit einer spritzigen Apfelsinennote 50g,NUTRITION,OK_WITH_WARNINGS,8,"unparseable_numeric_fragment:5, | unparseable_numeric_fragment:0, | plausibility_out_of_range:kcal:1914.0 not in [0.0, 900.0] | energy_mismatch:kJ=456.0 inconsistent_with_kcal=1914.0 | warnings_present","Brennwert: 456,00 Kilokalorien (kcal) Brennwert: 1.914,00 Kilojoule (kJ) Fett: 18g davon gesättigte Fettsäuren: 6g Kohlenhydrate: 64g davon…"
86539,Lindt Lindor Weiß Tafel mit zartschmelzender Füllung 100g 6er Pack,NUTRITION,OK_WITH_WARNINGS,8,"unparseable_numeric_fragment:5, | unparseable_numeric_fragment:0, | plausibility_out_of_range:kcal:2667.0 not in [0.0, 900.0] | energy_mismatch:kJ=642.0 inconsistent_with_kcal=2667.0 | warnings_present","Brennwert: 642,00 Kilokalorien (kcal) Brennwert: 2.667,00 Kilojoule (kJ) Fett: 50g davon gesättigte Fettsäuren: 38g Kohlenhydrate: 43g davo…"
87108,Lindt Hello Caramel Brownie Caramel Brownie Füllung 100g 6er Pack,NUTRITION,OK_WITH_WARNINGS,8,"unparseable_numeric_fragment:6, | unparseable_numeric_fragment:0, | plausibility_out_of_range:kcal:2254.0 not in [0.0, 900.0] | energy_mismatch:kJ=540.0 inconsistent_with_kcal=2254.0 | warnings_present","Brennwert: 540,00 Kilokalorien (kcal) Brennwert: 2.254,00 Kilojoule (kJ) Fett: 33g davon gesättigte Fettsäuren: 19g Kohlenhydrate: 53g davo…"
87113,Lindt Creation Creme Brulee mit knusprigem Caramel 150g 7er Pack,NUTRITION,OK,8,all_checks_passed,"Energie / Brennwert 2430 kJ / 583 kcal Fett 39,0 g gesättigte Fettsäuren 23,0 g Kohlenhydrate 53,0 g davon Zucker 51,0 g Eiweiß 5,3 g Salz …"
87408,Lindt Cognac Vollmilch mit einer feinen Zuckerkruste 100g 4er Pack,NUTRITION,OK_WITH_WARNINGS,8,"plausibility_out_of_range:salt_g:100.0 not in [0.0, 15.0] | warnings_present","Energie (KJ) per 100 g/ml 1959 KJ Energie (kcal) per 100 g/ml 468 kcal Fett per 100 g/ml 22.0 g Fett, davon gesättigte Fettsäuren pro 100 g…"
87691,Lindt Excellence Orange Intense Feinherbe Schokolade 100g 4er Pack,NUTRITION,OK,8,all_checks_passed,"Energie / Brennwert 2228 kJ / 534 kcal Fett 32,0 g gesättigte Fettsäuren 17,0 g Kohlenhydrate 51,0 g davon Zucker 46,0 g Eiweiß 6,9 g Salz …"
87692,Lindt Swiss Premium Chocolate Alpenvollmilch Extra Tafel 300g 2er Pack,NUTRITION,OK_WITH_WARNINGS,8,"plausibility_out_of_range:salt_g:100.0 not in [0.0, 15.0] | warnings_present","Energie (KJ) per 100 g/ml 2242 KJ Energie (kcal) per 100 g/ml 537 kcal Fett per 100 g/ml 31.0 g Fett, davon gesättigte Fettsäuren pro 100 g…"
87896,Lindt & Sprüngli Edel-Nougat Zartschmeldzender Riegel 50g 25er Pack,NUTRITION,OK_WITH_WARNINGS,8,"unparseable_numeric_fragment:7, | plausibility_out_of_range:kcal:2484.0 not in [0.0, 900.0] | energy_mismatch:kJ=597.0 inconsistent_with_kcal=2484.0 | warnings_present","Brennwert: 597(kcal) Brennwert: 2.484(kJ) Fett: 39g Fett, davon gesättigte Fettsäuren: 13g Kohlenhydrate: 51g Kohlenhydrate, davon Zucker: …"
88499,Lindt Nougat Vollmilch Schokoladen Eier gefüllt Blumen Edition 90g,NUTRITION,OK_WITH_WARNINGS,8,"plausibility_out_of_range:kcal:2434.0 not in [0.0, 900.0] | energy_mismatch:kJ=584.0 inconsistent_with_kcal=2434.0 | warnings_present","Brennwert: 584,00 Kilokalorien (kcal) Brennwert: 2.434,00 Kilojoule (kJ) Fett: 38,00 Fett, davon gesättigte Fettsäuren: 18,00 Kohlenhydrate…"
88500,Lindt Nougat Vollmilch Schokoladen Eier Blumen Edition 540g 6er Pack,NUTRITION,OK_WITH_WARNINGS,8,"plausibility_out_of_range:kcal:2434.0 not in [0.0, 900.0] | energy_mismatch:kJ=584.0 inconsistent_with_kcal=2434.0 | warnings_present","Brennwert: 584,00 Kilokalorien (kcal) Brennwert: 2.434,00 Kilojoule (kJ) Fett: 38,00 Fett, davon gesättigte Fettsäuren: 18,00 Kohlenhydrate…"
88503,Lindt Blumen Edition Mini Eier Alpenvollmilch einzeln verpackt 180g,NUTRITION,OK_WITH_WARNINGS,8,"plausibility_out_of_range:kcal:543486.0 not in [0.0, 900.0] | energy_mismatch:kJ=2274.0 inconsistent_with_kcal=543486.0 | warnings_present",Portionsgröße 100 Gramm Energie (kJ) 2274.00 kJ Energie (kcal) 543.486 kcal Fett 32.00 Gramm davon: - Gesättigte Fettsäuren 19.00 Gramm Koh…
88505,Lindt Blumen Edition Mini Eier Alpenvollmilch Blümchen Dekor 5er Pack,NUTRITION,OK_WITH_WARNINGS,8,"plausibility_out_of_range:kcal:543486.0 not in [0.0, 900.0] | energy_mismatch:kJ=2274.0 inconsistent_with_kcal=543486.0 | warnings_present",Portionsgröße 100 Gramm Energie (kJ) 2274.00 kJ Energie (kcal) 543.486 kcal Fett 32.00 Gramm davon: - Gesättigte Fettsäuren 19.00 Gramm Koh…
88506,Lindt Goldhasen Hohlkörper Mini im Blumen Print Edition 50g 6er Pack,NUTRITION,OK_WITH_WARNINGS,8,"plausibility_out_of_range:kcal:2377.0 not in [0.0, 900.0] | energy_mismatch:kJ=570.0 inconsistent_with_kcal=2377.0 | warnings_present","Brennwert: 570,00 Kilokalorien (kcal) Brennwert: 2.377,00 Kilojoule (kJ) Fett: 37,00 Fett, davon gesättigte Fettsäuren: 22,00 Kohlenhydrate…"
88507,Lindt Goldhase Blumen Print Alpenvollmilch Schokolade 100g 8er Pack,NUTRITION,OK_WITH_WARNINGS,8,"plausibility_out_of_range:kcal:2277.0 not in [0.0, 900.0] | energy_mismatch:kJ=545.0 inconsistent_with_kcal=2277.0 | warnings_present","Brennwert: 545,00 Kilokalorien (kcal) Brennwert: 2.277,00 Kilojoule (kJ) Fett: 32,00 Fett, davon gesättigte Fettsäuren: 20,00 Kohlenhydrate…"
89252,Lindt Blumen Edition Röhrchen Mini Ostereier und Osterhase 178g,NUTRITION,OK_WITH_WARNINGS,8,"plausibility_out_of_range:kcal:2274.0 not in [0.0, 900.0] | energy_mismatch:kJ=545.0 inconsistent_with_kcal=2274.0 | warnings_present","Brennwert: 545,00 Kilokalorien (kcal) Brennwert: 2.274,00 Kilojoule (kJ) Fett: 32,00 Fett, davon gesättigte Fettsäuren: 19,00 Kohlenhydrate…"
89257,Lindt Blumen Edition Röhrchen Mini Ostereier und Osterhase 4er Pack,NUTRITION,OK_WITH_WARNINGS,8,"plausibility_out_of_range:kcal:2274.0 not in [0.0, 900.0] | energy_mismatch:kJ=545.0 inconsistent_with_kcal=2274.0 | warnings_present","Brennwert: 545,00 Kilokalorien (kcal) Brennwert: 2.274,00 Kilojoule (kJ) Fett: 32,00 Fett, davon gesättigte Fettsäuren: 19,00 Kohlenhydrate…"
89265,Lindt Macarons Beutel Eier gefüllt mit lockerer Creme Mischung 140g,NUTRITION,OK_WITH_WARNINGS,8,"plausibility_out_of_range:kcal:2354.0 not in [0.0, 900.0] | energy_mismatch:kJ=565.0 inconsistent_with_kcal=2354.0 | warnings_present","Brennwert: 565,00 Kilokalorien (kcal) Brennwert: 2.354,00 Kilojoule (kJ) Fett: 36,00 Fett, davon gesättigte Fettsäuren: 20,00 Kohlenhydrate…"
89268,Lindt Macarons Eier Pralinen Röhrchen in 4 verschiedene Sorten 80g,NUTRITION,OK_WITH_WARNINGS,8,"plausibility_out_of_range:kcal:562606.0 not in [0.0, 900.0] | energy_mismatch:kJ=2354.0 inconsistent_with_kcal=562606.0 | warnings_present",Portionsgröße 100 Gramm Energie (kJ) 2354 kJ Energie (kcal) 562.606 kcal Fett 36 Gramm davon: - Gesättigte Fettsäuren 20 Gramm Kohlenhydrat…
89270,Lindt Macarons Röhrchen mit 4 Verschiedene Sorten 540g 3er Pack,NUTRITION,OK_WITH_WARNINGS,8,"plausibility_out_of_range:kcal:2354.0 not in [0.0, 900.0] | energy_mismatch:kJ=565.0 inconsistent_with_kcal=2354.0 | warnings_present","Brennwert: 565,00 Kilokalorien (kcal) Brennwert: 2.354,00 Kilojoule (kJ) Fett: 36,00 Fett, davon gesättigte Fettsäuren: 20,00 Kohlenhydrate…"
89317,Lindt Oster Blüten Edition Osterei mit einzelnen Ostereiern 150g,NUTRITION,OK_WITH_WARNINGS,8,"plausibility_out_of_range:kcal:2611.0 not in [0.0, 900.0] | energy_mismatch:kJ=629.0 inconsistent_with_kcal=2611.0 | warnings_present","Brennwert: 629,00 Kilokalorien (kcal) Brennwert: 2.611,00 Kilojoule (kJ) Fett: 48,00 Fett, davon gesättigte Fettsäuren: 36,00 Kohlenhydrate…"
89478,Lindt Blumen Edition Mini Goldhasen Alpenvollmilchschokolade 200g,NUTRITION,OK_WITH_WARNINGS,8,"plausibility_out_of_range:kcal:2377.0 not in [0.0, 900.0] | energy_mismatch:kJ=570.0 inconsistent_with_kcal=2377.0 | warnings_present","Brennwert: 570,00 Kilokalorien (kcal) Brennwert: 2.377,00 Kilojoule (kJ) Fett: 37,00 Fett, davon gesättigte Fettsäuren: 22,00 Kohlenhydrate…"
89479,Lindt Blumen Edition Mini Goldhasen Vollmilchschokolade 200g 2er Pack,NUTRITION,OK_WITH_WARNINGS,8,"plausibility_out_of_range:kcal:2377.0 not in [0.0, 900.0] | energy_mismatch:kJ=570.0 inconsistent_with_kcal=2377.0 | warnings_present","Brennwert: 570,00 Kilokalorien (kcal) Brennwert: 2.377,00 Kilojoule (kJ) Fett: 37,00 Fett, davon gesättigte Fettsäuren: 22,00 Kohlenhydrate…"
89483,Lindt Dunkle Spezialitäten Kassette mit feiner Schokolade 165g,NUTRITION,OK,8,all_checks_passed,"Brennwert kJ 2.330 kJ, Brennwert kcal 560 kcal, Fett 36 g, Davon gesättigte Fettsäuren 21 g, Kohlenhydrate 50 g, Davon Zucker 46 g, Eiweiß …"
89484,Lindt Dunkle Spezialitäten Kassette feine Schokolade 165g 4er Pack,NUTRITION,OK,8,all_checks_passed,"Brennwert kJ 2.330 kJ, Brennwert kcal 560 kcal, Fett 36 g, Davon gesättigte Fettsäuren 21 g, Kohlenhydrate 50 g, Davon Zucker 46 g, Eiweiß …"
89487,Lindt Oster Blüten Osterei Mix mit einzelnen Schokoladeneiern 150g,NUTRITION,OK_WITH_WARNINGS,8,"plausibility_out_of_range:kcal:2608.0 not in [0.0, 900.0] | energy_mismatch:kJ=628.0 inconsistent_with_kcal=2608.0 | warnings_present","Brennwert: 628,00 Kilokalorien (kcal) Brennwert: 2.608,00 Kilojoule (kJ) Fett: 48,00 Fett, davon gesättigte Fettsäuren: 36,00 Kohlenhydrate…"
89489,Lindt Oster Blüten Osterei Mix mit Schokoladeneiern 150g 2er Pack,NUTRITION,OK_WITH_WARNINGS,8,"plausibility_out_of_range:kcal:2608.0 not in [0.0, 900.0] | energy_mismatch:kJ=628.0 inconsistent_with_kcal=2608.0 | warnings_present","Brennwert: 628,00 Kilokalorien (kcal) Brennwert: 2.608,00 Kilojoule (kJ) Fett: 48,00 Fett, davon gesättigte Fettsäuren: 36,00 Kohlenhydrate…"
89501,Lindt Eierlikör Eier Kassette mit feiner Zartbitterschokolade 144g,NUTRITION,OK_WITH_WARNINGS,8,"plausibility_out_of_range:kcal:1892.0 not in [0.0, 900.0] | energy_mismatch:kJ=438.0 inconsistent_with_kcal=1892.0 | warnings_present","Brennwert: 438,00 Kilokalorien (kcal) Brennwert: 1.892,00 Kilojoule (kJ) Fett: 25,00 Fett, davon gesättigte Fettsäuren: 14,00 Kohlenhydrate…"
89503,Lindt Eierlikör Eier Kassette Zartbitterschokolade 144g 4er Pack,NUTRITION,OK_WITH_WARNINGS,8,"plausibility_out_of_range:kcal:2023.0 not in [0.0, 900.0] | energy_mismatch:kJ=485.0 inconsistent_with_kcal=2023.0 | warnings_present","Brennwert: 485,00 Kilokalorien (kcal) Brennwert: 2.023,00 Kilojoule (kJ) Fett: 27,00 Fett, davon gesättigte Fettsäuren: 15,00 Kohlenhydrate…"
89506,Lindt Küken aus leckerer und feiner Alpenvollmilch Schokolade 40g,NUTRITION,OK_WITH_WARNINGS,8,"plausibility_out_of_range:kcal:2277.0 not in [0.0, 900.0] | energy_mismatch:kJ=545.0 inconsistent_with_kcal=2277.0 | warnings_present","Brennwert: 545,00 Kilokalorien (kcal) Brennwert: 2.277,00 Kilojoule (kJ) Fett: 32,00 Fett, davon gesättigte Fettsäuren: 20,00 Kohlenhydrate…"
89526,Lindt Goldhäschen im Köcher aus feiner Alpenmilch Schokolade 200g,NUTRITION,OK,8,all_checks_passed,"Energie / Brennwert 2350 kJ / 564 kcal Fett 36 g gesättigte Fettsäuren 22 g Kohlenhydrate 52 g davon Zucker 50 g Eiweiß 7,1 g Salz 0,31 g"
89590,Lindt Goldhase Blumen Edition aus Alpenvollmilch Schokolade 200g,NUTRITION,OK_WITH_WARNINGS,8,"plausibility_out_of_range:kcal:2277.0 not in [0.0, 900.0] | energy_mismatch:kJ=545.0 inconsistent_with_kcal=2277.0 | warnings_present","Brennwert: 545,00 Kilokalorien (kcal) Brennwert: 2.277,00 Kilojoule (kJ) Fett: 32,00 Fett, davon gesättigte Fettsäuren: 20,00 Kohlenhydrate…"
89592,Lindt Goldhase Blumen Edition Alpenvollmilch Schokolade 200g 4er Pack,NUTRITION,OK_WITH_WARNINGS,8,"plausibility_out_of_range:kcal:2277.0 not in [0.0, 900.0] | energy_mismatch:kJ=545.0 inconsistent_with_kcal=2277.0 | warnings_present","Brennwert: 545,00 Kilokalorien (kcal) Brennwert: 2.277,00 Kilojoule (kJ) Fett: 32,00 Fett, davon gesättigte Fettsäuren: 20,00 Kohlenhydrate…"
89598,Lindt Goldhase individualisiert aus Alpenvollmilch Schokolade 100g,NUTRITION,OK,8,all_checks_passed,"Energie 2277 kJ 545 kcal, Fett 32 g, davon gesättigte Fettsäuren 20 g, Kohlenhydrate 56 g, davon Zucker 55 g, Eiweiß 7,4 g, Salz 0,20 g"
89645,Lindt Lindor Köcher Vollmilch Mini Eier aus Vollmilch Schokolade 450g,NUTRITION,OK,8,all_checks_passed,"Brennwert kJ 2.625 kJ, Brennwert kcal 633 kcal, Fett 49 g, Davon gesättigte Fettsäuren 38 g, Kohlenhydrate 42 g, Davon Zucker 41 g, Eiweiß …"
89803,Lindt Vollmilch Nuss Eier Beutel mit Haselnuss Stückchen 90g,NUTRITION,OK,8,all_checks_passed,"Brennwert in kJ 2419,000, Brennwert in kcal 581,000, Fett in g 40,000, Fett, davon gesättigte Fettsäuren in g 20,000, Kohlenhydrate in g 46…"
89823,Lindt Goldhase Edelbitter aus feiner Edelbitter Schokolade 50g,NUTRITION,OK_WITH_WARNINGS,8,"plausibility_out_of_range:kcal:2365.0 not in [0.0, 900.0] | energy_mismatch:kJ=569.0 inconsistent_with_kcal=2365.0 | warnings_present","Brennwert: 569,00 Kilokalorien (kcal) Brennwert: 2.365,00 Kilojoule (kJ) Fett: 39,00 Fett, davon gesättigte Fettsäuren: 23,00 Kohlenhydrate…"
90027,Lindt Sweet You Strawberry Cheesecake Stick Nice to sweet you 39g,NUTRITION,OK,8,"unparseable_numeric_fragment:7, | unparseable_numeric_fragment:0, | all_checks_passed",Energie kj 2331 kj Energie kcal 559 kcal Fett 35GRM Fett davon gesättigte Fettsäuren 20GRM Kohlenhydrate 53GRM Kohlenhydrate davon Zucker 5…
91053,Lindt Goldhase aus feiner Vollmilch Schokolade 100g 4er Pack,NUTRITION,OK_WITH_WARNINGS,8,"plausibility_out_of_range:kcal:2277.0 not in [0.0, 900.0] | energy_mismatch:kJ=545.0 inconsistent_with_kcal=2277.0 | warnings_present","Brennwert: 545,00 Kilokalorien (kcal) Brennwert: 2.277,00 Kilojoule (kJ) Fett: 32,00 Fett, davon gesättigte Fettsäuren: 20,00 Kohlenhydrate…"
91059,Lindt Küken aus feiner Alpenvollmilch Schokolade 40g 24er Pack,NUTRITION,OK_WITH_WARNINGS,8,"plausibility_out_of_range:kcal:2272.0 not in [0.0, 900.0] | energy_mismatch:kJ=544.0 inconsistent_with_kcal=2272.0 | warnings_present","Brennwert: 544,00 Kilokalorien (kcal) Brennwert: 2.272,00 Kilojoule (kJ) Fett: 32,00 Fett, davon gesättigte Fettsäuren: 19,00 Kohlenhydrate…"
91061,Lindt Goldhase weiß aus feiner weißer Schokolade 100g 4er Pack,NUTRITION,OK,8,all_checks_passed,"Energie / Brennwert 2341 kJ / 561 kcal Fett 35 g gesättigte Fettsäuren 22 g Kohlenhydrate 55 g davon Zucker 55 g Eiweiß 6,5 g Salz 0,21 g"
92369,Lindt Excellence Chili Feinherbe Schokolade mit Chili 100g 5er Pack,NUTRITION,OK,8,all_checks_passed,"Energie / Brennwert 2240 kJ / 538 kcal Fett 33,0 g gesättigte Fettsäuren 20,0 g Kohlenhydrate 50,0 g davon Zucker 48,0 g Eiweiß 6,1 g Salz …"
93795,Lindt Alpenvollmilch Schokolade mit Haselnüssen 300g 2er Pack,NUTRITION,OK_WITH_WARNINGS,8,"plausibility_out_of_range:salt_g:100.0 not in [0.0, 15.0] | warnings_present","Energie (KJ) per 100 g/ml 2336 KJ Energie (kcal) per 100 g/ml 561 kcal Fett per 100 g/ml 36.0 g Fett, davon gesättigte Fettsäuren pro 100 g…"
94260,Lindt Edel Marzipan Kugeln mit Milchschokolade verfeinert 100g,NUTRITION,OK_WITH_WARNINGS,8,"plausibility_out_of_range:kcal:2102.0 not in [0.0, 900.0] | energy_mismatch:kJ=502.0 inconsistent_with_kcal=2102.0 | warnings_present","Brennwert: 502,00 Kilokalorien (kcal) Brennwert: 2.102,00 Kilojoule (kJ) Fett: 23,00 Fett, davon gesättigte Fettsäuren: 9,00 Kohlenhydrate:…"
95523,Lindt Creation Pistazie Schokolade mit Mandelstückchen 148g 7er Pack,NUTRITION,OK_WITH_WARNINGS,8,"plausibility_out_of_range:salt_g:100.0 not in [0.0, 15.0] | warnings_present","Energie (KJ) per 100 g/ml 2320 KJ Energie (kcal) per 100 g/ml 557 kcal Fett per 100 g/ml 36.0 g Fett, davon gesättigte Fettsäuren pro 100 g…"
97881,Lindt Mini Tisch Adventskalender Weihnachtszauber Schoko 115g 3er Pack,NUTRITION,OK,8,all_checks_passed,"Energie 2409 kJ 578 kcal Fett 38 g davon gesättigte Fettsäuren 24 g Kohlenhydrate 51 g davon Zucker 49 g Eiweiß 6,6 g Salz 0,15 g"
98114,Lindt Pralines Hochfein mit klassicher Lindt Schokolade 500g,NUTRITION,OK_WITH_WARNINGS,8,"plausibility_out_of_range:salt_g:100.0 not in [0.0, 15.0] | warnings_present","Energie (KJ) per 100 g/ml 2281 KJ Energie (kcal) per 100 g/ml 547 kcal Fett per 100 g/ml 34.0 g Fett, davon gesättigte Fettsäuren pro 100 g…"
98118,Lindt Pralines Hochfein mit klassicher Lindt Schokolade 200g,NUTRITION,OK_WITH_WARNINGS,8,"plausibility_out_of_range:salt_g:100.0 not in [0.0, 15.0] | warnings_present","Energie (KJ) per 100 g/ml 2318 KJ Energie (kcal) per 100 g/ml 556 kcal Fett per 100 g/ml 35.0 g Fett, davon gesättigte Fettsäuren pro 100 g…"
98119,Lindt Pralines Hochfein mit klassiker feiner Lindt Schokolade 350g,NUTRITION,OK_WITH_WARNINGS,8,"plausibility_out_of_range:salt_g:100.0 not in [0.0, 15.0] | warnings_present","Energie (KJ) per 100 g/ml 2288 KJ Energie (kcal) per 100 g/ml 549 kcal Fett per 100 g/ml 34.0 g Fett, davon gesättigte Fettsäuren pro 100 g…"
98128,Lindt Lindor Winter Präsent Box extra Edelbitter Schokolade 186g,NUTRITION,OK,8,all_checks_passed,"Energie 2607 kJ 630 kcal Fett 52 g davon gesättigte Fettsäuren 39 g Kohlenhydrate 28 g davon Zucker 25 g Eiweiß 6,7 g Salz 0,19 g"
98367,Lindt Excellence 100 Prozent Kakao Schokoladentafel Cacao pur 50g,NUTRITION,OK,8,all_checks_passed,"Brennwert in kJ 2556,000 Brennwert in kcal 620,000 Fett in g 55,000 Fett, davon gesättigte Fettsäuren in g 33,000 Kohlenhydrate in g 9,000 …"
98369,Lindor Cornet Milch zartschmelzende Vollmilchschokolade 375g,NUTRITION,OK,8,all_checks_passed,"Energie / Brennwert 2587kJ / 623 kcal Fett 47,0 g gesättigte Fettsäuren 34,0 g Kohlenhydrate 44,0 g davon Zucker 42,0 g Eiweiß 5,0 g Salz 0…"
98370,Lindor Cornet Mischung zartschmelzende Vollmilchschokolade 375g,NUTRITION,OK,8,all_checks_passed,"Energie / Brennwert 2615kJ / 630 kcal Fett 49,0 g gesättigte Fettsäuren 35,0 g Kohlenhydrate 42,0 g davon Zucker 40,0 g Eiweiß 4,8 g Salz 0…"
98373,Lindt Mini Pralines emotionale Botschaften kleine Geschenkidee 44g,NUTRITION,OK_WITH_WARNINGS,8,"unparseable_numeric_fragment:0, | plausibility_out_of_range:kcal:2240.0 not in [0.0, 900.0] | energy_mismatch:kJ=537.0 inconsistent_with_kcal=2240.0 | warnings_present","Brennwert: 537,00 Kilokalorien (kcal) Brennwert: 2.240,00 Kilojoule (kJ) Fett: 33,00 Fett, davon gesättigte Fettsäuren: 18,00 Kohlenhydrate…"
98806,Lindt XXL Kinder Osterbeutel mit verschiedene Füllungen 288g,NUTRITION,OK,8,all_checks_passed,"Brennwert in kJ 2327,000 Brennwert in kcal 558,000 Fett in g 34,000 Fett, davon gesättigte Fettsäuren in g 19,000 Kohlenhydrate in g 55,000…"
98813,Lindt Frühlingsgrüße Kissenpackung Geschenkidee zu Ostern 120g,NUTRITION,OK_WITH_WARNINGS,8,"plausibility_out_of_range:kcal:2377.0 not in [0.0, 900.0] | energy_mismatch:kJ=570.0 inconsistent_with_kcal=2377.0 | warnings_present","Brennwert: 570,00 Kilokalorien (kcal) Brennwert: 2.377,00 Kilojoule (kJ) Fett: 36,00 Fett, davon gesättigte Fettsäuren: 20,00 Kohlenhydrate…"
98822,Lindt XXL Klassik Osterbeutel mit verschiedene Füllungen 288g,NUTRITION,OK,8,all_checks_passed,"Brennwert in kJ 2333,000 Brennwert in kcal 559,000 Fett in g 34,000 Fett, davon gesättigte Fettsäuren in g 20,000 Kohlenhydrate in g 55,000…"
98824,Lindt XXL Ostermix Lindor bunter Mix aus Lindor Eier Sorten 254g,NUTRITION,OK,8,all_checks_passed,"Brennwert 2552 kJ / 614 kcal Fett 45 g gesättigte Fettsäuren 34 g Kohlenhydrate 46 g davon Zucker 45 g Eiweiß 5,1 g Salz 0,16 g"
98826,Lindt Marzipan Eier Beutel Marzipan Amaretto Milchschokolade 85g,NUTRITION,OK_WITH_WARNINGS,8,"plausibility_out_of_range:kcal:2103.0 not in [0.0, 900.0] | energy_mismatch:kJ=502.0 inconsistent_with_kcal=2103.0 | warnings_present","Brennwert: 502,00 Kilokalorien (kcal) Brennwert: 2.103,00 Kilojoule (kJ) Fett: 23,00 Fett, davon gesättigte Fettsäuren: 8,00 Kohlenhydrate:…"
98829,Lindt Marzipan Eier mit Amaretto verfeinert feinherb 25 Stück 430g,NUTRITION,OK_WITH_WARNINGS,8,"plausibility_out_of_range:kcal:2103.0 not in [0.0, 900.0] | energy_mismatch:kJ=502.0 inconsistent_with_kcal=2103.0 | warnings_present","Brennwert: 502,00 Kilokalorien (kcal) Brennwert: 2.103,00 Kilojoule (kJ) Fett: 23,00 Fett, davon gesättigte Fettsäuren: 8,00 Kohlenhydrate:…"
98846,Lindt Spezialität Eier aus Vollmilch und weiße Schokolade 144g,NUTRITION,OK,8,all_checks_passed,"Energie / Brennwert 2333 kJ / 557 kcal Fett 35 g gesättigte Fettsäuren 19 g Kohlenhydrate 52 g davon Zucker 49 g Eiweiß 6 g Salz 0,14 g"
98848,Lindt und Sprüngli Goldhase feinste Edelbitterschokolade 100g,NUTRITION,OK_WITH_WARNINGS,7,"unparseable_numeric_fragment:7, | unparseable_numeric_fragment:0, | unreadable_field:kJ | warnings_present","Energie: 561Kcal Fett: 39g davon -gesättigte Fettsäuren: 24g Kohlenhydrate: 39g davon -Zucker: 35g Eiweiß: 7,9g Salz: 0,04g"
98850,Lindt und Sprüngli Goldhase feinste Edelbitterschokolade 100g 4er Pack,NUTRITION,OK_WITH_WARNINGS,7,"unparseable_numeric_fragment:7, | unparseable_numeric_fragment:0, | unreadable_field:kJ | warnings_present","Energie: 561Kcal Fett: 39g davon -gesättigte Fettsäuren: 24g Kohlenhydrate: 39g davon -Zucker: 35g Eiweiß: 7,9g Salz: 0,04g"
98947,Lindt Goldhase Osterhase Hohlfigur mit weißer Schokolade in 50g,NUTRITION,OK_WITH_WARNINGS,8,"plausibility_out_of_range:kcal:2341.0 not in [0.0, 900.0] | energy_mismatch:kJ=561.0 inconsistent_with_kcal=2341.0 | warnings_present","Brennwert: 561,00 Kilokalorien (kcal) Brennwert: 2.341,00 Kilojoule (kJ) Fett: 35,00 Fett, davon gesättigte Fettsäuren: 22,00 Kohlenhydrate…"
100362,Lindt Marc de Champagne Zapfen Vollmilch Schokolade gefüllt 101g,NUTRITION,OK_WITH_WARNINGS,8,"plausibility_out_of_range:kcal:2030.0 not in [0.0, 900.0] | energy_mismatch:kJ=486.0 inconsistent_with_kcal=2030.0 | warnings_present","Brennwert: 486,00 Kilokalorien (kcal) Brennwert: 2.030,00 Kilojoule (kJ) Fett: 26,00 Fett, davon gesättigte Fettsäuren: 16,00 Kohlenhydrate…"
100365,Lindt Santa Glamour Weihnachtsmann in  glamouröser Erscheinung 200g,NUTRITION,OK_WITH_WARNINGS,8,"plausibility_out_of_range:kcal:2272.0 not in [0.0, 900.0] | energy_mismatch:kJ=544.0 inconsistent_with_kcal=2272.0 | warnings_present","Brennwert:544,00 Kilokalorien (kcal) Brennwert: 2.272,00 Kilojoule (kJ) Fett: 32,00 Fett, davon gesättigte Fettsäuren: 19,00 Kohlenhydrate:…"
100366,Lindt Santa Glamour Weihnachtsmann in  glamouröser Erscheinung 125g,NUTRITION,OK_WITH_WARNINGS,8,"plausibility_out_of_range:kcal:2272.0 not in [0.0, 900.0] | energy_mismatch:kJ=544.0 inconsistent_with_kcal=2272.0 | warnings_present","Brennwert:544,00 Kilokalorien (kcal) Brennwert: 2.272,00 Kilojoule (kJ) Fett: 32,00 Fett, davon gesättigte Fettsäuren: 19,00 Kohlenhydrate:…"
100371,Lindt Goldstücke Rose Pralines in der Geschenkverpackung 180g,NUTRITION,OK_WITH_WARNINGS,8,"plausibility_out_of_range:kcal:2245.0 not in [0.0, 900.0] | energy_mismatch:kJ=538.0 inconsistent_with_kcal=2245.0 | warnings_present","Brennwert: 538,00 Kilokalorien (kcal) Brennwert: 2.245,00 Kilojoule (kJ) Fett: 32,00 Fett, davon gesättigte Fettsäuren: 16,00 Kohlenhydrate…"
100374,Lindt Nougat Kugeln Nougat  Vollmilchschokolade mit Füllung 100g,NUTRITION,OK_WITH_WARNINGS,8,"plausibility_out_of_range:kcal:2437.0 not in [0.0, 900.0] | energy_mismatch:kJ=585.0 inconsistent_with_kcal=2437.0 | warnings_present","Brennwert: 585,00 Kilokalorien (kcal) Brennwert: 2.437,00 Kilojoule (kJ) Fett: 38,00 Fett, davon gesättigte Fettsäuren: 18,00 Kohlenhydrate…"
100381,Lindt XXL Mischbeutel Klassiker Mischung gefüllte Schokolade 260g,NUTRITION,OK_WITH_WARNINGS,8,"plausibility_out_of_range:kcal:2415.0 not in [0.0, 900.0] | energy_mismatch:kJ=579.0 inconsistent_with_kcal=2415.0 | warnings_present","Brennwert: 579,00 Kilokalorien (kcal) Brennwert: 2.415,00 Kilojoule (kJ) Fett: 36,00 Fett, davon gesättigte Fettsäuren: 17,00 Kohlenhydrate…"
100389,Lindt Weihnachtszauber Mini Pralines exklusive Pralinen Mischung 180g,NUTRITION,OK_WITH_WARNINGS,8,"plausibility_out_of_range:kcal:2241.0 not in [0.0, 900.0] | energy_mismatch:kJ=537.0 inconsistent_with_kcal=2241.0 | warnings_present","Brennwert: 537,00 Kilokalorien (kcal) Brennwert: 2.241,00 Kilojoule (kJ) Fett: 32,00 Fett, davon gesättigte Fettsäuren: 15,00 Kohlenhydrate…"
100390,Lindt Weihnachts Zauber Mini Pralines exklusive Mischung 100g,NUTRITION,OK_WITH_WARNINGS,8,"plausibility_out_of_range:kcal:2233.0 not in [0.0, 900.0] | energy_mismatch:kJ=535.0 inconsistent_with_kcal=2233.0 | warnings_present","Brennwert: 535,00 Kilokalorien (kcal) Brennwert: 2.233,00 Kilojoule (kJ) Fett: 31,00 Fett, davon gesättigte Fettsäuren: 14,00 Kohlenhydrate…"
100391,Lindt Weihnachts Zauber Mini Pralines exklusive Mischung 44g,NUTRITION,OK_WITH_WARNINGS,8,"plausibility_out_of_range:kcal:2240.0 not in [0.0, 900.0] | energy_mismatch:kJ=537.0 inconsistent_with_kcal=2240.0 | warnings_present","Brennwert: 537,00 Kilokalorien (kcal) Brennwert: 2.240,00 Kilojoule (kJ) Fett: 33,00 Fett, davon gesättigte Fettsäuren: 18,00 Kohlenhydrate…"
100392,Lindt Weihnachtliche Kostbarkeiten 16 erlesene Pralinensorten 315g,NUTRITION,OK_WITH_WARNINGS,8,"plausibility_out_of_range:kcal:2293.0 not in [0.0, 900.0] | energy_mismatch:kJ=550.0 inconsistent_with_kcal=2293.0 | warnings_present","Brennwert: 550,00 Kilokalorien (kcal) Brennwert: 2.293,00 Kilojoule (kJ) Fett: 34,00 Fett, davon gesättigte Fettsäuren: 15,00 Kohlenhydrate…"
100396,Lindt Lindor Xmas Präsent Milch veredelte Lindor Geschenke 200g,NUTRITION,OK_WITH_WARNINGS,8,energy_mismatch:kJ=617.0 inconsistent_with_kcal=2.564 | warnings_present,"Brennwert: 617,00 Kilokalorien (kcal) Brennwert: 2.56400 Kilojoule (kJ) Fett: 47,00 Fett, davon gesättigte Fettsäuren: 35,00 Kohlenhydrate:…"
100400,Lindt Lindor Xmas Mischung Präsent veredelten Lindor Geschenke 199g,NUTRITION,OK_WITH_WARNINGS,8,"plausibility_out_of_range:kcal:2631.0 not in [0.0, 900.0] | energy_mismatch:kJ=634.0 inconsistent_with_kcal=2631.0 | warnings_present","Brennwert: 634,00 Kilokalorien (kcal) Brennwert: 2.631,00 Kilojoule (kJ) Fett: 50,00 Fett, davon gesättigte Fettsäuren: 35,00 Kohlenhydrate…"
100402,Lindt Kalligrafie Xmas Tanne mit leckeren exclusiven Pralinen 105g,NUTRITION,OK_WITH_WARNINGS,8,"plausibility_out_of_range:kcal:2502.0 not in [0.0, 900.0] | energy_mismatch:kJ=601.0 inconsistent_with_kcal=2502.0 | warnings_present","Brennwert: 601,00 Kilokalorien (kcal) Brennwert: 2.502,00 Kilojoule (kJ) Fett: 41,00 Fett, davon gesättigte Fettsäuren: 25,00 Kohlenhydrate…"
100403,Lindt Kalligrafie Xmas Pralinés mit leckeren exclusive Pralinen 175g,NUTRITION,OK_WITH_WARNINGS,8,"plausibility_out_of_range:kcal:2217.0 not in [0.0, 900.0] | energy_mismatch:kJ=531.0 inconsistent_with_kcal=2217.0 | warnings_present","Brennwert: 531,00 Kilokalorien (kcal) Brennwert: 2.217,00 Kilojoule (kJ) Fett: 32,00 Fett, davon gesättigte Fettsäuren: 16,00 Kohlenhydrate…"
100404,Lindt Kalligrafie Xmas Würfel mit leckeren exclusiven Pralinen 58g,NUTRITION,OK_WITH_WARNINGS,8,"plausibility_out_of_range:kcal:2484.0 not in [0.0, 900.0] | energy_mismatch:kJ=597.0 inconsistent_with_kcal=2484.0 | warnings_present","Brennwert: 597,00 Kilokalorien (kcal) Brennwert: 2.484,00 Kilojoule (kJ) Fett: 40,00 Fett, davon gesättigte Fettsäuren: 23,00 Kohlenhydrate…"
100405,Lindt Kalligrafie Xmas Tasche mit leckeren exclusiven Pralinen 141g,NUTRITION,OK_WITH_WARNINGS,8,"plausibility_out_of_range:kcal:2482.0 not in [0.0, 900.0] | energy_mismatch:kJ=596.0 inconsistent_with_kcal=2482.0 | warnings_present","Brennwert: 596,00 Kilokalorien (kcal) Brennwert: 2.482,00 Kilojoule (kJ) Fett: 41,00 Fett, davon gesättigte Fettsäuren: 26,00 Kohlenhydrate…"
100412,Lindt Santa Glamour Weihnachtsmann in glamouröser Erscheinung 70g,NUTRITION,OK_WITH_WARNINGS,8,"plausibility_out_of_range:kcal:2272.0 not in [0.0, 900.0] | energy_mismatch:kJ=544.0 inconsistent_with_kcal=2272.0 | warnings_present","Brennwert:544,00 Kilokalorien (kcal) Brennwert: 2.272,00 Kilojoule (kJ) Fett: 32,00 Fett, davon gesättigte Fettsäuren: 19,00 Kohlenhydrate:…"
100413,Lindt Santa Glamour Mini Weihnachtsmann in glamouröser Erscheinung 50g,NUTRITION,OK_WITH_WARNINGS,8,"plausibility_out_of_range:kcal:2272.0 not in [0.0, 900.0] | energy_mismatch:kJ=544.0 inconsistent_with_kcal=2272.0 | warnings_present","Brennwert:544,00 Kilokalorien (kcal) Brennwert: 2.272,00 Kilojoule (kJ) Fett: 32,00 Fett, davon gesättigte Fettsäuren: 19,00 Kohlenhydrate:…"
100414,Lindt 1001 Weihnachts Traum Adventskalender Schokoladen Geschenk 281g,NUTRITION,OK_WITH_WARNINGS,8,"plausibility_out_of_range:kcal:2246.0 not in [0.0, 900.0] | energy_mismatch:kJ=538.0 inconsistent_with_kcal=2246.0 | warnings_present","Kohlenhydrate: 53,00 Kohlenhydrate, davon Zucker: 50,00 Eiweiß: 6,90 Salz: 0,17 Brennwert: 538,00 Kilokalorien (kcal) Brennwert: 2.246,00 K…"
100415,Lindt Weihnachts Tradition Adventskalender genussvolle Momente 253g,NUTRITION,OK_WITH_WARNINGS,8,"plausibility_out_of_range:kcal:2464.0 not in [0.0, 900.0] | energy_mismatch:kJ=592.0 inconsistent_with_kcal=2464.0 | warnings_present","Brennwert: 592,00 Kilokalorien (kcal) Brennwert: 2.464,00 Kilojoule (kJ) Fett: 39,00 Fett, davon gesättigte Fettsäuren: 20,00 Kohlenhydrate…"
100417,Lindt Weihnachts Zauber Adventskalender Pralinen Spezialitäten 265g,NUTRITION,OK_WITH_WARNINGS,8,"plausibility_out_of_range:kcal:2233.0 not in [0.0, 900.0] | energy_mismatch:kJ=535.0 inconsistent_with_kcal=2233.0 | warnings_present","Brennwert: 535,00 Kilokalorien (kcal) Brennwert: 2.233,00 Kilojoule (kJ) Fett: 31,00 Fett, davon gesättigte Fettsäuren: 14,00 Kohlenhydrate…"
100429,Lindt Goldstücke Mini Kugeln Köcher Geschenkverpackung 150g,NUTRITION,OK_WITH_WARNINGS,8,"plausibility_out_of_range:kcal:2365.0 not in [0.0, 900.0] | energy_mismatch:kJ=567.0 inconsistent_with_kcal=2365.0 | warnings_present","Brennwert: 567,00 Kilokalorien (kcal) Brennwert: 2.365,00 Kilojoule (kJ) Fett: 35,00 Fett, davon gesättigte Fettsäuren: 19,00 Kohlenhydrate…"
100434,Lindt Cresta Baumbehang Pralinen Alpenvollmilchschokolade 500g,NUTRITION,OK_WITH_WARNINGS,8,"plausibility_out_of_range:kcal:2334.0 not in [0.0, 900.0] | energy_mismatch:kJ=559.0 inconsistent_with_kcal=2334.0 | warnings_present","Brennwert: 559,00 Kilokalorien (kcal) Brennwert: 2.334,00 Kilojoule (kJ) Fett: 33,00 Fett, davon gesättigte Fettsäuren: 14,00 Kohlenhydrate…"
100435,Lindt Eule Knuffige Hohlfigur aus Alpenvollmilchschokolade 40g,NUTRITION,OK_WITH_WARNINGS,8,"plausibility_out_of_range:kcal:2272.0 not in [0.0, 900.0] | energy_mismatch:kJ=544.0 inconsistent_with_kcal=2272.0 | warnings_present","Brennwert: 544,00 Kilokalorien (kcal) Brennwert: 2.272,00 Kilojoule (kJ) Fett: 32,00 Fett, davon gesättigte Fettsäuren: 19,00 Kohlenhydrate…"
100440,Lindt Nougat Baumbehang gewickelte Pralinen mit Nougat Füllung 500g,NUTRITION,OK_WITH_WARNINGS,8,"plausibility_out_of_range:kcal:2453.0 not in [0.0, 900.0] | energy_mismatch:kJ=589.0 inconsistent_with_kcal=2453.0 | warnings_present","Brennwert: 589,00 Kilokalorien (kcal) Brennwert: 2.453,00 Kilojoule (kJ) Fett: 39,00 Fett, davon gesättigte Fettsäuren: 17,00 Kohlenhydrate…"
100443,Lindt Weihnachts Tradition Pralines weihnachtliche Mischung 137g,NUTRITION,OK_WITH_WARNINGS,8,"plausibility_out_of_range:kcal:2228.0 not in [0.0, 900.0] | energy_mismatch:kJ=534.0 inconsistent_with_kcal=2228.0 | warnings_present","Brennwert: 534,00 Kilokalorien (kcal) Brennwert: 2.228,00 Kilojoule (kJ) Fett: 32,00 Fett, davon gesättigte Fettsäuren: 12,00 Kohlenhydrate…"
100445,Lindt Mini-Teddy mit Perforation Alpenvollmilchschokolade 50g,NUTRITION,OK_WITH_WARNINGS,8,"plausibility_out_of_range:kcal:2377.0 not in [0.0, 900.0] | energy_mismatch:kJ=570.0 inconsistent_with_kcal=2377.0 | warnings_present","Brennwert: 570,00 Kilokalorien (kcal) Brennwert: 2.377,00 Kilojoule (kJ) Fett: 37,00 Fett, davon gesättigte Fettsäuren: 22,00 Kohlenhydrate…"
100446,Lindt Teddy Bärchen Figur aus Alpenvollmilchschokolade 100g,NUTRITION,OK_WITH_WARNINGS,8,"plausibility_out_of_range:kcal:2272.0 not in [0.0, 900.0] | energy_mismatch:kJ=544.0 inconsistent_with_kcal=2272.0 | warnings_present","Brennwert: 544,00 Kilokalorien (kcal) Brennwert: 2.272,00 Kilojoule (kJ) Fett: 32,00 Fett, davon gesättigte Fettsäuren: 19,00 Kohlenhydrate…"
100447,Lindt Nuss Mischung Kugeln Milchschokolade mit Füllungen 140g,NUTRITION,OK_WITH_WARNINGS,8,"plausibility_out_of_range:kcal:2340.0 not in [0.0, 900.0] | energy_mismatch:kJ=561.0 inconsistent_with_kcal=2340.0 | warnings_present","Brennwert: 561,00 Kilokalorien (kcal) Brennwert: 2.340,00 Kilojoule (kJ) Fett: 35,00 Fett, davon gesättigte Fettsäuren: 16,00 Kohlenhydrate…"
100450,Lindt Lindor Milch Baumbehang Vollmilchschokolade Figuren 100g,NUTRITION,OK_WITH_WARNINGS,8,"plausibility_out_of_range:kcal:2609.0 not in [0.0, 900.0] | energy_mismatch:kJ=628.0 inconsistent_with_kcal=2609.0 | warnings_present","Brennwert: 628,00 Kilokalorien (kcal) Brennwert: 2.609,00 Kilojoule (kJ) Fett: 48,00 Fett, davon gesättigte Fettsäuren: 37,00 Kohlenhydrate…"
101011,Lindt Weihnachts Chocolade Classic mit Zimt und Koriander 100g,NUTRITION,OK,8,all_checks_passed,"Energie 2430 kJ 583 kcal Fett 38 g davon gesättigte Fettsäuren 18 g Kohlenhydrate 53 g davon Zucker 50 g Eiweiß 6,0 g Salz 0,15 g"
101318,Lindt Lindor Caramel und Salz Schokolade mit Fleur de Sel 100g,NUTRITION,OK_WITH_WARNINGS,8,"unparseable_numeric_fragment:0, | plausibility_out_of_range:kcal:2590.0 not in [0.0, 900.0] | energy_mismatch:kJ=624.0 inconsistent_with_kcal=2590.0 | warnings_present","Brennwert: 624,00 Kilokalorien (kcal) Brennwert: 2.590,00 Kilojoule (kJ) Fett: 47,00 Fett, davon gesättigte Fettsäuren: 36,00 Kohlenhydrate…"
101374,Lindt Joghurt Eier Mischung Vollmilch Schokoladen Ostereier 140g,NUTRITION,OK_WITH_WARNINGS,8,"plausibility_out_of_range:kcal:2344.0 not in [0.0, 900.0] | energy_mismatch:kJ=562.0 inconsistent_with_kcal=2344.0 | warnings_present","Brennwert: 562,00 Kilokalorien (kcal) Brennwert: 2.344,00 Kilojoule (kJ) Fett: 36,00 Fett, davon gesättigte Fettsäuren: 20,00 Kohlenhydrate…"
101377,Lindt Lindor Eierkarton Milch Ostereier Sechserpack Präsentbox 168g,NUTRITION,OK_WITH_WARNINGS,8,"plausibility_out_of_range:kcal:2639.0 not in [0.0, 900.0] | energy_mismatch:kJ=636.0 inconsistent_with_kcal=2639.0 | warnings_present","Brennwert: 636,00 Kilokalorien (kcal) Brennwert: 2.639,00 Kilojoule (kJ) Fett: 49,00 Fett, davon gesättigte Fettsäuren: 36,00 Kohlenhydrate…"
101378,Lindt Oster Knusper geröstete Mandeln Vollmilch Schokolade 210g,NUTRITION,OK,7,all_checks_passed,"Energie 2241 kJ 537 kcal Fett 31 g davon ges. Fettsäuren 15 g Kohlenhydrate 54 g davon Zucker 47 g Eiweiß 8,3 g Salz 0,20 g"
101383,Lindt Nougat Eier Ostereier mit Vollmilchschokolade Nougat Creme 90g,NUTRITION,OK_WITH_WARNINGS,8,"plausibility_out_of_range:kcal:2434.0 not in [0.0, 900.0] | energy_mismatch:kJ=584.0 inconsistent_with_kcal=2434.0 | warnings_present","Brennwert: 584,00 Kilokalorien (kcal) Brennwert: 2.434,00 Kilojoule (kJ) Fett: 38,00 Fett, davon gesättigte Fettsäuren: 18,00 Kohlenhydrate…"
101387,Lindt Alkohol Spezialitäten Eier Zartbitter Schokolade Ostereier 144g,NUTRITION,OK,8,all_checks_passed,"Energie / Brennwert 1871 kJ / 434 kcal Fett 23 g gesättigte Fettsäuren 14 g Kohlenhydrate 46 g davon Zucker 45 g Eiweiß 3,5 g Salz 0,06 g"
101388,Lindt Klassische Auslese gefüllte Schoko Ostereier Pralinen 288g,NUTRITION,OK,8,all_checks_passed,"Energie / Brennwert 2124 kJ / 503 kcal Fett 30 g gesättigte Fettsäuren 17 g Kohlenhydrate 49 g davon Zucker 47 g Eiweiß 4,9 g Salz 0,2 g"
101391,Lindt Lindor Eier Vollmilch Schokoladen Ostereier Ostern 90g,NUTRITION,OK,8,all_checks_passed,"Energie / Brennwert 2630 kJ / 634 kcal Fett 49 g gesättigte Fettsäuren 37 g Kohlenhydrate 42 g davon Zucker 42 g Eiweiß 5 g Salz 0,19 g"
101392,Lindt Lindor Mischung Kassette gefüllte Ostereier Schokolade 144g,NUTRITION,OK_WITH_WARNINGS,8,"plausibility_out_of_range:kcal:2651.0 not in [0.0, 900.0] | energy_mismatch:kJ=639.0 inconsistent_with_kcal=2651.0 | warnings_present","Kohlenhydrate 41 davon Zucker: 39,00 Eiweiß: 4,70 Salz: 0,13 Brennwert: 639,00 Kilokalorien (kcal) Brennwert: 2.651,00 Kilojoule (kJ) Fett:…"
101393,Lindt Goldhase Weiß und Erdbeere Osterhase Schokolade Hohlfigur 100g,NUTRITION,OK_WITH_WARNINGS,8,"plausibility_out_of_range:kcal:2357.0 not in [0.0, 900.0] | energy_mismatch:kJ=565.0 inconsistent_with_kcal=2357.0 | warnings_present","Brennwert: 565,00 Kilokalorien (kcal) Brennwert: 2.357,00 Kilojoule (kJ) Fett: 37,00 Fett, davon gesättigte Fettsäuren: 22,00 Kohlenhydrate…"
101401,Lindt Goldhase mit Glöckchen und Mini Geschenkumschlag Osterhase 200g,NUTRITION,OK,8,all_checks_passed,"je 100 g Brennwert in kJ 2272 kJ Brennwert in kcal 544 kcal Fett 32 g gesättigte Fettsäuren 19 g Kohlenhydrate 56 g Zucker 54 g Eiweiß 7,2 …"
101407,Lindt Mini Hohlfiguren im Becher Vollmilch Schokoladenfiguren 105g,NUTRITION,OK,8,all_checks_passed,"Brennwert in kJ 2350 kJ Brennwert in kcal 564 kcal Fett 36 g gesättigte Fettsäuren 22 g Kohlenhydrate 52 g Zucker 50 g Eiweiß 7,1 g Salz 0,…"
101410,Lindt Deko Edition Mini Eier Bunt feinste Alpenmilch Ostereier 180g,NUTRITION,OK,8,all_checks_passed,je 100 g Brennwert in kJ 2275 kJ Brennwert in kcal 545 kcal Fett 32 g gesättigte Fettsäuren 19 g Kohlenhydrate 56 g davon Zucker 56 g Eiwei…
101412,Lindt Deko Edition Nougat Eier Bunt zarte Vollmilch Ostereier 90g,NUTRITION,OK,8,all_checks_passed,"Brennwert in kJ 2434 kJ Brennwert in kcal 584 kcal Fett 38 g gesättigte Fettsäuren 18 g Kohlenhydrate 51 g davon Zucker 49 g Eiweiß 8,1 g S…"
101414,Lindt Deko Edition Henne Handbemalt in 3 Mustern Ostern 35g,NUTRITION,OK,8,all_checks_passed,je 100 g Brennwert in kJ 2272 kJ Brennwert in kcal 544 kcal Fett 32 g gesättigte Fettsäuren 19 g Kohlenhydrate 56 g davon Zucker 54 g Eiwei…
101426,Lindt Frühlings Snacking Blätterkrokant Oster Schokolade herb 100g,NUTRITION,OK,8,all_checks_passed,je 100 g Brennwert in kJ 2153 kJ Brennwert in kcal 515 kcal Fett 26 g gesättigte Fettsäuren 13 g Kohlenhydrate 61 g davon Zucker 57 g Eiwei…
101427,Lindt Frühlings Snacking Blätterkrokant klassisch Osterkugeln 100g,NUTRITION,OK,8,all_checks_passed,"Brennwert in kJ 2148 kJ Brennwert in kcal 513 kcal Fett 25 g gesättigte Fettsäuren 12 g Kohlenhydrate 64 g davon Zucker 60 g Eiweiß 6,8 g S…"
101428,Lindt Lindor kleines Oster Geschenk Mini Schokoladen Eier Milch 67g,NUTRITION,OK,8,all_checks_passed,"Brennwert in kJ 2538 kJ Brennwert in kcal 611 kcal Fett 45 g gesättigte Fettsäuren 34 g Kohlenhydrate 45 g davon Zucker 45 g Eiweiß 5,4 g S…"
101429,Lindt Lindor kleines frühlingshaftes Oster Geschenk Mini Ostereier 67g,NUTRITION,OK,8,all_checks_passed,Brennwert in kJ 2546 kJ Brennwert in kcal 613 kcal Fett 45 g gesättigte Fettsäuren 33 g Kohlenhydrate 46 g davon Zucker 45 g Eiweiß 4;9 g S…
101434,Lindt Mini Eier Ganznuss Vollmilch Schokoladen Ostereier 86g,NUTRITION,OK,8,all_checks_passed,"Energie / Brennwert 2488 kJ / 598 kcal Fett 40 g gesättigte Fettsäuren 15 g Kohlenhydrate 47 g davon Zucker 43 g Eiweiß 7,3 g Salz 0,11 g"
101970,Lindt Deko Edition Henne Alpenvollmilch Schokolade Hohlfigur 35g,NUTRITION,OK,8,all_checks_passed,"Energie / Brennwert 2272 kJ / 544 kcal Fett 32 g gesättigte Fettsäuren 19 g Kohlenhydrate 56 g davon Zucker 54 g Eiweiß 5,1 g Salz 0,32 g"
102760,Lindt Lindor Schokoladen Kugeln mit Caramelfüllung und Salz 137g,NUTRITION,OK_WITH_WARNINGS,8,"unparseable_numeric_fragment:0, | plausibility_out_of_range:kcal:2588.0 not in [0.0, 900.0] | energy_mismatch:kJ=623.0 inconsistent_with_kcal=2588.0 | warnings_present","Brennwert: 623,00 Kilokalorien (kcal) Brennwert: 2.588,00 Kilojoule (kJ) Fett: 47,00 Fett, davon gesättigte Fettsäuren: 35,00 Kohlenhydrate…"
103905,Lindt Hello Vegan Roasted Salty Almonds mit Hafertrinkpulver 100g,NUTRITION,OK_WITH_WARNINGS,8,"unparseable_numeric_fragment:5, | unparseable_numeric_fragment:0, | plausibility_out_of_range:kcal:2377.0 not in [0.0, 900.0] | energy_mismatch:kJ=570.0 inconsistent_with_kcal=2377.0 | warnings_present","Brennwert: 570,00 Kilokalorien (kcal) Brennwert: 2.377,00 Kilojoule (kJ) Fett: 36g davon gesättigte Fettsäuren: 16g Kohlenhydrate: 54g davo…"
103906,Lindt Hello Vegan Sweet and Salty Popcorn Schokoladentafel 100g,NUTRITION,OK_WITH_WARNINGS,8,"unparseable_numeric_fragment:4, | unparseable_numeric_fragment:0, | plausibility_out_of_range:kcal:2284.0 not in [0.0, 900.0] | energy_mismatch:kJ=547.0 inconsistent_with_kcal=2284.0 | warnings_present","Brennwert: 547,00 Kilokalorien (kcal) Brennwert: 2.284,00 Kilojoule (kJ) Fett: 32g davon gesättigte Fettsäuren: 15g Kohlenhydrate: 59g davo…"
103914,Lindt Nuxor Gianduja Milchschokolade mit ganzen Haselnüssen 103g,NUTRITION,OK_WITH_WARNINGS,8,"unparseable_numeric_fragment:0, | plausibility_out_of_range:kcal:2549.0 not in [0.0, 900.0] | energy_mismatch:kJ=610.0 inconsistent_with_kcal=2549.0 | warnings_present","Brennwert: 610,00 Kilokalorien (kcal) Brennwert: 2.549,00 Kilojoule (kJ) Fett: 44g davon gesättigte Fettsäuren: 12g Kohlenhydrate: 40g davo…"
103918,Lindt Nuxor Gianduja Feinherb Ballotin mit ganzen Haselnüssen 103g,NUTRITION,OK_WITH_WARNINGS,8,"unparseable_numeric_fragment:0, | plausibility_out_of_range:kcal:2508.0 not in [0.0, 900.0] | energy_mismatch:kJ=600.0 inconsistent_with_kcal=2508.0 | warnings_present","Brennwert: 600,00 Kilokalorien (kcal) Brennwert: 2.508,00 Kilojoule (kJ) Fett: 43g davon gesättigte Fettsäuren: 13g Kohlenhydrate: 35g davo…"
103925,Lindt Mini Pralines feinherbe Schokolade Pralinenmischung 90g,NUTRITION,OK_WITH_WARNINGS,8,"unparseable_numeric_fragment:5, | unparseable_numeric_fragment:0, | plausibility_out_of_range:kcal:2238.0 not in [0.0, 900.0] | energy_mismatch:kJ=537.0 inconsistent_with_kcal=2238.0 | warnings_present","Brennwert: 537,00 Kilokalorien (kcal) Brennwert: 2.238,00 Kilojoule (kJ) Fett: 34g davon gesättigte Fettsäuren: 21g Kohlenhydrate: 49g davo…"
103933,Lindt Excellence Mini Täfelchen Mix aus Zartbitterschokolade 125g,NUTRITION,OK_WITH_WARNINGS,8,"unparseable_numeric_fragment:9, | unparseable_numeric_fragment:0, | plausibility_out_of_range:kcal:2350.0 not in [0.0, 900.0] | energy_mismatch:kJ=566.0 inconsistent_with_kcal=2350.0 | warnings_present","Brennwert: 566,00 Kilokalorien (kcal) Brennwert: 2.350,00 Kilojoule (kJ) Fett: 41g davon gesättigte Fettsäuren: 24g Kohlenhydrate: 34g davo…"
103935,Lindt Edelbitter Mousse Mini Stick Mix gefüllte Schokolade 127g,NUTRITION,OK_WITH_WARNINGS,8,"unparseable_numeric_fragment:6, | unparseable_numeric_fragment:0, | plausibility_out_of_range:kcal:2207.0 not in [0.0, 900.0] | energy_mismatch:kJ=530.0 inconsistent_with_kcal=2207.0 | warnings_present","Brennwert: 530,00 Kilokalorien (kcal), Brennwert: 2.207,00 Kilojoule (kJ) Fett: 34g davon gesättigte Fettsäuren: 20g Kohlenhydrate: 46g, da…"
103937,Lindt Vollmilch Schokolade ohne Süßstoff weniger Zucker Tafel 100g,NUTRITION,OK_WITH_WARNINGS,8,"unparseable_numeric_fragment:7, | unparseable_numeric_fragment:0, | plausibility_out_of_range:kcal:2230.0 not in [0.0, 900.0] | energy_mismatch:kJ=537.0 inconsistent_with_kcal=2230.0 | warnings_present","Brennwert: 537,00 Kilokalorien (kcal) Brennwert: 2.230,00 Kilojoule (kJ) Fett: 35g davon gesättigte Fettsäuren: 22g Kohlenhydrate: 41g davo…"
104225,Lindt Adventskalender kleiner Teddy versüßen die Wartezeit 128g,NUTRITION,OK,8,all_checks_passed,Energie (kJ) 2413 Energie (kcal) 579 Fett (g) 38.0 davon gesättigte Fettsäuren (g) 23.0 Kohlenhydrate (g) 52.0 davon Zucker (g) 51.0 Eiweiß…
104669,Lindt Mini Schoko Osterschäfchen Alpenvollmilch Schokolade 50g,NUTRITION,OK,8,all_checks_passed,"Energie / Brennwert 2350 kJ / 564 kcal Fett 36 g gesättigte Fettsäuren 22 g Kohlenhydrate 52 g davon Zucker 50 g Eiweiß 7,1 g Salz 0,31 g"
104735,Lindt Goldhase 70 Jahre Edition Alpen Vollmilch Schokolade 100g,NUTRITION,OK,8,all_checks_passed,"Energie / Brennwert 2272 kJ / 544 kcal Fett 32 g gesättigte Fettsäuren 19 g Kohlenhydrate 56 g davon Zucker 54 g Eiweiß 7,2 g Salz 0,32 g"
104772,Lindt XXL Lindor Vollmilch Schokoladen Eier XXL im Beutel 254g,NUTRITION,OK,8,all_checks_passed,"Energie / Brennwert 2538 kJ / 611 kcal Fett 45 g gesättigte Fettsäuren 34 g Kohlenhydrate 45 g davon Zucker 45 g Eiweiß 5,4 g Salz 0,21 g"
104782,Lindt Goldhase Minis Mix Beutel Weiß Edelbitter Alpenvollmilch 105g,NUTRITION,OK,8,all_checks_passed,"Energie / Brennwert 2414 kJ / 580 kcal Fett 39 g gesättigte Fettsäuren 23 g Kohlenhydrate 49 g davon Zucker 47 g Eiweiß 6,6 g Salz 0,2 g"
104787,Lindt Deko Edition Mini Eier bunt Alpenvollmilch Schokolade 180g,NUTRITION,OK,8,all_checks_passed,"Energie / Brennwert 2275 kJ / 545 kcal Fett 32 g gesättigte Fettsäuren 19 g Kohlenhydrate 56 g davon Zucker 56 g Eiweiß 7,3 g Salz 0,31 g"
106508,Lindt Goldhase Minis Milch im Beutel 10 Stück einzeln verpackt 105g,NUTRITION,OK,8,all_checks_passed,"Energie / Brennwert 2350 kJ / 564 kcal Fett 36 g gesättigte Fettsäuren 22 g Kohlenhydrate 52 g davon Zucker 50 g Eiweiß 7,1 g Salz 0,31 g"
106510,Lindt Goldhase Du bist Gold wert Groß und Klein Alpenvollmilch 163g,NUTRITION,OK,8,all_checks_passed,"Energie / Brennwert 2304 kJ / 552 kcal Fett 33 g gesättigte Fettsäuren 20 g Kohlenhydrate 56 g davon Zucker 54 g Eiweiß 6,9 g Salz 0,28 g"
106546,Lindt Schokoladen Goldhase Du bist Gold wert Tasche Vollmilch 153g,NUTRITION,OK,8,all_checks_passed,"Energie / Brennwert 2376 kJ / 570 kcal Fett 36 g gesättigte Fettsäuren 18 g Kohlenhydrate 53 g davon Zucker 51 g Eiweiß 7,3 g Salz 0,22 g"
106548,Lindt Goldhase Du bist Gold wert Kissenpackung Vollmilchschokolade 43g,NUTRITION,OK,8,all_checks_passed,"Energie / Brennwert 2374 kJ / 569 kcal Fett 36 g gesättigte Fettsäuren 19 g Kohlenhydrate 53 g davon Zucker 51 g Eiweiß 7,2 g Salz 0,23 g"
106552,Lindt Goldhase Du bist Gold wert Paar Alpenvollmilchschokolade 100g,NUTRITION,OK,8,all_checks_passed,"Energie / Brennwert 2272 kJ / 544 kcal Fett 32 g gesättigte Fettsäuren 19 g Kohlenhydrate 56 g davon Zucker 54 g Eiweiß 7,2 g Salz 0,32 g"
107183,Lindt Excellence Cranberry Mandel Haselnuss Feinherbe Tafel 100g,NUTRITION,OK,8,all_checks_passed,"Energie / Brennwert 2197 kJ / 527 kcal Fett 31 g gesättigte Fettsäuren 17 g Kohlenhydrate 53 g davon Zucker 47 g Eiweiß 6,4 g Salz 0,18 g"
107184,Lindt Excellence Mild und Cremig 50 Prozent Cacao Feinherb 100g,NUTRITION,OK,8,all_checks_passed,"Energie / Brennwert 2429 kJ / 584 kcal Fett 41 g gesättigte Fettsäuren 25 g Kohlenhydrate 45 g davon Zucker 41 g Eiweiß 5,5 g Salz 0,02 g"
107261,Lindt Lindor Kugeln Mischung Kissenpackung mit ca 10 Kugeln 149g,NUTRITION,OK,8,all_checks_passed,"Energie / Brennwert 2632 kJ / 634 kcal Fett 50 g gesättigte Fettsäuren 35 g Kohlenhydrate 40 g davon Zucker 38 g Eiweiß 4,8 g Salz 0,13 g"
107262,Lindt Lindor Vollmilch Kugeln Kissenpackung mit ca 10 Kugeln 150g,NUTRITION,OK,8,all_checks_passed,"Energie / Brennwert 2564 kJ / 617 kcal Fett 47 g gesättigte Fettsäuren 35 g Kohlenhydrate 43 g davon Zucker 43 g Eiweiß 4,6 g Salz 0,15 g"
107298,Lindt Lindor Schokokugeln Herzpackung Vollmilch mit Füllung 200g,NUTRITION,OK,8,all_checks_passed,"Energie / Brennwert 2564 kJ / 617 kcal Fett 47 g gesättigte Fettsäuren 35 g Kohlenhydrate 43 g davon Zucker 43 g Eiweiß 4,6 g Salz 0,15 g"
107299,Lindt Tafelschokolade weiss feinschmelzend der Klassiker 100g,NUTRITION,OK,8,all_checks_passed,"Energie / Brennwert 2364 kJ / 567 kcal Fett 35,0 g gesättigte Fettsäuren 22,0 g Kohlenhydrate 56,0 g davon Zucker 55,0 g Eiweiß 6,7 g Salz …"
107813,Lindt Excellence Cacao Pur Schokolade aus der Cacao Frucht 50g,NUTRITION,OK,8,"unparseable_numeric_fragment:9, | unparseable_numeric_fragment:0, | all_checks_passed",Brennwert: 2533Kilokalorien (kcal) Brennwert: 613 Kilojoule (kJ) Fett: 52g davon gesättigte Fettsäuren: 31g Kohlenhydrate: 21g davon Zucker…
107815,Lindt Mousse au Chocolat mit Aroma feinster Lindt Schokolade 110g,NUTRITION,OK_WITH_WARNINGS,8,"plausibility_out_of_range:salt_g:100.0 not in [0.0, 15.0] | warnings_present","Energie (KJ) per 100 g/ml 681 KJ Energie (kcal) per 100 g/ml 162 kcal Fett per 100 g/ml 5.0 g Fett, davon gesättigte Fettsäuren pro 100 g/m…"
107816,Lindt Lava Cake Backmischung 240g,NUTRITION,OK,8,"unparseable_numeric_fragment:7, | unparseable_numeric_fragment:0, | all_checks_passed",Energie kj 1410 kj Energie kcal 336 kcal Fett 13GRM Fett davon gesättigte Fettsäuren 8GRM Kohlenhydrate 48GRM Kohlenhydrate davon Zucker 34…
107817,Lindt Kuchenmischung 400g,NUTRITION,OK,8,"unparseable_numeric_fragment:6, | unparseable_numeric_fragment:1, | all_checks_passed",Energie kj 1555 kj Energie kcal 372 kcal Fett 18GRM Fett davon gesättigte Fettsäuren 10GRM Kohlenhydrate 44GRM Kohlenhydrate davon Zucker 3…
107818,Lindt Excellence Orange mit zarte Orangenstückchen und Mandeln 100g,NUTRITION,OK,8,all_checks_passed,Energie (kJ) 2227 Energie (kcal) 534 Fett (g) 32.0 davon gesättigte Fettsäuren (g) 17.0 Kohlenhydrate (g) 51.0 davon Zucker (g) 46.0 Eiweiß…
107820,Lindt Excellence Caramel Fleur de Sel feinherbe Schokolade 100g,NUTRITION,OK,8,"unparseable_numeric_fragment:6, | unparseable_numeric_fragment:0, | all_checks_passed",Energie kj 2117 kj Energie kcal 507 kcal Fett 28GRM Fett davon gesättigte Fettsäuren 17GRM Kohlenhydrate 55GRM Kohlenhydrate davon Zucker 5…
107822,Lindt Excellence Limone Ingwer 100g,NUTRITION,OK,8,"unparseable_numeric_fragment:6, | unparseable_numeric_fragment:0, | all_checks_passed",Energie kj 2185 kj Energie kcal 524 kcal Fett 31GRM Fett davon gesättigte Fettsäuren 17GRM Kohlenhydrate 50GRM Kohlenhydrate davon Zucker 4…
107828,Lindt Creation Haselnuss de Luxe mit feinherber Schokolade 150g,NUTRITION,OK,8,all_checks_passed,"Energie / Brennwert 2318kJ / 557 kcal Fett 37,0 g gesättigte Fettsäuren 19,0 g Kohlenhydrate 47,0 g davon Zucker 45,0 g Eiweiß 5,7 g Salz 0…"
107831,Lindt Mini Pralinen mit verschiedenen Emotionale Botschaften 100g,NUTRITION,OK_WITH_WARNINGS,9,"unparseable_numeric_fragment:7, | unparseable_numeric_fragment:0, | plausibility_out_of_range:kcal:2195.0 not in [0.0, 900.0] | energy_mismatch:kJ=526.0 inconsistent_with_kcal=2195.0 | warnings_present","Brennwert: 526 Kilokalorien (kcal) Brennwert: 2195 Kilojoule (kJ) Kohlenhydrate: 54g Kohlenhydrate, davon Zucker: 47g Fett: 30g Fett, davon…"
107834,Lindt Lindor weiße Schokolade mit zartschmelzender Füllung 100g,NUTRITION,OK,8,all_checks_passed,"Energie / Brennwert 2667kJ / 642 kcal Fett 50,0 g gesättigte Fettsäuren 38,0 g Kohlenhydrate 43,0 g davon Zucker 42,0 g Eiweiß 5,2 g Salz 0…"
107836,Lindt Haselnusscreme mit leckeren cremigen Haselnuss Geschmack 220g,NUTRITION,OK_WITH_WARNINGS,8,"plausibility_out_of_range:salt_g:100.0 not in [0.0, 15.0] | warnings_present","Energie (KJ) per 100 g/ml 2339 KJ Energie (kcal) per 100 g/ml 561 kcal Fett per 100 g/ml 33.0 g Fett, davon gesättigte Fettsäuren pro 100 g…"
107838,Lindt Lindor Stick Multipack Edelbitter Schokolade mit Füllung 100g,NUTRITION,OK_WITH_WARNINGS,8,"plausibility_out_of_range:salt_g:100.0 not in [0.0, 15.0] | warnings_present","Energie (KJ) per 100 g/ml 2595 KJ Energie (kcal) per 100 g/ml 626 kcal Fett per 100 g/ml 49.0 g Fett, davon gesättigte Fettsäuren pro 100 g…"
107841,Lindt Lindor Pistazie Vollmilchschokolade mit Pistazien Füllung 100g,NUTRITION,OK,8,all_checks_passed,"Energie / Brennwert 2545kJ / 612 kcal Fett 45,0 g gesättigte Fettsäuren 32,0 g Kohlenhydrate 46,0 g davon Zucker 44,0 g Eiweiß 5,6 g Salz 0…"
107847,Lindt Excellence Honig & Mandel feinherbe Schokoladentafel 100g,NUTRITION,OK,8,all_checks_passed,"Energie / Brennwert 2208 kJ / 530 kcal Fett 32,0 g gesättigte Fettsäuren 17,0 g Kohlenhydrate 50,0 g davon Zucker 46,0 g Eiweiß 6,8 g Salz …"
107848,Lindt Lindor XL Beutel Vollmilch -,NUTRITION,OK,8,"unparseable_numeric_fragment:4, | unparseable_numeric_fragment:0, | all_checks_passed",Energie kj 2594 kj Energie kcal 624 kcal Fett 48GRM Fett davon gesättigte Fettsäuren 36GRM Kohlenhydrate 43GRM Kohlenhydrate davon Zucker 4…
107849,Lindt Creme Noir Dunkle Kakaocreme mit vollmundiger Schokolade 220g,NUTRITION,OK_WITH_WARNINGS,8,"plausibility_out_of_range:salt_g:100.0 not in [0.0, 15.0] | warnings_present","Energie (KJ) per 100 g/ml 2448 KJ Energie (kcal) per 100 g/ml 588 kcal Fett per 100 g/ml 37.0 g Fett, davon gesättigte Fettsäuren pro 100 g…"
107850,Lindt Für Kenner Marzipan mit köstlichen Marzipan Pralinen 125g,NUTRITION,OK_WITH_WARNINGS,8,"plausibility_out_of_range:salt_g:100.0 not in [0.0, 15.0] | warnings_present","Energie (KJ) per 100 g/ml 2041 KJ Energie (kcal) per 100 g/ml 488 kcal Fett per 100 g/ml 25.0 g Fett, davon gesättigte Fettsäuren pro 100 g…"
107851,Lindt Für Kenner Noirs mit intensiven leckeren Kakao Genuss 125g,NUTRITION,OK_WITH_WARNINGS,8,"plausibility_out_of_range:salt_g:100.0 not in [0.0, 15.0] | warnings_present","Energie (KJ) per 100 g/ml 2291 KJ Energie (kcal) per 100 g/ml 550 kcal Fett per 100 g/ml 35.0 g Fett, davon gesättigte Fettsäuren pro 100 g…"
107852,Lindt Mini Pralines Emotional Edition 180g,NUTRITION,OK,8,"unparseable_numeric_fragment:7, | unparseable_numeric_fragment:0, | all_checks_passed",Energie kj 2235 kj Energie kcal 536 kcal Fett 32GRM Fett davon gesättigte Fettsäuren 15GRM Kohlenhydrate 53GRM Kohlenhydrate davon Zucker 5…
107853,Lindt Mini Pralines Emotional rot in verschiedenen Sorten 100g,NUTRITION,OK,8,"unparseable_numeric_fragment:7, | unparseable_numeric_fragment:0, | all_checks_passed","Energie 2201 kj Energie 526 kcal Fett 30g gesättigte Fettsäuren 14g Kohlenhydrate 54g Zucker 47g Eiweiß 7,3g Salz 0,17g"
107854,Lindt Mini Pralines Emotional Rosa in verschiedenen Sorten 100g,NUTRITION,OK,8,"unparseable_numeric_fragment:7, | unparseable_numeric_fragment:0, | all_checks_passed","Energie kj 2195 Energie kcal 526 Fett 30g davon gesättigte Fettsäuren 14g Kohlenhydrate 54g davon Zucker 47g Eiweiß 7,3g Salz 0,17g"
107855,Lindt Lindor Präsent mit Herz Cutouts unendlich Zartschmelzend 187g,NUTRITION,OK_WITH_WARNINGS,8,"plausibility_out_of_range:salt_g:100.0 not in [0.0, 15.0] | warnings_present","Energie (KJ) per 100 g/ml 2564 KJ Energie (kcal) per 100 g/ml 617 kcal Fett per 100 g/ml 47.0 g Fett, davon gesättigte Fettsäuren pro 100 g…"
107856,Lindt Lindor Erdbeer Sahne Herzpackung  einzeln gewickelte Kugeln 200g,NUTRITION,OK,8,"unparseable_numeric_fragment:3, | unparseable_numeric_fragment:0, | all_checks_passed",Energie kj 2621 kj Energie kcal 631 kcal Fett 48GRM Fett davon gesättigte Fettsäuren 36GRM Kohlenhydrate 45GRM Kohlenhydrate davon Zucker 4…
107860,Lindt Mini Pralines Geburtstag in verschiedenen leckeren Sorten 100g,NUTRITION,OK_WITH_WARNINGS,8,"plausibility_out_of_range:salt_g:100.0 not in [0.0, 15.0] | warnings_present","Energie (KJ) per 100 g/ml 2195 KJ Energie (kcal) per 100 g/ml 526 kcal Fett per 100 g/ml 30.0 g Fett, davon gesättigte Fettsäuren pro 100 g…"
107862,Lindt Grand Plaisir Erdbeer Mandel mit weisser Schokolade 150g,NUTRITION,OK,8,"unparseable_numeric_fragment:0, | all_checks_passed",Energie kj 2329 kj Energie kcal 558 kcal Fett 34GRM Fett davon gesättigte Fettsäuren 20GRM Kohlenhydrate 56GRM Kohlenhydrate davon Zucker 5…
107863,Lindt Grand Plaisir Haselnuss mit Vollmilch Schokolade Tafel 150g,NUTRITION,OK,8,"unparseable_numeric_fragment:7, | unparseable_numeric_fragment:0, | all_checks_passed",Energie kj 2347 kj Energie kcal 563 kcal Fett 36GRM Fett davon gesättigte Fettsäuren 17GRM Kohlenhydrate 51GRM Kohlenhydrate davon Zucker 4…
107865,Lindt Creation Tarte au Citron mit fruchtiger Cremefüllung 150g,NUTRITION,OK_WITH_WARNINGS,8,"plausibility_out_of_range:salt_g:100.0 not in [0.0, 15.0] | warnings_present","Energie (KJ) per 100 g/ml 2267 KJ Energie (kcal) per 100 g/ml 543 kcal Fett per 100 g/ml 33.0 g Fett, davon gesättigte Fettsäuren pro 100 g…"
107876,Lindt Zartbitter Tafel Promotion einzigartiges Geschmackserlebnis 100g,NUTRITION,OK,8,all_checks_passed,"Energie 2.227 kJ Energie 534 kcal Fett 32 g Fett, davon gesättigte Fettsäuren 19 g Kohlenhydrate 51 g Kohlenhydrate, davon Zucker 46 g Eiwe…"
107877,Lindt Für Kenner Marzipan eine extravagante Mischung von Pralinen 200g,NUTRITION,OK_WITH_WARNINGS,8,"plausibility_out_of_range:salt_g:100.0 not in [0.0, 15.0] | warnings_present","Energie (KJ) per 100 g/ml 2046 KJ Energie (kcal) per 100 g/ml 489 kcal Fett per 100 g/ml 26.0 g Fett, davon gesättigte Fettsäuren pro 100 g…"
107881,Lindt für Kenner Classic eine Mischung aus verschiedenen Pralinen 200g,NUTRITION,OK_WITH_WARNINGS,8,"unparseable_numeric_fragment:7, | unparseable_numeric_fragment:0, | plausibility_out_of_range:kcal:2296.0 not in [0.0, 900.0] | energy_mismatch:kJ=551.0 inconsistent_with_kcal=2296.0 | warnings_present","Brennwert: 551,00 Kilokalorien (kcal) Brennwert: 2.296,00 Kilojoule (kJ) Fett: 34g davon gesättigte Fettsäuren: 16g Kohlenhydrate: 52g davo…"
107882,Lindt Lieblingspraline Nougat mit leckerer Vollmilchschokolade 40g,NUTRITION,OK_WITH_WARNINGS,8,"plausibility_out_of_range:salt_g:100.0 not in [0.0, 15.0] | warnings_present","Energie (KJ) per 100 g/ml 2345 KJ Energie (kcal) per 100 g/ml 562 kcal Fett per 100 g/ml 34.0 g Fett, davon gesättigte Fettsäuren pro 100 g…"
107883,Lindt Mini Pralinen süße Köstlichkeiten aus Schokolade im Mini 180g,NUTRITION,OK_WITH_WARNINGS,8,"unparseable_numeric_fragment:32, | unparseable_numeric_fragment:15, | unparseable_numeric_fragment:50, | unparseable_numeric_fragment:7, | unparseable_numeric_fragment:0, | plausibility_out_of_range:kcal:2235.0 not in [0.0, 900.0] | energy_mismatch:kJ=536.0 inconsistent_with_kcal=2235.0 | warnings_present","Brennwert: 536,00 Kilokalorien (kcal) Brennwert: 2.235,00 Kilojoule (kJ) Fett: 32,00g davon gesättigte Fettsäuren: 15,00g Kohlenhydrate: 53…"
107886,Lindt Excellence 70 Prozent Cacao Edelbitter intensiv Tafel 100g,NUTRITION,OK,8,"unparseable_numeric_fragment:9, | unparseable_numeric_fragment:0, | all_checks_passed",Energie kj 2350 kj Energie kcal 566 kcal Fett 41GRM Fett davon gesättigte Fettsäuren 24GRM Kohlenhydrate 34GRM Kohlenhydrate davon Zucker 2…
107887,Lindt Les Grandes Mandel Krokant in feiner Milchschokolade 150g,NUTRITION,OK,8,"unparseable_numeric_fragment:0, | all_checks_passed",Energie kj 2337 kj Energie kcal 561 kcal Fett 37GRM Fett davon gesättigte Fettsäuren 14GRM Kohlenhydrate 44GRM Kohlenhydrate davon Zucker 4…
107888,Lindt Cresta Tafel mit knusprigem Mandelkrokant und Pralinencreme 100g,NUTRITION,OK,8,all_checks_passed,"Energie / Brennwert 2311kJ / 554 kcal Fett 34,0 g gesättigte Fettsäuren 16,0 g Kohlenhydrate 53,0 g davon Zucker 51,0 g Eiweiß 6,8 g Salz 0…"
107891,Lindt Zartbitter ohne Zuckerzusatz aus hochwertiger Kakaobohnen 100g,NUTRITION,OK_WITH_WARNINGS,8,"plausibility_out_of_range:salt_g:100.0 not in [0.0, 15.0] | warnings_present","Energie (KJ) per 100 g/ml 2060 KJ Energie (kcal) per 100 g/ml 490 kcal Fett per 100 g/ml 38.0 g Fett, davon gesättigte Fettsäuren pro 100 g…"
107894,Lindt Fioretto Präsent knusprige Praline mit Nougat Füllung 138g,NUTRITION,OK_WITH_WARNINGS,8,"plausibility_out_of_range:salt_g:100.0 not in [0.0, 15.0] | warnings_present","Energie (KJ) per 100 g/ml 2275 KJ Energie (kcal) per 100 g/ml 545 kcal Fett per 100 g/ml 33.0 g Fett, davon gesättigte Fettsäuren pro 100 g…"
107895,Lindt Fioretto Präsent Schoko Pralinen mit leckerem Marzipan 138g,NUTRITION,OK_WITH_WARNINGS,8,"plausibility_out_of_range:salt_g:100.0 not in [0.0, 15.0] | warnings_present","Energie (KJ) per 100 g/ml 2041 KJ Energie (kcal) per 100 g/ml 488 kcal Fett per 100 g/ml 23.0 g Fett, davon gesättigte Fettsäuren pro 100 g…"
107896,Lindt Fioretto Präsent Zabaione aus einer Zabaione Trüffel 138g,NUTRITION,OK_WITH_WARNINGS,8,"plausibility_out_of_range:salt_g:100.0 not in [0.0, 15.0] | warnings_present","Energie (KJ) per 100 g/ml 2207 KJ Energie (kcal) per 100 g/ml 529 kcal Fett per 100 g/ml 30.0 g Fett, davon gesättigte Fettsäuren pro 100 g…"
107897,Fioretto Mini Pralinen mit Cappuccino Sahne Cremefüllung 115g,NUTRITION,OK_WITH_WARNINGS,8,"plausibility_out_of_range:salt_g:100.0 not in [0.0, 15.0] | warnings_present","Energie (KJ) per 100 g/ml 2337 KJ Energie (kcal) per 100 g/ml 561 kcal Fett per 100 g/ml 36.0 g Fett, davon gesättigte Fettsäuren pro 100 g…"
107898,Lindt Hauchdünne Täfelchen köstliche Vollmilchschokolade Vielfalt 125g,NUTRITION,OK_WITH_WARNINGS,8,"plausibility_out_of_range:salt_g:100.0 not in [0.0, 15.0] | warnings_present","Energie (KJ) per 100 g/ml 2262 KJ Energie (kcal) per 100 g/ml 542 kcal Fett per 100 g/ml 33.0 g Fett, davon gesättigte Fettsäuren pro 100 g…"
107899,Lindt Mini Pralinen süße Köstlichkeiten aus Schokolade im Mini 44g,NUTRITION,OK_WITH_WARNINGS,8,"plausibility_out_of_range:salt_g:100.0 not in [0.0, 15.0] | warnings_present","Energie (KJ) per 100 g/ml 2240 KJ Energie (kcal) per 100 g/ml 537 kcal Fett per 100 g/ml 33.0 g Fett, davon gesättigte Fettsäuren pro 100 g…"
107900,Lindt Lindor Kugeln Pistazie Schokolade mit Pistaziefüllung 137g,NUTRITION,OK,8,"unparseable_numeric_fragment:5, | unparseable_numeric_fragment:0, | all_checks_passed",Energie kj 2600 kj Energie kcal 626 kcal Fett 48GRM Fett davon gesättigte Fettsäuren 34GRM Kohlenhydrate 43GRM Kohlenhydrate davon Zucker 4…
107901,Lindt Hauchdünne Täfelchen köstliche Vollmilchschokolade Vielfalt 250g,NUTRITION,OK_WITH_WARNINGS,8,"plausibility_out_of_range:salt_g:100.0 not in [0.0, 15.0] | warnings_present","Energie (KJ) per 100 g/ml 2262 KJ Energie (kcal) per 100 g/ml 542 kcal Fett per 100 g/ml 33.0 g Fett, davon gesättigte Fettsäuren pro 100 g…"
107902,Lindt Pralines des Dames die den Gaumen in Verzückung bringen 250g,NUTRITION,OK_WITH_WARNINGS,8,"plausibility_out_of_range:salt_g:100.0 not in [0.0, 15.0] | warnings_present","Energie (KJ) per 100 g/ml 2302 KJ Energie (kcal) per 100 g/ml 552 kcal Fett per 100 g/ml 34.0 g Fett, davon gesättigte Fettsäuren pro 100 g…"
107903,Lindt Pralines Royal außen mit viel Liebe zum Detail verziert 300g,NUTRITION,OK_WITH_WARNINGS,8,"plausibility_out_of_range:salt_g:100.0 not in [0.0, 15.0] | warnings_present","Energie (KJ) per 100 g/ml 2283 KJ Energie (kcal) per 100 g/ml 548 kcal Fett per 100 g/ml 34.0 g Fett, davon gesättigte Fettsäuren pro 100 g…"
107904,Lindt für Kenner Noirs für Liebhaber dunkler Schokopralinen 200g,NUTRITION,OK_WITH_WARNINGS,8,"plausibility_out_of_range:salt_g:100.0 not in [0.0, 15.0] | warnings_present","Energie (KJ) per 100 g/ml 2263 KJ Energie (kcal) per 100 g/ml 544 kcal Fett per 100 g/ml 35.0 g Fett, davon gesättigte Fettsäuren pro 100 g…"
107905,Lindt Pralines Hell und Zart für Liebhaber heller Pralinen 200g,NUTRITION,OK_WITH_WARNINGS,8,"unparseable_numeric_fragment:6, | unparseable_numeric_fragment:0, | plausibility_out_of_range:kcal:2276.0 not in [0.0, 900.0] | energy_mismatch:kJ=545.0 inconsistent_with_kcal=2276.0 | warnings_present","Brennwert: 545,00 Kilokalorien (kcal) Brennwert: 2.276,00 Kilojoule (kJ) Fett: 33g davon gesättigte Fettsäuren: 17g Kohlenhydrate: 54g davo…"
107906,Lindt Für Kenner Nougat in leckeren verschiedenen Sorten 200g,NUTRITION,OK_WITH_WARNINGS,8,"unparseable_numeric_fragment:9, | unparseable_numeric_fragment:0, | plausibility_out_of_range:kcal:2404.0 not in [0.0, 900.0] | energy_mismatch:kJ=577.0 inconsistent_with_kcal=2404.0 | warnings_present","Brennwert: 577,00 Kilokalorien (kcal) Brennwert: 2.404,00 Kilojoule (kJ) Fett: 37g davon gesättigte Fettsäuren: 14g Kohlenhydrate: 50g davo…"
107907,Fioretto Minis Beutel mit einer feinen Marzipan Dessert Füllung 115g,NUTRITION,OK_WITH_WARNINGS,8,"unparseable_numeric_fragment:6, | unparseable_numeric_fragment:0, | plausibility_out_of_range:kcal:2032.0 not in [0.0, 900.0] | energy_mismatch:kJ=486.0 inconsistent_with_kcal=2032.0 | warnings_present","Brennwert: 486,00 Kilokalorien (kcal) Brennwert: 2.032,00 Kilojoule (kJ) Fett: 23g davon gesättigte Fettsäuren: 9g Kohlenhydrate: 60g davon…"
107908,Fioretto Minis Beutel zartem Nougat knackigen Haselnuss Stückchen 115g,NUTRITION,OK_WITH_WARNINGS,8,"unparseable_numeric_fragment:7, | unparseable_numeric_fragment:0, | plausibility_out_of_range:kcal:2270.0 not in [0.0, 900.0] | energy_mismatch:kJ=544.0 inconsistent_with_kcal=2270.0 | warnings_present","Brennwert: 544,00 Kilokalorien (kcal) Brennwert: 2.270,00 Kilojoule (kJ) Fett: 33g davon gesättigte Fettsäuren: 16g Kohlenhydrate: 53g davo…"
107909,Lindt Lindor Beutel Weiss mit zartschmelzender Schokolade 136g,NUTRITION,OK,8,all_checks_passed,Energie (kJ) 2625 Energie (kcal) 632 Fett (g) 48.0 davon gesättigte Fettsäuren (g) 35.0 Kohlenhydrate (g) 45.0 davon Zucker (g) 45.0 Eiweiß…
107910,Lindt Lindor Präsent Mischung,NUTRITION,OK,8,"unparseable_numeric_fragment:4, | unparseable_numeric_fragment:0, | all_checks_passed",Energie kj 2631 kj Energie kcal 634 kcal Fett 50GRM Fett davon gesättigte Fettsäuren 35GRM Kohlenhydrate 40GRM Kohlenhydrate davon Zucker 3…
107911,Lindor Herzbox Milch,NUTRITION,OK,8,"unparseable_numeric_fragment:4, | unparseable_numeric_fragment:0, | all_checks_passed",Energie kj 2564 kj Energie kcal 617 kcal Fett 47GRM Fett davon gesättigte Fettsäuren 35GRM Kohlenhydrate 43GRM Kohlenhydrate davon Zucker 4…
107914,Lindt und Sprüngli Lindor Kissenpackung Mischung 70% Kakaoanteil,NUTRITION,OK,8,"unparseable_numeric_fragment:6, | unparseable_numeric_fragment:0, | all_checks_passed",Energie kj 2607 kj Energie kcal 630 kcal Fett 52GRM Fett davon gesättigte Fettsäuren 39GRM Kohlenhydrate 28GRM Kohlenhydrate davon Zucker 2…
107915,Lindt Les Grandes Mandel Salz in feinherber Schokolade Tafel 150g,NUTRITION,OK,8,"unparseable_numeric_fragment:0, | all_checks_passed",Energie kj 2341 kj Energie kcal 563 kcal Fett 38GRM Fett davon gesättigte Fettsäuren 14GRM Kohlenhydrate 42GRM Kohlenhydrate davon Zucker 3…
107916,Lindt Couverture Zartbitter 100g,NUTRITION,OK,8,"unparseable_numeric_fragment:5, | unparseable_numeric_fragment:0, | all_checks_passed",Energie kj 2295 kj Energie kcal 551 kcal Fett 35GRM Fett davon gesättigte Fettsäuren 21GRM Kohlenhydrate 50GRM Kohlenhydrate davon Zucker 4…
107920,Lindt Lindor Stick Multipack Milch mit zartschmelzender Füllung 100g,NUTRITION,OK,8,all_checks_passed,Energie (kJ) 2556 Energie (kcal) 615 Fett (g) 45.0 davon gesättigte Fettsäuren (g) 33.0 Kohlenhydrate (g) 46.0 davon Zucker (g) 45.0 Eiweiß…
107922,Lindt Excellence mit einem intensiven leckeren Kakaogeschmack 100g,NUTRITION,OK,8,"unparseable_numeric_fragment:0, | all_checks_passed",Energie kj 2384 kj Energie kcal 576 kcal Fett 46GRM Fett davon gesättigte Fettsäuren 29GRM Kohlenhydrate 24GRM Kohlenhydrate davon Zucker 1…
107923,Lindt Marille Tafel Promotion fruchtiger Marillenbrand Füllung 100g,NUTRITION,OK,8,all_checks_passed,Energie (kJ) 1999 Energie (kcal) 477 Fett (g) 22.0 davon gesättigte Fettsäuren (g) 13.0 Kohlenhydrate (g) 60.0 davon Zucker (g)59.0 Eiweiß …
107924,Lindt Lindor Beutel die unendlich zartschmelzende Füllung 136g,NUTRITION,OK,8,all_checks_passed,Energie (kJ) 2607 Energie (kcal) 630 Fett (g) 52.0 davon gesättigte Fettsäuren (g) 39.0 Kohlenhydrate (g) 28.0 davon Zucker (g) 25.0 Eiweiß…
107929,Lindt Creation Schwarzwälder-Kirsche,NUTRITION,OK,8,"unparseable_numeric_fragment:5, | unparseable_numeric_fragment:0, | all_checks_passed",Energie kj 2243 kj Energie kcal 538 kcal Fett 32GRM Fett davon gesättigte Fettsäuren 20GRM Kohlenhydrate 55GRM Kohlenhydrate davon Zucker 5…
107930,Lindt Lindor Vollmilch Kugeln in einer Herzgeschenkverpackung 112g,NUTRITION,OK,8,"unparseable_numeric_fragment:4, | unparseable_numeric_fragment:0, | all_checks_passed",Energie kj 2564 kj Energie kcal 617 kcal Fett 47GRM Fett davon gesättigte Fettsäuren 35GRM Kohlenhydrate 43GRM Kohlenhydrate davon Zucker 4…
107931,Lindt Mini Pralinen süße Köstlichkeiten aus Schokolade im Mini 100g,NUTRITION,OK_WITH_WARNINGS,8,"unparseable_numeric_fragment:7, | unparseable_numeric_fragment:0, | plausibility_out_of_range:kcal:2195.0 not in [0.0, 900.0] | energy_mismatch:kJ=526.0 inconsistent_with_kcal=2195.0 | warnings_present","Brennwert: 526,00 Kilokalorien (kcal) Brennwert: 2.195,00 Kilojoule (kJ) Fett: 30g davon gesättigte Fettsäuren: 14g Kohlenhydrate: 54g davo…"
107932,Lindt für Kenner Classic zartschmelzend und unwiderstehlich 125g,NUTRITION,OK_WITH_WARNINGS,8,"unparseable_numeric_fragment:7, | unparseable_numeric_fragment:0, | plausibility_out_of_range:kcal:2248.0 not in [0.0, 900.0] | energy_mismatch:kJ=539.0 inconsistent_with_kcal=2248.0 | warnings_present",Brennwert: 539 Kilokalorien (kcal) Brennwert: 2.248 Kilojoule (kJ) Fett: 32g Fett davon gesättigte Fettsäuren: 16g Kohlenhydrate: 54g davon…
107933,Lindt Lindor Cacao mit zartschmelzende dunkler Schokolade 100g,NUTRITION,OK,8,"unparseable_numeric_fragment:6, | unparseable_numeric_fragment:0, | all_checks_passed",Energie kj 2660 kj Energie kcal 643 kcal Fett 54GRM Fett davon gesättigte Fettsäuren 39GRM Kohlenhydrate 29GRM Kohlenhydrate davon Zucker 2…
107934,Lindt Lindor Beutel Erdbeer Sahne,NUTRITION,OK,8,"unparseable_numeric_fragment:3, | unparseable_numeric_fragment:0, | all_checks_passed",Energie kj 2621 kj Energie kcal 631 kcal Fett 48GRM Fett davon gesättigte Fettsäuren 36GRM Kohlenhydrate 45GRM Kohlenhydrate davon Zucker 4…
107935,Lindt Lindor Beutel Mischung mit zartschmelzende Füllung 137g,NUTRITION,OK_WITH_WARNINGS,8,"unparseable_numeric_fragment:4, | unparseable_numeric_fragment:0, | plausibility_out_of_range:kcal:2652.0 not in [0.0, 900.0] | energy_mismatch:kJ=640.0 inconsistent_with_kcal=2652.0 | warnings_present",Brennwert: 640 Kilokalorien (kcal) Brennwert: 2.652 Kilojoule (kJ) Fett: 51g davon gesättigte Fettsäuren: 36g Kohlenhydrate: 41g davon Zuck…
113567,Lindt Creation Himbeer Panna Cotta eine unwiderstehlichen Füllung 150g,NUTRITION,OK_WITH_WARNINGS,8,"plausibility_out_of_range:kcal:2248.0 not in [0.0, 900.0] | energy_mismatch:kJ=539.0 inconsistent_with_kcal=2248.0 | warnings_present","Brennwert: 539,00 Kilokalorien (kcal) Brennwert: 2.248,00 Kilojoule (kJ) Fett: 32,00 Fett davon gesättigte Fettsäuren: 20,00 Kohlenhydrate:…"
113569,Lindt Lindor Double Chocolate die zartschmelzende Verführung 137g,NUTRITION,OK_WITH_WARNINGS,8,"plausibility_out_of_range:kcal:2626.0 not in [0.0, 900.0] | energy_mismatch:kJ=633.0 inconsistent_with_kcal=2626.0 | warnings_present","Brennwert: 633,00 Kilokalorien (kcal) Brennwert: 2.626,00 Kilojoule (kJ) Fett: 50,00 Fett davon gesättigte Fettsäuren: 37,00 Kohlenhydrate:…"
113571,Lindt Creation Nougat Krokant Tafelschokolade mit Haselnuss 150g,NUTRITION,OK_WITH_WARNINGS,8,"plausibility_out_of_range:salt_g:100.0 not in [0.0, 15.0] | warnings_present","Energie (KJ) per 100 g/ml 2342 KJ Energie (kcal) per 100 g/ml 561 kcal Fett per 100 g/ml 34.0 g Fett, davon gesättigte Fettsäuren pro 100 g…"
113573,Lindt Pflaumen Alkohol Füllung mit fruchtigem Zwetschgenwasser 100g,NUTRITION,OK,8,all_checks_passed,Energie (kJ) 2009 Energie (kcal) 480 Fett (g) 22.0 davon gesättigte Fettsäuren (g) 13.0 Kohlenhydrate (g) 60.0 davon Zucker (g) 59.0 Eiweiß…
113575,Lindt Lindor XL Beutel Weiß,NUTRITION,OK,8,"unparseable_numeric_fragment:4, | unparseable_numeric_fragment:0, | all_checks_passed",Energie kj 2625 kj Energie kcal 632 kcal Fett 48GRM Fett davon gesättigte Fettsäuren 35GRM Kohlenhydrate 45GRM Kohlenhydrate davon Zucker 4…
113577,Lindt Pralines Persönliche Liebe Botschaft verschiedene Sorten 180g,NUTRITION,OK_WITH_WARNINGS,8,"plausibility_out_of_range:salt_g:100.0 not in [0.0, 15.0] | warnings_present","Energie (KJ) per 100 g/ml 2229 KJ Energie (kcal) per 100 g/ml 534 kcal Fett per 100 g/m 32.0 g Fett, davon gesättigte Fettsäuren pro 100 g/…"
113578,Lindt Lindor Edelbitter Schokolade mit zartschmelzender Füllung 400g,NUTRITION,OK,7,all_checks_passed,Brennwert 2607.00 kJ (630 kcal) Eiweiß 6.7 g Fett 52 g davon ges. Fettsäuren 39 g Kohlenhydrate 28 g davon Zucker 25 g Salz 0.22 g
113579,Lindt HELLO Mini Stick Mix Box in verschiedenen leckeren Sorten 120g,NUTRITION,OK,8,"unparseable_numeric_fragment:6, | unparseable_numeric_fragment:0, | all_checks_passed","Energie kj 2241 Energie kcal 537 Fett 32g Fett davon gesättigte Fettsäuren 18g Kohlenhydrate 55g Kohlenhydrate davon Zucker 52g Eiweiß 6,4g…"
113580,Lindt Hello Mini Stick Mix mit verschiedenen leckeren Sorten 120g,NUTRITION,OK_WITH_WARNINGS,8,"plausibility_out_of_range:salt_g:100.0 not in [0.0, 15.0] | warnings_present","Energie (KJ) per 100 g/ml 2247 KJ Energie (kcal) per 100 g/ml 538 kcal Fett per 100 g/ml 32.0 g Fett, davon gesättigte Fettsäuren 18.0 g Ko…"
113581,Lindt Schoko Pralinen in Mini Weiß mit cremiger Kakaobutter 90g,NUTRITION,OK_WITH_WARNINGS,8,"plausibility_out_of_range:salt_g:100.0 not in [0.0, 15.0] | warnings_present","Energie (KJ) per 100 g/ml 2281 KJ Energie (kcal) per 100 g/ml 547 kcal Fett per 100 g/m 33.0 g Fett, davon gesättigte Fettsäuren 18.0 g Koh…"
113582,Lindt Lindor Double Chocolate Schokolade mit Schoko Füllung 100g,NUTRITION,OK,8,all_checks_passed,"Energie / Brennwert 2581kJ / 622 kcal Fett 48,0 g gesättigte Fettsäuren 35,0 g Kohlenhydrate 40,0 g davon Zucker 38,0 g Eiweiß 5,4 g Salz 0…"
113584,Lindor Lindor Milch zartschmelzende Vollmilchschokolade 1000g,NUTRITION,OK,8,all_checks_passed,"Energie / Brennwert 2587kJ / 623 kcal Fett 47,0 g gesättigte Fettsäuren 34,0 g Kohlenhydrate 44,0 g davon Zucker 42,0 g Eiweiß 5,0 g Salz 0…"
113585,Lindor Lindor Gemischt zartschmelzende Vollmilchschokolade 1000g,NUTRITION,OK,8,all_checks_passed,"Energie / Brennwert 2615kJ / 630 kcal Fett 49,0 g gesättigte Fettsäuren 35,0 g Kohlenhydrate 42,0 g davon Zucker 40,0 g Eiweiß 4,8 g Salz 0…"
113841,Lindt XXL Weihnachtsmix Mini Kugeln Glamour 3fach sortiert 268g,NUTRITION,OK,8,"unparseable_numeric_fragment:6, | unparseable_numeric_fragment:0, | all_checks_passed","Brennwert: 2363kJ/567kcal, Fett: 35g, davon gesättigte Fettsäuren: 19g, Kohlenhydrate: 55g, davon Zucker: 54g, Eiweiß: 6,9g, Salz: 0,23g"
113851,Lindt Teddy Wimmelbild Adventskalender aus Vollmilchschokolade 265g,NUTRITION,OK,8,"unparseable_numeric_fragment:6, | unparseable_numeric_fragment:0, | all_checks_passed","Brennwert: 2376kJ/570kcal, Fett: 37g, davon gesättigte Fettsäuren: 23g, Kohlenhydrate: 52g, davon Zucker: 51g, Eiweiß: 6,5g, Salz: 0,25g"
113859,Lindt Mini Santa im Schlitten Schokoladenfigur mit Schlitten 60g,NUTRITION,OK,8,all_checks_passed,"Energie / Brennwert 2297 kJ / 549 kcal Fett 33,0 g gesättigte Fettsäuren 18,0 g Kohlenhydrate 56,0 g davon Zucker 54,0 g Eiweiß 6,9 g Salz …"
113862,Lindt Santa im festlichen Nikolausstiefel aus Vollmilchschokolade 200g,NUTRITION,OK,8,all_checks_passed,"Energie / Brennwert 2367 kJ / 568 kcal Fett 35,0 g gesättigte Fettsäuren 20,0 g Kohlenhydrate 55,0 g davon Zucker 53,0 g Eiweiß 7,0 g Salz …"
113864,Lindt Teddy Pullover Schokoladen Figur aus Vollmilchschokolade 100g,NUTRITION,OK,8,all_checks_passed,"Energie / Brennwert 2263 kJ / 541 kcal Fett 32,0 g gesättigte Fettsäuren 19,0 g Kohlenhydrate 56,0 g davon Zucker 54,0 g Eiweiß 7,2 g Salz …"
113866,Lindt Teddy Freunde gefüllte Schokoladen Figuren aus Vollmilch 96g,NUTRITION,OK,8,all_checks_passed,"Energie / Brennwert 2405 kJ / 575 kcal Fett 38,0 g gesättigte Fettsäuren 24,0 g Kohlenhydrate 52,0 g davon Zucker 51,0 g Eiweiß 6,2 g Salz …"
113869,Lindt Schokoladen Engel Zartschmelzende Vollmilchschokolade 40g,NUTRITION,OK,8,all_checks_passed,"Energie / Brennwert 2401 kJ / 574 kcal Fett 32,0 g gesättigte Fettsäuren 19,0 g Kohlenhydrate 56,0 g davon Zucker 54,0 g Eiweiß 7,2 g Salz …"
113872,Lindt Lindor Vollmilch Kugeln mit zartschmelzender Füllung Köcher 150g,NUTRITION,OK,8,"unparseable_numeric_fragment:5, | unparseable_numeric_fragment:0, | all_checks_passed","Brennwert: 2520kJ/606kcal, Fett: 44g, davon gesättigte Fettsäuren: 33g, Kohlenhydrate: 46g, davon Zucker: 45g, Eiweiß: 5,5g, Salz: 0,22g"
113873,Lindt Lindor Vollmilch Kugeln mit Füllung 3fach Mischung Köcher 150g,NUTRITION,OK,8,"unparseable_numeric_fragment:4, | unparseable_numeric_fragment:0, | all_checks_passed","Brennwert: 2547kJ/613kcal, Fett: 45g, davon gesättigte Fettsäuren: 33g, Kohlenhydrate: 46g, davon Zucker: 44g, Eiweiß: 4,9g, Salz: 0,15g"
113874,Lindt Weihnachtszauber Pralines Präsentdose 9fach sortiert 195g,NUTRITION,OK,8,"unparseable_numeric_fragment:7, | unparseable_numeric_fragment:0, | all_checks_passed","Brennwert: 2304kJ/553kcal, Fett: 35g, davon gesättigte Fettsäuren: 17g, Kohlenhydrate: 49g, davon Zucker: 46g, Eiweiß: 7,2g, Salz: 0,16g"
113875,Lindt Vollmilchschokolade Teddy Pullover in rot oder rosa 100g,NUTRITION,OK,8,"unparseable_numeric_fragment:7, | unparseable_numeric_fragment:0, | all_checks_passed","Brennwert: 2272kJ/544kcal, Fett: 32g, davon gesättigte Fettsäuren: 19g, Kohlenhydrate: 56g, davon Zucker: 54g, Eiweiß: 7,2g, Salz: 0,3g"
113876,Lindt Mini Engel Metallic perforiert 5 Hohlfiguren aus Schokolade 50g,NUTRITION,OK,8,all_checks_passed,"Energie / Brennwert 2350 kJ / 564 kcal Fett 36,0 g gesättigte Fettsäuren 32,0 g Kohlenhydrate 52,0 g davon Zucker 50,0 g Eiweiß 7,1 g Salz …"
113878,Lindt Weihnachtsmann Vollmilchschokolade mit Caramel und Salz 125g,NUTRITION,OK,8,"unparseable_numeric_fragment:6, | unparseable_numeric_fragment:0, | all_checks_passed","Brennwert: 2291kJ/549kcal, Fett: 33g, davon gesättigte Fettsäuren: 20g, Kohlenhydrate: 56g, davon Zucker: 52g, Eiweiß: 6,2g, Salz: 0,74g"
113888,Lindt Weihnachtsmarkt Hütte Schokolade mit köstlichen Füllungen 118g,NUTRITION,OK,8,"unparseable_numeric_fragment:0, | all_checks_passed","Brennwert: 2582kJ/621kcal, Fett: 44g, davon gesättigte Fettsäuren: 29g, Kohlenhydrate: 49g, davon Zucker: 47g, Eiweiß: 6g, Salz: 0,2g"
113899,Lindt Weihnachts Mandeln Caramel und Salz mit Schokolade 100g,NUTRITION,OK,8,"unparseable_numeric_fragment:8, | unparseable_numeric_fragment:0, | all_checks_passed","Brennwert: 2145kJ/514kcal, Fett: 29g, davon gesättigte Fettsäuren: 14g, Kohlenhydrate: 53g, davon Zucker: 52g, Eiweiß: 8,6g, Salz: 0,63g"
113902,Lindt Weihnachts Chocolade mit Füllung Mandel Caramel und Salz 100g,NUTRITION,OK,8,"unparseable_numeric_fragment:7, | unparseable_numeric_fragment:0, | all_checks_passed","Brennwert: 2386kJ/573kcal, Fett: 38g, davon gesättigte Fettsäuren: 21g, Kohlenhydrate: 49g, davon Zucker: 48g, Eiweiß: 7,7g, Salz: 0,43g"
113904,Lindt Spekulatius Kugeln köstlich gefüllte Vollmilchschokolade 101g,NUTRITION,OK,8,"unparseable_numeric_fragment:6, | unparseable_numeric_fragment:0, | all_checks_passed","Brennwert: 2385kJ/572kcal, Fett: 36g, davon gesättigte Fettsäuren: 17g, Kohlenhydrate: 54g, davon Zucker: 50g, Eiweiß: 6,7g, Salz: 0,20g"
113905,Lindt Caramel und Salz Zapfen Vollmilchschokolade mit Füllung 101g,NUTRITION,OK,8,"unparseable_numeric_fragment:5, | unparseable_numeric_fragment:0, | all_checks_passed","Brennwert: 2419kJ/581kcal, Fett: 39g, davon gesättigte Fettsäuren: 24g, Kohlenhydrate: 51g, davon Zucker: 50g, Eiweiß: 5,9g, Salz: 0,50g"
113918,Lindt Hello Xmas Adventskalender Tower Schokolade 7fach sortiert 235g,NUTRITION,OK,8,"unparseable_numeric_fragment:6, | unparseable_numeric_fragment:0, | all_checks_passed","Brennwert: 2284kJ/547kcal, Fett: 33g, davon gesättigte Fettsäuren: 18g, Kohlenhydrate: 55g, davon Zucker: 52g, Eiweiß: 6,7g, Salz: 0,40g"
113922,Lindt Hello Adventskalender Santa Schokolade 8fach sortiert 235g,NUTRITION,OK,8,"unparseable_numeric_fragment:6, | unparseable_numeric_fragment:0, | all_checks_passed","Brennwert: 2284kJ/547kcal, Fett: 33g, davon gesättigte Fettsäuren: 18g, Kohlenhydrate: 55g, davon Zucker: 52g, Eiweiß: 6,7g, Salz: 0,40g"
118382,Lindt Fioretto Minis Mischung Auswahl an knusper Pralinen 230g,NUTRITION,OK_WITH_WARNINGS,8,"plausibility_out_of_range:kcal:2215.0 not in [0.0, 900.0] | energy_mismatch:kJ=530.0 inconsistent_with_kcal=2215.0 | warnings_present","Brennwert: 530,00 Kilokalorien (kcal) Brennwert: 2.215,00 Kilojoule (kJ) Fett: 31,00 Fett, davon gesättigte Fettsäuren: 15,00 Kohlenhydrate…"
119245,Lindt Excellence 99 Prozent Cacao Bitter extrem kräftig Tafel 50g,NUTRITION,OK,8,all_checks_passed,"Energie / Brennwert 2365 kJ / 575 kcal Fett 49,0 g gesättigte Fettsäuren 30,0 g Kohlenhydrate 10,0 g davon Zucker 1,0 g Eiweiß 14,0 g Salz …"
119527,Lindt Creation Himbeere de Luxe in dunklem Schokoladentrüffel 150g,NUTRITION,OK,8,all_checks_passed,"Energie / Brennwert 2148 kJ / 515 kcal Fett 29,0 g gesättigte Fettsäuren 17,0 g Kohlenhydrate 55,0 g davon Zucker 50,0 g Eiweiß 4,6 g Salz …"
119636,Lindt Lindor Orange Milch Unendlich Zartschmelzende Schokolade 100g,NUTRITION,OK,8,all_checks_passed,"Energie / Brennwert 2601kJ / 626 kcal Fett 48,0 g gesättigte Fettsäuren 36,0 g Kohlenhydrate 43,0 g davon Zucker 41,0 g Eiweiß 4,8 g Salz 0…"
119637,Lindt Lindor Milch unendlich Zartschmelzende Schokolade 100g,NUTRITION,OK,8,all_checks_passed,"Energie / Brennwert 2582kJ / 622 kcal Fett 47,0 g gesättigte Fettsäuren 36,0 g Kohlenhydrate 44,0 g davon Zucker 43,0 g Eiweiß 4,6 g Salz 0…"
119639,Lindt Mini Goldhasen Ostereier 5er aus Vollmilch Schokolade 50g,NUTRITION,OK,8,all_checks_passed,"Energie / Brennwert 2350 kJ / 564 kcal Fett 36,0 g gesättigte Fettsäuren 22,0 g Kohlenhydrate 52,0 g davon Zucker 50,0 g Eiweiß 7,1 g Salz …"
119640,Lindt Kleine Osterfreunde 10 Figuren aus Vollmilch Schokolade 100g,NUTRITION,OK,8,all_checks_passed,"Energie / Brennwert 2411 kJ / 579 kcal Fett 38,0 g gesättigte Fettsäuren 24,0 g Kohlenhydrate 52,0 g davon Zucker 51,0 g Eiweiß 6,5 g Salz …"
119713,Lindt Luniversel vielseitige Koch und Back Zartbitter Schokolade 200g,NUTRITION,OK,8,all_checks_passed,"Energie / Brennwert 2253kJ / 541 kcal Fett 33,0 g gesättigte Fettsäuren 20,0 g Kohlenhydrate 52,0 g davon Zucker 48,0 g Eiweiß 5,3 g Salz 0…"
119726,Lindt Hauchdünne Täfelchen Mix Vollmilch Edelbitter Caramel Salz 125g,NUTRITION,OK,8,"unparseable_numeric_fragment:0, | all_checks_passed","Energie kj 2315kj Energie kcal 556 kcal Fett: 35g davon gesättigte Fettsäuren: 21g Kohlenhydrate: 51g davon Zucker: 48g Eiweiß: 7g Salz: 0,…"
119727,Lindt Hauchdünne Täfelchen Weiße zartschmelzende Schokolade 125g,NUTRITION,OK,8,all_checks_passed,"Energie / Brennwert 2286kJ / 547 kcal Fett 32,0 g gesättigte Fettsäuren 20,0 g Kohlenhydrate 58,0 g davon Zucker 58,0 g Eiweiß 6,8 g Salz 0…"
119732,Lindt Hauchdünne Täfelchen Caramel und Salz Schokolade 125g,NUTRITION,OK,8,all_checks_passed,"Energie / Brennwert 2354kJ / 565 kcal Fett 36,0 g gesättigte Fettsäuren 19,0 g Kohlenhydrate 53,0 g davon Zucker 52,0 g Eiweiß 6,4 g Salz 0…"
119733,Lindt Excellence 100 Prozent Cacao mit Orange Feinherbe Schokolade 50g,NUTRITION,OK,8,all_checks_passed,"Energie / Brennwert 2437kJ / 590 kcal Fett 49,0 g gesättigte Fettsäuren 30,0 g Kohlenhydrate 16,0 g davon Zucker 9,0 g Eiweiß 11,0 g Salz 0…"
119807,Lindt Grand Plaisir Caramel und Salz mit Vollmilch Schokolade 150g,NUTRITION,OK,8,all_checks_passed,"Energie / Brennwert 2313kJ / 555 kcal Fett 36,0 g gesättigte Fettsäuren 21,0 g Kohlenhydrate 50,0 g davon Zucker 44,0 g Eiweiß 6,1 g Salz 0…"
120473,Lindt Spezialitäten Eier Mischung Ostereier 5fach sortiert 180g,NUTRITION,OK,8,all_checks_passed,"Energie / Brennwert 2322 kJ / 555 kcal Fett 36,0 g gesättigte Fettsäuren 21,0 g Kohlenhydrate 50,0 g davon Zucker 48,0 g Eiweiß 5,9 g Salz …"
121132,Lindt Goldhase Glücksbringer Edition Alpenvollmilchschokolade 100g,NUTRITION,OK,8,all_checks_passed,"Energie / Brennwert 2272 kJ / 544 kcal Fett 32,0 g gesättigte Fettsäuren 19,0 g Kohlenhydrate 56,0 g davon Zucker 54,0 g Eiweiß 7,2 g Salz …"
121134,Lindt Goldhase Glücksbringer Edition Alpenvollmilchschokolade 200g,NUTRITION,OK,8,all_checks_passed,"Energie / Brennwert 2272 kJ / 544 kcal Fett 32,0 g gesättigte Fettsäuren 19,0 g Kohlenhydrate 56,0 g davon Zucker 54,0 g Eiweiß 7,2 g Salz …"
121148,Lindt Crisp Eier Kids aus Vollmilchschokolade und Nusscreme 86g,NUTRITION,OK,8,all_checks_passed,"Energie / Brennwert 2315 kJ / 554 kcal Fett 32,0 g gesättigte Fettsäuren 15,0 g Kohlenhydrate 58,0 g davon Zucker 54,0 g Eiweiß 7,2 g Salz …"
121149,Lindt Biene Marienkäfer Maulwurf Hohlfigur aus Alpenvollmilch 40g,NUTRITION,OK,8,all_checks_passed,"Energie / Brennwert 2272 kJ / 544 kcal Fett 32,0 g gesättigte Fettsäuren 19,0 g Kohlenhydrate 56,0 g davon Zucker 54,0 g Eiweiß 7,2 g Salz …"
121207,Lindt Weiß und Erdbeere Schokoladen Mini Eier einzeln verpackte 100g,NUTRITION,OK_WITH_WARNINGS,8,"unparseable_numeric_fragment:6, | unparseable_numeric_fragment:0, | plausibility_out_of_range:kcal:2383.0 not in [0.0, 900.0] | energy_mismatch:kJ=572.0 inconsistent_with_kcal=2383.0 | warnings_present","Brennwert: 572,00 Kilokalorien (kcal) Brennwert: 2.383,00 Kilojoule (kJ) Fett: 37g davon gesättigte Fettsäuren: 22g Kohlenhydrate: 53g davo…"
121208,Lindt Mini Goldhasen Edelbitter Cacao Hohlfiguren Osterhasen 50g,NUTRITION,OK_WITH_WARNINGS,8,"unparseable_numeric_fragment:6, | unparseable_numeric_fragment:0, | plausibility_out_of_range:kcal:2429.0 not in [0.0, 900.0] | energy_mismatch:kJ=585.0 inconsistent_with_kcal=2429.0 | warnings_present","Brennwert: 585,00 Kilokalorien (kcal) Brennwert: 2.429,00 Kilojoule (kJ) Fett: 42g davon gesättigte Fettsäuren: 25g Kohlenhydrate: 41g davo…"
121209,Lindt Unsere Liebsten Oster Eier Kassette Geschenkverpackung 185g,NUTRITION,OK_WITH_WARNINGS,8,"unparseable_numeric_fragment:5, | unparseable_numeric_fragment:0, | plausibility_out_of_range:kcal:2356.0 not in [0.0, 900.0] | energy_mismatch:kJ=565.0 inconsistent_with_kcal=2356.0 | warnings_present","Brennwert: 565,00 Kilokalorien (kcal) Brennwert: 2.356,00 Kilojoule (kJ) Fett: 37g davon gesättigte Fettsäuren: 23g Kohlenhydrate: 51g davo…"
122232,Lindt Weihnachtsmann Geschenkbox Vollmilchschokolade und Füllung 450g,NUTRITION,OK_WITH_WARNINGS,9,"unparseable_numeric_fragment:0. | plausibility_out_of_range:salt_g:100.0 not in [0.0, 15.0] | energy_mismatch:kJ=1646.0 inconsistent_with_kcal=643.0 | warnings_present","Energie (KJ) per 100 g/ml 1646 KJ Energie (kcal) per 100 g/ml 643 kcal Fett per 100 g/ml 47 g Fett, davon gesättigte Fettsäuren pro 100 g/m…"
122234,Lindt Weihnachtliche Kostbarkeiten in einer passenden Box 920g,NUTRITION,OK_WITH_WARNINGS,9,"unparseable_numeric_fragment:0. | plausibility_out_of_range:salt_g:100.0 not in [0.0, 15.0] | warnings_present","Energie (KJ) per 100 g/ml 2333 KJ Energie (kcal) per 100 g/ml 560kcal Fett per 100 g/ml 35g Fett, davon gesättigte Fettsäuren pro 100 g/ml …"
122235,Lindt weihnachtliche Kostbarkeiten in einer passenden Box 498g,NUTRITION,OK_WITH_WARNINGS,9,"unparseable_numeric_fragment:0. | plausibility_out_of_range:salt_g:100.0 not in [0.0, 15.0] | warnings_present","Energie (KJ) per 100 g/ml 2305 KJ Energie (kcal) per 100 g/ml 553 kcal Fett per 100 g/ml 34g Fett, davon gesättigte Fettsäuren pro 100 g/ml…"
123025,Lindt Adventskalender Goldstücke zum aufstellen 9fach sortiert 156g,NUTRITION,OK_WITH_WARNINGS,8,"plausibility_out_of_range:salt_g:100.0 not in [0.0, 15.0] | warnings_present","Energie (KJ) per 100 g/ml 2414 KJ Energie (kcal) per 100 g/ml 579 kcal Fett per 100 g/ml 38.0 g Fett, davon gesättigte Fettsäuren pro 100 g…"
124092,Lindt Lindor Tafel Pistazie Vollmilchschokolade Preispromotion 100g,NUTRITION,OK_WITH_WARNINGS,9,"unparseable_numeric_fragment:5, | unparseable_numeric_fragment:0, | plausibility_out_of_range:kcal:2545.0 not in [0.0, 900.0] | energy_mismatch:kJ=612.0 inconsistent_with_kcal=2545.0 | warnings_present","Brennwert: 612 Kilokalorien (kcal) Brennwert: 2545 Kilojoule (kJ) Kohlenhydrate: 46g Kohlenhydrate, davon Zucker: 44g Fett: 45g Fett, davon…"
124324,Lindt Classic Vegan mit Haferdrink Tafelschokolade mit Mandelmark 100g,NUTRITION,OK,7,all_checks_passed,Energy (kJ) 2333 Energy (Kcal) 559 Fat(g) 34 of which saturates(g) 18 Carbohydrate(g) 58 of which sugars(g) 42 Protein(g) 3.9 Salt(g) 0.05
124325,Lindt Haselnuss Vegan mit Haferdrink und Haselnuss Stückchen 100g,NUTRITION,OK_WITH_WARNINGS,7,unreadable_field:kcal | warnings_present,Energiegehalt / Brennwert 2412 / 576 kj / kcal Fett 37 g davon gesättigte Fettsäuren 16 g Kohlenhydrate 54 g davon Zucker 38 g Eiweiß 5 g S…
124326,Lindt Vegan Salted Caramel mit salzigen Caramelstückchen 100g,NUTRITION,OK,7,all_checks_passed,Energy (kJ) 2281 Energy (Kcal) 546 Fat(g) 31 of which saturates(g) 16 Carbohydrate(g) 62 of which sugars(g) 45 Protein(g) 3.5 Salt(g) 0.55
124327,Lindt Hello Vegan Dark Crunchy Cookie mit dunklen Keksstückchen 100g,NUTRITION,OK_WITH_WARNINGS,8,"plausibility_out_of_range:salt_g:100.0 not in [0.0, 15.0] | warnings_present","Energie (KJ) per 100 g/ml 2287 KJ Energie (kcal) per 100 g/ml 548 kcal Fett per 100 g/ml 33.0 g Fett, davon gesättigte Fettsäuren pro 100 g…"
124330,Lindt Hello Tafel Three Nuts mit knackigen Nussstückchen 100g,NUTRITION,OK,8,all_checks_passed,"Brennwert 2308 kJ/ 553 kcal Fett 33 g davon gesättigte Fettsäuren 15 g Kohlenhydrate 54 g davon Zucker 51 g Eiweiß 8,4 g Salz 0,41 g"
124336,Lindt Hello Stick Crunchy Nougat mit knusprigen Krokantstückchen 39g,NUTRITION,OK,8,all_checks_passed,Energie (kJ)2320 Energie (kcal)556 Fett (g)33.0 davon gesättigte Fettsäuren (g)16.0 Kohlenhydrate (g)55.0 davon Zucker (g)51.0 Eiweiß (g)8.…
124337,Lindt Hello Tafel Cookie und Cream mit knusprigen Cookiestückchen 100g,NUTRITION,OK,8,all_checks_passed,"Energie 2.362 kJ Energie 567 kcal Fett 36 g Fett, davon gesättigte Fettsäuren 21 g Kohlenhydrate 53 g Kohlenhydrate, davon Zucker 51 g Eiwe…"
124338,Lindt Hello Tafel Strawberry mit knusprigen Oat Crumble Stückchen 100g,NUTRITION,OK,8,all_checks_passed,Energie (kJ)2296 Energie (kcal)550 Fett (g)4.0 davon gesättigte Fettsäuren (g)20.0 Kohlenhydrate (g)53.0 davon Zucker (g)52.0 Eiweiß (g) 7.…
124339,Lindt Hello Tafel Caramel Brownie mit knusprigen Gebäckstückchen 100g,NUTRITION,OK,8,all_checks_passed,Energie (kJ) 2254 Energie (kcal) 540 Fett (g) 33.0 davon gesättigte Fettsäuren (g) 19.0 Kohlenhydrate (g) 53.0 davon Zucker (g) 51.0 Eiweiß…
124340,Lindt Hello Tafel Crunchy Nougat mit knusprigen Krokantstückchen 100g,NUTRITION,OK,8,all_checks_passed,Energie (kJ) 2316 Energie (kcal) 555 Fett (g) 33.0 davon gesättigte Fettsäuren (g) 16.0 Kohlenhydrate (g) 55.0 davon Zucker (g) 52.0 Eiweiß…
124341,Lindt Hello Stick Salted Caramel mit einem Hauch von Salz 39g,NUTRITION,OK,8,all_checks_passed,Energie (kJ) 2095 Energie (kcal) 501 Fett (g) 28.0 davon gesättigte Fettsäuren (g) 18.0 Kohlenhydrate (g) 57.0 davon Zucker (g) 53.0 Eiweiß…
124345,Lindt Hello Schokoriegel Vegan Mini Stick raffinierte Mischung 114g,NUTRITION,OK_WITH_WARNINGS,8,"plausibility_out_of_range:salt_g:100.0 not in [0.0, 15.0] | warnings_present","Energie (KJ) per 100 g/ml 2308 KJ Energie (kcal) per 100 g/ml 554 kcal Fett per 100 g/ml 34.0 g Fett, davon gesättigte Fettsäuren pro 100 g…"
124346,Lindt Hello Vegan Pretzel Nuts mit Haselnusskrokant salzig 100g,NUTRITION,OK,8,all_checks_passed,Energie (kJ) 2303 Energie (kcal) 553 Fett (g) 35.0 davon gesättigte Fettsäuren (g) 18.0 Kohlenhydrate (g) 52.0 davon Zucker (g) 31.0 Eiweiß…
124549,Lindt Weihnachtsmann aus Vollmilchschokolade von Hand gewickelt 1000g,NUTRITION,OK_WITH_WARNINGS,9,"unparseable_numeric_fragment:7, | unparseable_numeric_fragment:0, | plausibility_out_of_range:kcal:2272.0 not in [0.0, 900.0] | energy_mismatch:kJ=544.0 inconsistent_with_kcal=2272.0 | warnings_present","Brennwert: 544 Kilokalorien (kcal) Brennwert: 2272 Kilojoule (kJ) Kohlenhydrate: 56g Kohlenhydrate, davon Zucker: 54g Fett: 32g Fett, davon…"
124550,Lindor Adventskalender Schokolade verschiedene Füllungen 290g,NUTRITION,OK_WITH_WARNINGS,9,"unparseable_numeric_fragment:0, | plausibility_out_of_range:kcal:2613.0 not in [0.0, 900.0] | energy_mismatch:kJ=629.0 inconsistent_with_kcal=2613.0 | warnings_present","Brennwert: 629 Kilokalorien (kcal) Brennwert: 2613 Kilojoule (kJ) Kohlenhydrate: 43g Kohlenhydrate, davon Zucker: 42g Fett: 48g Fett, davon…"
124551,Lindt Adventskalender Natur Edition verschiedene Füllungen 317g,NUTRITION,OK_WITH_WARNINGS,9,"unparseable_numeric_fragment:6, | unparseable_numeric_fragment:0, | plausibility_out_of_range:kcal:2422.0 not in [0.0, 900.0] | energy_mismatch:kJ=581.0 inconsistent_with_kcal=2422.0 | warnings_present","Brennwert: 581 Kilokalorien (kcal) Brennwert: 2422 Kilojoule (kJ) Kohlenhydrate: 52g Kohlenhydrate, davon Zucker: 50g Fett: 38g Fett, davon…"
124558,Lindor Mini Adventskalender mit feinsten Lindor Pralinen 109g,NUTRITION,OK_WITH_WARNINGS,9,"unparseable_numeric_fragment:5, | unparseable_numeric_fragment:0, | plausibility_out_of_range:kcal:2534.0 not in [0.0, 900.0] | energy_mismatch:kJ=610.0 inconsistent_with_kcal=2534.0 | warnings_present","Brennwert: 610 Kilokalorien (kcal) Brennwert: 2534 Kilojoule (kJ) Kohlenhydrate: 45g Kohlenhydrate, davon Zucker: 44g Fett: 45g Fett, davon…"
124562,Lindt Adventskalender Filz Edition verschiedene Füllungen 275g,NUTRITION,OK_WITH_WARNINGS,9,"unparseable_numeric_fragment:6, | unparseable_numeric_fragment:0, | plausibility_out_of_range:kcal:2443.0 not in [0.0, 900.0] | energy_mismatch:kJ=587.0 inconsistent_with_kcal=2443.0 | warnings_present","Brennwert: 587 Kilokalorien (kcal) Brennwert: 2443 Kilojoule (kJ) Kohlenhydrate: 51g Kohlenhydrate, davon Zucker: 49g Fett: 39g Fett, davon…"
124573,Lindt Mischung Baumbehang Vollmilch mit verschiedenen Füllungen 200g,NUTRITION,OK_WITH_WARNINGS,9,"unparseable_numeric_fragment:7, | unparseable_numeric_fragment:0, | plausibility_out_of_range:kcal:2338.0 not in [0.0, 900.0] | energy_mismatch:kJ=560.0 inconsistent_with_kcal=2338.0 | warnings_present","Brennwert: 560 Kilokalorien (kcal) Brennwert: 2338 Kilojoule (kJ) Kohlenhydrate: 55g Kohlenhydrate, davon Zucker: 53g Fett: 34g Fett, davon…"
124623,Lindt Eierlikör Fläschchen Zartbitter Schokolade mit Eierlikör 131g,NUTRITION,OK_WITH_WARNINGS,9,"unparseable_numeric_fragment:4, | unparseable_numeric_fragment:0, | plausibility_out_of_range:kcal:2050.0 not in [0.0, 900.0] | energy_mismatch:kJ=492.0 inconsistent_with_kcal=2050.0 | warnings_present","Brennwert: 492 Kilokalorien (kcal) Brennwert: 2050 Kilojoule (kJ) Kohlenhydrate: 45g Kohlenhydrate, davon Zucker: 42g Fett: 28g Fett, davon…"
124647,Lindt Santa Weihnachtsmann Design Edition Vollmilch Schokolade 70g,NUTRITION,OK_WITH_WARNINGS,9,"unparseable_numeric_fragment:7, | unparseable_numeric_fragment:0, | plausibility_out_of_range:kcal:2272.0 not in [0.0, 900.0] | energy_mismatch:kJ=544.0 inconsistent_with_kcal=2272.0 | warnings_present","Brennwert: 544 Kilokalorien (kcal) Brennwert: 2272 Kilojoule (kJ) Kohlenhydrate: 56g Kohlenhydrate, davon Zucker: 54g Fett: 32g Fett, davon…"
124648,Lindt Marc de Champagne Schokoladen Fläschchen gefüllter Genuss 131g,NUTRITION,OK_WITH_WARNINGS,9,"unparseable_numeric_fragment:4, | unparseable_numeric_fragment:0, | plausibility_out_of_range:kcal:2094.0 not in [0.0, 900.0] | energy_mismatch:kJ=503.0 inconsistent_with_kcal=2094.0 | warnings_present","Brennwert: 503 Kilokalorien (kcal) Brennwert: 2094 Kilojoule (kJ) Kohlenhydrate: 47g Kohlenhydrate, davon Zucker: 44g Fett: 30g Fett, davon…"
124653,Lindt Williams Fläschchen Schokolade mit Birnenbrand Füllung 131g,NUTRITION,OK_WITH_WARNINGS,9,"unparseable_numeric_fragment:3, | unparseable_numeric_fragment:0, | plausibility_out_of_range:kcal:1908.0 not in [0.0, 900.0] | energy_mismatch:kJ=457.0 inconsistent_with_kcal=1908.0 | warnings_present","Brennwert: 457 Kilokalorien (kcal) Brennwert: 1908 Kilojoule (kJ) Kohlenhydrate: 49g Kohlenhydrate, davon Zucker: 43g Fett: 23g Fett, davon…"
124654,Lindt Natur Edition Tasche mit verschiedenen Schokoladen 179g,NUTRITION,OK_WITH_WARNINGS,9,"unparseable_numeric_fragment:0, | plausibility_out_of_range:kcal:2330.0 not in [0.0, 900.0] | energy_mismatch:kJ=559.0 inconsistent_with_kcal=2330.0 | warnings_present","Brennwert: 559 Kilokalorien (kcal) Brennwert: 2330 Kilojoule (kJ) Kohlenhydrate: 55g Kohlenhydrate, davon Zucker: 53g Fett: 34g Fett, davon…"
124658,Lindt Natur Edition Mini Kugeln Vollmilch Schokolade Beutel 100g,NUTRITION,OK_WITH_WARNINGS,9,"unparseable_numeric_fragment:7, | unparseable_numeric_fragment:0, | plausibility_out_of_range:kcal:2275.0 not in [0.0, 900.0] | energy_mismatch:kJ=545.0 inconsistent_with_kcal=2275.0 | warnings_present","Brennwert: 545 Kilokalorien (kcal) Brennwert: 2275 Kilojoule (kJ) Kohlenhydrate: 56g Kohlenhydrate, davon Zucker: 56g Fett: 32g Fett, davon…"
124664,Lindt Nature Edition Köcher mit verschiedenen Füllungen 150g,NUTRITION,OK_WITH_WARNINGS,9,"unparseable_numeric_fragment:6, | unparseable_numeric_fragment:0, | plausibility_out_of_range:kcal:2338.0 not in [0.0, 900.0] | energy_mismatch:kJ=560.0 inconsistent_with_kcal=2338.0 | warnings_present","Brennwert: 560 Kilokalorien (kcal) Brennwert: 2338 Kilojoule (kJ) Kohlenhydrate: 56g Kohlenhydrate, davon Zucker: 54g Fett: 34g Fett, davon…"
124667,Lindt Winterpflaume Fläschchen mit winterlicher Pflaumenwasser 131g,NUTRITION,OK_WITH_WARNINGS,9,"unparseable_numeric_fragment:3, | unparseable_numeric_fragment:0, | plausibility_out_of_range:kcal:2052.0 not in [0.0, 900.0] | energy_mismatch:kJ=491.0 inconsistent_with_kcal=2052.0 | warnings_present","Brennwert: 491 Kilokalorien (kcal) Brennwert: 2052 Kilojoule (kJ) Kohlenhydrate: 53g Kohlenhydrate, davon Zucker: 46g Fett: 25g Fett, davon…"
124693,Hello Santa Weihnachtsmann Kakaoerzeugnis mit Mandelmark vegan 80g,NUTRITION,OK_WITH_WARNINGS,9,"unparseable_numeric_fragment:4, | plausibility_out_of_range:kcal:2375.0 not in [0.0, 900.0] | energy_mismatch:kJ=570.0 inconsistent_with_kcal=2375.0 | warnings_present","Brennwert: 570 Kilokalorien (kcal) Brennwert: 2375 Kilojoule (kJ) Kohlenhydrate: 53g Kohlenhydrate, davon Zucker: 33g Fett: 37g Fett, davon…"
124697,Hello Mini Santa Weihnachtsmann mit Haferpulver und Mandelmark 50g,NUTRITION,OK_WITH_WARNINGS,9,"unparseable_numeric_fragment:4, | plausibility_out_of_range:kcal:2375.0 not in [0.0, 900.0] | energy_mismatch:kJ=570.0 inconsistent_with_kcal=2375.0 | warnings_present","Brennwert: 570 Kilokalorien (kcal) Brennwert: 2375 Kilojoule (kJ) Kohlenhydrate: 53g Kohlenhydrate, davon Zucker: 33g Fett: 37g Fett, davon…"
124698,Hello Mini Stick Mix Kakaoerzeugnisse mit Hirsesirup vegan 85g,NUTRITION,OK_WITH_WARNINGS,9,"unparseable_numeric_fragment:4, | unparseable_numeric_fragment:0, | plausibility_out_of_range:kcal:2324.0 not in [0.0, 900.0] | energy_mismatch:kJ=558.0 inconsistent_with_kcal=2324.0 | warnings_present","Brennwert: 558 Kilokalorien (kcal) Brennwert: 2324 Kilojoule (kJ) Kohlenhydrate: 54g Kohlenhydrate, davon Zucker: 33g Fett: 35g Fett, davon…"
124745,Lindt XXL Mischbeutel für Kinder Alpenvollmilch Schokolade 268g,NUTRITION,OK_WITH_WARNINGS,9,"unparseable_numeric_fragment:6, | unparseable_numeric_fragment:0, | plausibility_out_of_range:kcal:2363.0 not in [0.0, 900.0] | energy_mismatch:kJ=567.0 inconsistent_with_kcal=2363.0 | warnings_present","Brennwert: 567 Kilokalorien (kcal) Brennwert: 2363 Kilojoule (kJ) Kohlenhydrate: 55g Kohlenhydrate, davon Zucker: 54g Fett: 35g Fett, davon…"
124746,Lindt Lindor XXL Mischbeutel mit zartschmelzenden Füllungen 300g,NUTRITION,OK_WITH_WARNINGS,9,"unparseable_numeric_fragment:5, | unparseable_numeric_fragment:0, | plausibility_out_of_range:kcal:2607.0 not in [0.0, 900.0] | energy_mismatch:kJ=628.0 inconsistent_with_kcal=2607.0 | warnings_present","Brennwert: 628 Kilokalorien (kcal) Brennwert: 2607 Kilojoule (kJ) Kohlenhydrate: 40g Kohlenhydrate, davon Zucker: 38g Fett: 49g Fett, davon…"
124747,Hello Xmas Santa Weihnachtsmann Vollmilch Schokolade vegetarisch 80g,NUTRITION,OK_WITH_WARNINGS,9,"unparseable_numeric_fragment:7, | unparseable_numeric_fragment:0, | plausibility_out_of_range:kcal:2272.0 not in [0.0, 900.0] | energy_mismatch:kJ=544.0 inconsistent_with_kcal=2272.0 | warnings_present","Brennwert: 544 Kilokalorien (kcal) Brennwert: 2272 Kilojoule (kJ) Kohlenhydrate: 56g Kohlenhydrate, davon Zucker: 54g Fett: 32g Fett, davon…"
124749,Lindt Mini Pralines Weihnachtszauber kleines Weihnachtsgeschenk 90g,NUTRITION,OK_WITH_WARNINGS,9,"unparseable_numeric_fragment:7, | unparseable_numeric_fragment:0, | plausibility_out_of_range:kcal:2036.0 not in [0.0, 900.0] | energy_mismatch:kJ=487.0 inconsistent_with_kcal=2036.0 | warnings_present","Brennwert: 487 Kilokalorien (kcal) Brennwert: 2036 Kilojoule (kJ) Kohlenhydrate: 5254g Kohlenhydrate, davon Zucker: 53g Fett: 26g Fett, dav…"
124750,Lindt Frohes Fest Pralines Weihnachts Geschenkidee Packung 80g,NUTRITION,OK_WITH_WARNINGS,9,"unparseable_numeric_fragment:6, | unparseable_numeric_fragment:0, | plausibility_out_of_range:kcal:2308.0 not in [0.0, 900.0] | energy_mismatch:kJ=554.0 inconsistent_with_kcal=2308.0 | warnings_present","Brennwert: 554 Kilokalorien (kcal) Brennwert: 2308 Kilojoule (kJ) Kohlenhydrate: 52g Kohlenhydrate, davon Zucker: 49g Fett: 35g Fett, davon…"
124751,Lindt Lindor Baumbehang Schokolade mit zartschmelzender Füllung 200g,NUTRITION,OK_WITH_WARNINGS,9,"unparseable_numeric_fragment:4, | unparseable_numeric_fragment:0, | plausibility_out_of_range:kcal:2582.0 not in [0.0, 900.0] | energy_mismatch:kJ=622.0 inconsistent_with_kcal=2582.0 | warnings_present","Brennwert: 622 Kilokalorien (kcal) Brennwert: 2582 Kilojoule (kJ) Kohlenhydrate: 44g Kohlenhydrate, davon Zucker: 42g Fett: 47g Fett, davon…"
124752,Lindt Nougat Baumbehang Gefüllte Vollmilch-Schokolade mit Nougat 200g,NUTRITION,OK_WITH_WARNINGS,9,"unparseable_numeric_fragment:8, | unparseable_numeric_fragment:0, | plausibility_out_of_range:kcal:2350.0 not in [0.0, 900.0] | energy_mismatch:kJ=563.0 inconsistent_with_kcal=2350.0 | warnings_present","Brennwert: 563 Kilokalorien (kcal) Brennwert: 2350 Kilojoule (kJ) Kohlenhydrate: 54g Kohlenhydrate, davon Zucker: 51g Fett: 34g Fett, davon…"
124753,Lindt Baumbehang Cresta Schokolade mit Nougatcrème und Krokant 200g,NUTRITION,OK_WITH_WARNINGS,9,"unparseable_numeric_fragment:0, | plausibility_out_of_range:kcal:2349.0 not in [0.0, 900.0] | energy_mismatch:kJ=563.0 inconsistent_with_kcal=2349.0 | warnings_present","Brennwert: 563 Kilokalorien (kcal) Brennwert: 2349 Kilojoule (kJ) Kohlenhydrate: 58g Kohlenhydrate, davon Zucker: 55g Fett: 33g Fett, davon…"
124754,Lindt Baumbehang Doppelmilch Schokolade mit Doppelmilchcrème 200g,NUTRITION,OK_WITH_WARNINGS,9,"unparseable_numeric_fragment:6, | unparseable_numeric_fragment:0, | plausibility_out_of_range:kcal:2408.0 not in [0.0, 900.0] | energy_mismatch:kJ=578.0 inconsistent_with_kcal=2408.0 | warnings_present","Brennwert: 578 Kilokalorien (kcal) Brennwert: 2408 Kilojoule (kJ) Kohlenhydrate: 52g Kohlenhydrate, davon Zucker: 51g Fett: 38g Fett, davon…"
124755,Lindt Santa Design Edition Weihnachtsmann Vollmilch-Schokolade 125g,NUTRITION,OK_WITH_WARNINGS,9,"unparseable_numeric_fragment:7, | unparseable_numeric_fragment:0, | plausibility_out_of_range:kcal:2272.0 not in [0.0, 900.0] | energy_mismatch:kJ=544.0 inconsistent_with_kcal=2272.0 | warnings_present","Brennwert: 544 Kilokalorien (kcal) Brennwert: 2272 Kilojoule (kJ) Kohlenhydrate: 56g Kohlenhydrate, davon Zucker: 54g Fett: 32g Fett, davon…"
124757,Lindt Hello Adventskalender vegan mit Hafersirup und Mandelmark 228g,NUTRITION,OK_WITH_WARNINGS,9,"unparseable_numeric_fragment:4, | unparseable_numeric_fragment:0, | plausibility_out_of_range:kcal:2361.0 not in [0.0, 900.0] | energy_mismatch:kJ=567.0 inconsistent_with_kcal=2361.0 | warnings_present","Brennwert: 567 Kilokalorien (kcal) Brennwert: 2361 Kilojoule (kJ) Kohlenhydrate: 54g Kohlenhydrate, davon Zucker: 33g Fett: 36g Fett, davon…"
124763,Lindt Lindor Weihnachtsmann Geschenkpackung mit Lindor Kugeln 197g,NUTRITION,OK_WITH_WARNINGS,9,"unparseable_numeric_fragment:6, | unparseable_numeric_fragment:0, | plausibility_out_of_range:kcal:2438.0 not in [0.0, 900.0] | energy_mismatch:kJ=585.0 inconsistent_with_kcal=2438.0 | warnings_present","Brennwert: 585 Kilokalorien (kcal) Brennwert: 2438 Kilojoule (kJ) Kohlenhydrate: 51g Kohlenhydrate, davon Zucker: 49g Fett: 39g Fett, davon…"
124766,Lindt Wintertiere Vollmilch Schokolade verschiedene Tiere 40g,NUTRITION,OK_WITH_WARNINGS,9,"unparseable_numeric_fragment:7, | unparseable_numeric_fragment:0, | plausibility_out_of_range:kcal:2272.0 not in [0.0, 900.0] | energy_mismatch:kJ=544.0 inconsistent_with_kcal=2272.0 | warnings_present","Brennwert: 544 Kilokalorien (kcal) Brennwert: 2272 Kilojoule (kJ) Kohlenhydrate: 56g Kohlenhydrate, davon Zucker: 54g Fett: 32g Fett, davon…"
124773,Lindt Natur Edition Pralinés Weihnachtsgeschenk Packung 160g,NUTRITION,OK_WITH_WARNINGS,9,"unparseable_numeric_fragment:6, | unparseable_numeric_fragment:0, | plausibility_out_of_range:kcal:2287.0 not in [0.0, 900.0] | energy_mismatch:kJ=548.0 inconsistent_with_kcal=2287.0 | warnings_present","Brennwert: 548 Kilokalorien (kcal) Brennwert: 2287 Kilojoule (kJ) Kohlenhydrate: 53g Kohlenhydrate, davon Zucker: 51g Fett: 34g Fett, davon…"
124774,Lindt Frohes Fest Tasche Schokoladen mit verschiedenen Füllungen 137g,NUTRITION,OK_WITH_WARNINGS,9,"unparseable_numeric_fragment:6, | unparseable_numeric_fragment:0, | plausibility_out_of_range:kcal:2408.0 not in [0.0, 900.0] | energy_mismatch:kJ=578.0 inconsistent_with_kcal=2408.0 | warnings_present","Brennwert: 578 Kilokalorien (kcal) Brennwert: 2408 Kilojoule (kJ) Kohlenhydrate: 51g Kohlenhydrate, davon Zucker: 50g Fett: 38g Fett, davon…"
124775,Lindt Frohes Fest Kissen Schokoladen mit verschiedenen Füllungen 46g,NUTRITION,OK_WITH_WARNINGS,9,"unparseable_numeric_fragment:7, | unparseable_numeric_fragment:0, | plausibility_out_of_range:kcal:2494.0 not in [0.0, 900.0] | energy_mismatch:kJ=599.0 inconsistent_with_kcal=2494.0 | warnings_present","Brennwert: 599 Kilokalorien (kcal) Brennwert: 2494 Kilojoule (kJ) Kohlenhydrate: 51g Kohlenhydrate, davon Zucker: 49g Fett: 40g Fett, davon…"
124776,Lindt Alkohol Spezialitäten mit alkoholischen Füllungen 131g,NUTRITION,OK_WITH_WARNINGS,9,"unparseable_numeric_fragment:3, | unparseable_numeric_fragment:0, | plausibility_out_of_range:kcal:1936.0 not in [0.0, 900.0] | energy_mismatch:kJ=464.0 inconsistent_with_kcal=1936.0 | warnings_present","Brennwert: 464 Kilokalorien (kcal) Brennwert: 1936 Kilojoule (kJ) Kohlenhydrate: 48g Kohlenhydrate, davon Zucker: 43g Fett: 24g Fett, davon…"
124971,Lindt Goldhase großes Geschenk gefüllte Vollmilch Schokoladen 270g,NUTRITION,OK_WITH_WARNINGS,9,"unparseable_numeric_fragment:7, | unparseable_numeric_fragment:0, | plausibility_out_of_range:kcal:2350.0 not in [0.0, 900.0] | energy_mismatch:kJ=563.0 inconsistent_with_kcal=2350.0 | warnings_present","Brennwert: 563 Kilokalorien (kcal) Brennwert: 2350 Kilojoule (kJ) Kohlenhydrate: 54g Kohlenhydrate, davon Zucker: 52g Fett: 35g Fett, davon…"
125830,Lindt Goldhase Caramel und Salz eine geschmackvolle Kreation 100g,NUTRITION,OK_WITH_WARNINGS,8,"plausibility_out_of_range:salt_g:100.0 not in [0.0, 15.0] | warnings_present","Energie (KJ) per 100 g/ml 2291 KJ Energie (kcal) per 100 g/ml 549 kcal Fett per 100 g/ml 33.0 g Fett, davon gesättigte Fettsäuren pro 100 g…"
125833,Lindt Goldhase Vollmilch mit dem Glöckchen um den Hals 1000g,NUTRITION,OK_WITH_WARNINGS,8,"plausibility_out_of_range:salt_g:100.0 not in [0.0, 15.0] | warnings_present","Energie (KJ) per 100 g/ml 2272 KJ Energie (kcal) per 100 g/ml 544 kcal Fett per 100 g/ml 32.0 g Fett, davon gesättigte Fettsäuren pro 100 g…"
125835,Lindt Goldhasen Tafel Edelbitter Original Goldhasen Rezeptur 120g,NUTRITION,OK_WITH_WARNINGS,8,"plausibility_out_of_range:salt_g:100.0 not in [0.0, 15.0] | warnings_present","Energie (KJ) per 100 g/ml 2429 KJ Energie (kcal) per 100 g/ml 585 kcal Fett per 100 g/ml 42.0 g Fett, davon gesättigte Fettsäuren pro 100 g…"
125838,Lindt Goldhasen Tafel Vollmilch Original Goldhasen Rezeptur 120g,NUTRITION,OK_WITH_WARNINGS,8,"plausibility_out_of_range:salt_g:100.0 not in [0.0, 15.0] | warnings_present","Energie (KJ) per 100 g/ml 2272 KJ Energie (kcal) per 100 g/ml 544 kcal Fett per 100 g/ml 32.0 g Fett, davon gesättigte Fettsäuren pro 100 g…"
125958,Lindt Deko Edition Mini Vollmilch Schokoeier Oster Genussmoment 180g,NUTRITION,OK_WITH_WARNINGS,8,"plausibility_out_of_range:salt_g:100.0 not in [0.0, 15.0] | warnings_present","Energie (KJ) per 100 g/ml 2274 KJ Energie (kcal) per 100 g/ml 545 kcal Fett per 100 g/ml 32.0 g Fett, davon gesättigte Fettsäuren pro 100 g…"
125960,Lindt Deko Edition Nougat Eier bunte süße Schokoladen Eier 90g,NUTRITION,OK_WITH_WARNINGS,8,"plausibility_out_of_range:salt_g:100.0 not in [0.0, 15.0] | warnings_present","Energie (KJ) per 100 g/ml 2434 KJ Energie (kcal) per 100 g/ml 584 kcal Fett per 100 g/ml 38.0 g Fett, davon gesättigte Fettsäuren pro 100 g…"
125962,Lindt Deko Edition Henne in einer leckeren Vollmilch Schokolade 35g,NUTRITION,OK_WITH_WARNINGS,8,"plausibility_out_of_range:salt_g:100.0 not in [0.0, 15.0] | warnings_present","Energie (KJ) per 100 g/ml 2272 KJ Energie (kcal) per 100 g/ml 544 kcal Fett per 100 g/ml 32.0 g Fett, davon gesättigte Fettsäuren pro 100 g…"
125964,Lindt Natur Edition Tasche Goldhase mit dem Glöckchen um den Hals 100g,NUTRITION,OK_WITH_WARNINGS,8,"plausibility_out_of_range:salt_g:100.0 not in [0.0, 15.0] | warnings_present","Energie (KJ) per 100 g/ml 2272 KJ Energie (kcal) per 100 g/ml 544 kcal Fett per 100 g/ml 32.0 g Fett, davon gesättigte Fettsäuren pro 100 g…"
126228,Lindt Natur Edition Mini Eier Mischung Köcher Frohe Ostern 170g,NUTRITION,OK,8,all_checks_passed,"Energie / Brennwert 2331 kJ / 559 kcal Fett 34,0 g gesättigte Fettsäuren 19,0 g Kohlenhydrate 55,0 g davon Zucker 53,0 g Eiweiß 7,2 g Salz …"
126230,Lindt Natur Edition Großes Geschenk Goldhase aus Vollmilch 345g,NUTRITION,OK,8,all_checks_passed,"Energie / Brennwert 2339 kJ / 561 kcal Fett 36,0 g gesättigte Fettsäuren 21,0 g Kohlenhydrate 52,0 g davon Zucker 50,0 g Eiweiß 6,4 g Salz …"
126234,Lindt Natur Edition Mini Eier Mischung Lindt Frohe Ostern 100g,NUTRITION,OK,8,all_checks_passed,"Energie / Brennwert 2306 kJ / 553 kcal Fett 33,0 g gesättigte Fettsäuren 19,0 g Kohlenhydrate 56,0 g davon Zucker 54,0 g Eiweiß 7,0 g Salz …"
126238,Lindt Lindor Mini Eier Mischung Köcher Milch Feinherb Weiß 150g,NUTRITION,OK_WITH_WARNINGS,8,energy_mismatch:kJ=2534.0 inconsistent_with_kcal=345.0 | warnings_present,"Energie / Brennwert 2534 kJ / 345 kcal Fett 45,0 g gesättigte Fettsäuren 34,0 g Kohlenhydrate 45,0 g davon Zucker 44,0 g Eiweiß 5,1 g Salz …"
126245,Lindt Kokos und Marzipan Eier in feinherber Milchschokolade 85g,NUTRITION,OK_WITH_WARNINGS,8,"plausibility_out_of_range:salt_g:100.0 not in [0.0, 15.0] | warnings_present","Energie (KJ) per 100 g/ml 1957 KJ Energie (kcal) per 100 g/ml 468 kcal Fett per 100 g/ml 23.0 g Fett, davon gesättigte Fettsäuren pro 100 g…"
126279,Lindt Lindor Mini Eier Köcher Milchschokolade Zartschmelzend 150g,NUTRITION,OK,9,all_checks_passed,"Brennwert in kJ 2630 kJ Brennwert in kcal 634 kcal Fett 49 g gesättigte Fettsäuren 37 g Kohlenhydrate 42 g Zucker 39 g Eiweiß 4,9 g Salz 0,…"
126280,Lindt Lindor Eier Caramel und Salz unendlich zartschmelzend 90g,NUTRITION,OK,9,all_checks_passed,"Brennwert in kJ 2538 kJ Brennwert in kcal 611 kcal Fett 45 g gesättigte Fettsäuren 34 g Kohlenhydrate 45 g Zucker 45 g Eiweiß 5,4 g Salz 0,…"
126282,Lindt Lindor Spaghetti Eis Eier Weiße Schokolade mit Cremefüllung 90g,NUTRITION,OK,9,all_checks_passed,"Brennwert in kJ 2210 kJ Brennwert in kcal 529 kcal Fett 31 g gesättigte Fettsäuren 19 g Kohlenhydrate 57 g Zucker 55 g Eiweiß 5,5 g Salz 0,…"
126283,Lindt Lindor Eier Vollmilch Zitrone Buttermilch Cremefüllung 85g,NUTRITION,OK,9,all_checks_passed,"Brennwert in kJ 2452 kJ Brennwert in kcal 589 kcal Fett 41 g gesättigte Fettsäuren 23 g Kohlenhydrate 48 g Zucker 46 g Eiweiß 6,5 g Salz 0,…"
126285,Lindt Schoko Figur Blaumeise oder Igel Vollmilch Hohlfigur 40g,NUTRITION,OK,9,all_checks_passed,"Brennwert in kJ 2272 kJ Brennwert in kcal 544 kcal Fett 32 g gesättigte Fettsäuren 19 g Kohlenhydrate 56 g Zucker 54 g Eiweiß 7,2 g Salz 0,…"
126847,Lindor Sommer Mix Beutel Pralinen zartschmelzend 4fach sortiert 1000g,NUTRITION,OK,8,"unparseable_numeric_fragment:5, | unparseable_numeric_fragment:0, | all_checks_passed",Energie kj 2604 kj Energie kcal 627 kcal Fett 48GRM Fett davon gesättigte Fettsäuren 35GRM Kohlenhydrate 43GRM Kohlenhydrate davon Zucker 4…
128628,Lindt Goldhase Alpenvollmilchschokolade mit Glöckchen 200g 4er Pack,NUTRITION,OK,8,all_checks_passed,"Energie / Brennwert 2294 kJ / 547,8 kcal Eiweiss / Proteine 7,2 g Kohlenhydrate 55 g Zucker 55 g Fett 33 g gesättigte Fettsäuren 20 g Natri…"
128629,Lindt Goldhase Vollmilch mit dem Glöckchen um den Hals 1000g 4er Pack,NUTRITION,OK_WITH_WARNINGS,8,"plausibility_out_of_range:salt_g:100.0 not in [0.0, 15.0] | warnings_present","Energie (KJ) per 100 g/ml 2272 KJ Energie (kcal) per 100 g/ml 544 kcal Fett per 100 g/ml 32.0 g Fett, davon gesättigte Fettsäuren pro 100 g…"
128631,Lindt Hasen Nest mit Spezialitäten Eier Vollmilchschokolade 4er Pack,NUTRITION,OK,8,all_checks_passed,"Energie: 2277kJ Energie:545kcal Fett: 32 g Fett, davon gesättigte Fettsäuren:20 g Kohlenhydrate:56 g Kohlenhydrate, davon Zucker: 55 g Eiwe…"
128632,Lindt Goldhase Hohlfigur Alpenvollmilch Schokolade Ostern 50g 4er Pack,NUTRITION,OK,8,all_checks_passed,"Energie / Brennwert 2272 kJ / 544 kcal Fett 32 g gesättigte Fettsäuren 19 g Kohlenhydrate 56 g davon Zucker 54 g Eiweiß 7,2 g Salz 0,32 g"
128634,Lindt XXL Klassik Osterbeutel mit verschiedene Füllungen 288g 4er Pack,NUTRITION,OK,8,all_checks_passed,"Energie / Brennwert 2333 kJ / 559 kcal Fett 34 g gesättigte Fettsäuren 20 g Kohlenhydrate 55 g davon Zucker 54 g Eiweiß 7,3 g Salz 0,24 g"
128636,Merci Osterhase weiße Folie aus Vollmilchschokolade 120g 4er Pack,NUTRITION,OK,8,"unparseable_numeric_fragment:2420, | unparseable_numeric_fragment:38, | unparseable_numeric_fragment:23, | unparseable_numeric_fragment:50, | unparseable_numeric_fragment:49, | unparseable_numeric_fragment:7, | unparseable_numeric_fragment:0, | all_checks_passed","Brennwert: 2420,4KJ Brennwert: 578Kcal Fett: 38,2g davon -gesättigte Fettsäuren: 23,8g Kohlenhydrate: 50,6g davon -Zucker: 49,8g Eiweiß: 7,…"
130933,Lindt Waffel Riegel feinste Milchschokolade mit knusprigen Waffel 35g,NUTRITION,OK_WITH_WARNINGS,9,"unparseable_numeric_fragment:6, | unparseable_numeric_fragment:0, | plausibility_out_of_range:kcal:2276.0 not in [0.0, 900.0] | energy_mismatch:kJ=544.0 inconsistent_with_kcal=2276.0 | warnings_present","Brennwert: 544 Kilokalorien (kcal) Brennwert: 2276 Kilojoule (kJ) Kohlenhydrate: 56g Kohlenhydrate, davon Zucker: 50g Fett: 33g Fett, davon…"
131298,Lindt Weihnachtsmann Waffel und Zimt Hohlfigur aus Alpenmilch 125g,NUTRITION,OK_WITH_WARNINGS,8,"plausibility_out_of_range:kcal:2309.0 not in [0.0, 900.0] | energy_mismatch:kJ=554.0 inconsistent_with_kcal=2309.0 | warnings_present","Brennwert: 554,00 Kilokalorien (kcal) Brennwert: 2.309,00 Kilojoule (kJ) Fett: 34,00 Fett, davon gesättigte Fettsäuren: 20,00 Kohlenhydrate…"
131299,Lindt Weihnachtsmann Weiß Hohlfigur aus weißer Schokolade 70g,NUTRITION,OK_WITH_WARNINGS,8,"plausibility_out_of_range:kcal:2341.0 not in [0.0, 900.0] | energy_mismatch:kJ=561.0 inconsistent_with_kcal=2341.0 | warnings_present","Brennwert: 561,00 Kilokalorien (kcal) Brennwert: 2.341,00 Kilojoule (kJ) Fett: 35,00 Fett, davon gesättigte Fettsäuren: 22,00 Kohlenhydrate…"
131300,Lindt Weihnachtsmann Edelbitter Hohlfigur aus Edelbitterschokolade 70g,NUTRITION,OK_WITH_WARNINGS,8,"plausibility_out_of_range:kcal:2365.0 not in [0.0, 900.0] | energy_mismatch:kJ=569.0 inconsistent_with_kcal=2365.0 | warnings_present","Brennwert: 569,00 Kilokalorien (kcal) Brennwert: 2.365,00 Kilojoule (kJ) Fett: 39,00 Fett, davon gesättigte Fettsäuren: 23,00 Kohlenhydrate…"
131301,Lindt Santa Charity Design Edition Hohlfigur aus Vollmilch 125g,NUTRITION,OK_WITH_WARNINGS,8,"plausibility_out_of_range:kcal:2272.0 not in [0.0, 900.0] | energy_mismatch:kJ=544.0 inconsistent_with_kcal=2272.0 | warnings_present","Brennwert: 544,00 Kilokalorien (kcal) Brennwert: 2.272,00 Kilojoule (kJ) Fett: 32,00 Fett, davon gesättigte Fettsäuren: 19,00 Kohlenhydrate…"
131302,Lindt Santa Charity Design Edition Hohlfigur aus Vollmilch 70g,NUTRITION,OK_WITH_WARNINGS,8,"plausibility_out_of_range:kcal:2272.0 not in [0.0, 900.0] | energy_mismatch:kJ=544.0 inconsistent_with_kcal=2272.0 | warnings_present","Brennwert: 544,00 Kilokalorien (kcal) Brennwert: 2.272,00 Kilojoule (kJ) Fett: 32,00 Fett, davon gesättigte Fettsäuren: 19,00 Kohlenhydrate…"
131303,Lindt Wichtel Schokoladen Hohlfigur in 3 verschiedenen Designs 40g,NUTRITION,OK,8,"unparseable_numeric_fragment:7, | unparseable_numeric_fragment:0, | all_checks_passed",Energie kj 2272 kj Energie kcal 544 kcal Fett 32GRM Fett davon gesättigte Fettsäuren 19GRM Kohlenhydrate 56GRM Kohlenhydrate davon Zucker 5…
131304,Lindt Wichtelzauber Mini Kugeln aus verschiedenen Schokoladen 150g,NUTRITION,OK,8,"unparseable_numeric_fragment:6, | unparseable_numeric_fragment:0, | all_checks_passed",Energie kj 2338 kj Energie kcal 560 kcal Fett 34GRM Fett davon gesättigte Fettsäuren 19GRM Kohlenhydrate 56GRM Kohlenhydrate davon Zucker 5…
131305,Lindt Wichtelzauber Tasche gefüllt mit Vollmilchschokolade 165g,NUTRITION,OK,8,"unparseable_numeric_fragment:6, | unparseable_numeric_fragment:0, | all_checks_passed",Energie kj 2364 kj Energie kcal 567 kcal Fett 35GRM Fett davon gesättigte Fettsäuren 19GRM Kohlenhydrate 55GRM Kohlenhydrate davon Zucker 5…
131306,Lindt Mini Wichtel aus Alpenmilch Schokolade mit Perforation 50g,NUTRITION,OK,8,"unparseable_numeric_fragment:7, | unparseable_numeric_fragment:0, | all_checks_passed",Energie kj 2350 kj Energie kcal 564 kcal Fett 36GRM Fett davon gesättigte Fettsäuren 22GRM Kohlenhydrate 52GRM Kohlenhydrate davon Zucker 5…
131307,Lindt Wichtelzauber Geschenk gefüllt mit Vollmilchschokoladen 185g,NUTRITION,OK,8,"unparseable_numeric_fragment:6, | unparseable_numeric_fragment:0, | all_checks_passed",Energie kj 2326 kj Energie kcal 557 kcal Fett 34GRM Fett davon gesättigte Fettsäuren 19GRM Kohlenhydrate 55GRM Kohlenhydrate davon Zucker 5…
131308,Lindt Nuss Selection Pralines Traditionsreiche Mischung 200g,NUTRITION,OK,8,"unparseable_numeric_fragment:9, | unparseable_numeric_fragment:0, | all_checks_passed",Energie kj 2339 kj Energie kcal 562 kcal Fett 37GRM Fett davon gesättigte Fettsäuren 14GRM Kohlenhydrate 46GRM Kohlenhydrate davon Zucker 4…
131309,Lindt Nuss Selection Dragierte Haselnüsse umhüllt von Schokolade 100g,NUTRITION,OK,8,"unparseable_numeric_fragment:9, | unparseable_numeric_fragment:0, | all_checks_passed",Energie kj 2392 kj Energie kcal 574 kcal Fett 38GRM Fett davon gesättigte Fettsäuren 13GRM Kohlenhydrate 47GRM Kohlenhydrate davon Zucker 4…
131310,Lindt Nuss Selection Weiße Mandeln umhüllt von Schokolade 100g,NUTRITION,OK,8,"unparseable_numeric_fragment:0, | all_checks_passed",Energie kj 2437 kj Energie kcal 585 kcal Fett 38GRM Fett davon gesättigte Fettsäuren 14GRM Kohlenhydrate 44GRM Kohlenhydrate davon Zucker 4…
131311,Lindt Nuss Selection Pralines Traditionsreiche Mischung 125g,NUTRITION,OK,8,"unparseable_numeric_fragment:0, | all_checks_passed",Energie kj 2360 kj Energie kcal 567 kcal Fett 38GRM Fett davon gesättigte Fettsäuren 13GRM Kohlenhydrate 44GRM Kohlenhydrate davon Zucker 4…
131312,Lindt Nuss Selection Weiße Mandel Weiße Schokolade Tafel 150g,NUTRITION,OK,8,"unparseable_numeric_fragment:0, | all_checks_passed",Energie kj 2451 kj Energie kcal 590 kcal Fett 42GRM Fett davon gesättigte Fettsäuren 17GRM Kohlenhydrate 40GRM Kohlenhydrate davon Zucker 3…
131313,Lindt Nuss Selection Vollmilch Haselnuss Tafel ganze Nüsse 150g,NUTRITION,OK,8,"unparseable_numeric_fragment:8, | unparseable_numeric_fragment:0, | all_checks_passed",Energie kj 2463 kj Energie kcal 593 kcal Fett 43GRM Fett davon gesättigte Fettsäuren 14GRM Kohlenhydrate 41GRM Kohlenhydrate davon Zucker 3…
131314,Lindt Hello Adventskalender PopUp mit 24 Schokoladen Türchen 235g,NUTRITION,OK,8,"unparseable_numeric_fragment:6, | unparseable_numeric_fragment:0, | all_checks_passed",Energie kj 2350 kj Energie kcal 564 kcal Fett 36GRM Fett davon gesättigte Fettsäuren 20GRM Kohlenhydrate 53GRM Kohlenhydrate davon Zucker 5…
131315,Lindt Blätterkrokant Weiss knusper Krokant in weisser Schokolade 90g,NUTRITION,OK,8,"unparseable_numeric_fragment:7, | unparseable_numeric_fragment:0, | all_checks_passed",Energie kj 2130 kj Energie kcal 508 kcal Fett 23GRM Fett davon gesättigte Fettsäuren 7GRM Kohlenhydrate 67GRM Kohlenhydrate davon Zucker 63…
131316,Lindt Blätterkrokant Dunkel Doppeldreh mit 45 Prozent Kakao 90g,NUTRITION,OK,8,"unparseable_numeric_fragment:6, | unparseable_numeric_fragment:7, | unparseable_numeric_fragment:0, | all_checks_passed","Energie kj 2122 kj Energie kcal 506 kcal Fett 23GRM Fett davon gesättigte Fettsäuren 6,8GRM Kohlenhydrate 66GRM Kohlenhydrate davon Zucker …"
131317,Lindt Blätterkrokant Doppeldreh Mix Weiss und Dunkle Schokolade 90g,NUTRITION,OK,8,"unparseable_numeric_fragment:6, | unparseable_numeric_fragment:7, | unparseable_numeric_fragment:0, | all_checks_passed","Energie kj 2137 kj Energie kcal 510 kcal Fett 23GRM Fett davon gesättigte Fettsäuren 6,3GRM Kohlenhydrate 67GRM Kohlenhydrate davon Zucker …"
131353,Lindt Cute Chocolaterie Mandelkrokant auf Vollmilchschokolade 100g,NUTRITION,OK_WITH_WARNINGS,8,"plausibility_out_of_range:kcal:2261.0 not in [0.0, 900.0] | energy_mismatch:kJ=542.0 inconsistent_with_kcal=2261.0 | warnings_present","Brennwert: 542,00 Kilokalorien (kcal) Brennwert: 2261,00 Kilojoule (kJ) Fett: 32,00 Fett, davon gesättigte Fettsäuren: 18,00 Kohlenhydrate:…"
131690,Lindt Goldhase vegan Kakaoerzeugnis mit Hafermehl und Hafersirup 100g,NUTRITION,OK_WITH_WARNINGS,9,"unparseable_numeric_fragment:4, | plausibility_out_of_range:kcal:2402.0 not in [0.0, 900.0] | energy_mismatch:kJ=577.0 inconsistent_with_kcal=2402.0 | warnings_present","Brennwert: 577 Kilokalorien (kcal) Brennwert: 2402 Kilojoule (kJ) Kohlenhydrate: 52g Kohlenhydrate, davon Zucker: 32g Fett: 38g Fett, davon…"
131691,Lindt Eier Choco Deluxe vegan mit Hafermehl und Mandelmark Beutel 90g,NUTRITION,OK_WITH_WARNINGS,9,"unparseable_numeric_fragment:6, | unparseable_numeric_fragment:0, | plausibility_out_of_range:kcal:2279.0 not in [0.0, 900.0] | energy_mismatch:kJ=548.0 inconsistent_with_kcal=2279.0 | warnings_present","Brennwert: 548 Kilokalorien (kcal) Brennwert: 2279 Kilojoule (kJ) Kohlenhydrate: 46g Kohlenhydrate, davon Zucker: 32g Fett: 36g Fett, davon…"
131692,Lindt Eier Haselnuss Karamell vegan mit Hafermehl Beutel 90g,NUTRITION,OK_WITH_WARNINGS,9,"unparseable_numeric_fragment:4, | unparseable_numeric_fragment:0, | plausibility_out_of_range:kcal:2313.0 not in [0.0, 900.0] | energy_mismatch:kJ=556.0 inconsistent_with_kcal=2313.0 | warnings_present","Brennwert: 556 Kilokalorien (kcal) Brennwert: 2313 Kilojoule (kJ) Kohlenhydrate: 49g Kohlenhydrate, davon Zucker: 33g Fett: 37g Fett, davon…"
131695,Lindt Indulgence Kakao Nibs Eier weiße Schokolade Beutel 90g,NUTRITION,OK_WITH_WARNINGS,9,"unparseable_numeric_fragment:6, | unparseable_numeric_fragment:0, | plausibility_out_of_range:kcal:2453.0 not in [0.0, 900.0] | energy_mismatch:kJ=589.0 inconsistent_with_kcal=2453.0 | warnings_present","Brennwert: 589 Kilokalorien (kcal) Brennwert: 2453 Kilojoule (kJ) Kohlenhydrate: 54g Kohlenhydrate, davon Zucker: 51g Fett: 38g Fett, davon…"
131696,Lindt Eier Indulgence Himbeer Panna Cotta gefüllte Schokolade 90g,NUTRITION,OK_WITH_WARNINGS,9,"unparseable_numeric_fragment:0, | plausibility_out_of_range:kcal:2318.0 not in [0.0, 900.0] | energy_mismatch:kJ=556.0 inconsistent_with_kcal=2318.0 | warnings_present","Brennwert: 556 Kilokalorien (kcal) Brennwert: 2318 Kilojoule (kJ) Kohlenhydrate: 53g Kohlenhydrate, davon Zucker: 50g Fett: 36g Fett, davon…"
131697,Lindt Kleine Ostergeschenke Schokoladen mit Füllungen Packung 37g,NUTRITION,OK_WITH_WARNINGS,9,"unparseable_numeric_fragment:0, | plausibility_out_of_range:kcal:2326.0 not in [0.0, 900.0] | energy_mismatch:kJ=558.0 inconsistent_with_kcal=2326.0 | warnings_present","Brennwert: 558 Kilokalorien (kcal) Brennwert: 2326 Kilojoule (kJ) Kohlenhydrate: 55g Kohlenhydrate, davon Zucker: 53g Fett: 34g Fett, davon…"
131698,Lindt Goldhasen Tafel Vollmilch mit Karamell und Salz Packung 115g,NUTRITION,OK_WITH_WARNINGS,9,"unparseable_numeric_fragment:6, | unparseable_numeric_fragment:0, | plausibility_out_of_range:kcal:2291.0 not in [0.0, 900.0] | energy_mismatch:kJ=549.0 inconsistent_with_kcal=2291.0 | warnings_present","Brennwert: 549 Kilokalorien (kcal) Brennwert: 2291 Kilojoule (kJ) Kohlenhydrate: 56g Kohlenhydrate, davon Zucker: 52g Fett: 33g Fett, davon…"
131704,Lindt Goldhase im Nest Herz mit zartschmelzenden Füllungen 195g,NUTRITION,OK_WITH_WARNINGS,9,"unparseable_numeric_fragment:6, | unparseable_numeric_fragment:0, | plausibility_out_of_range:kcal:2425.0 not in [0.0, 900.0] | energy_mismatch:kJ=582.0 inconsistent_with_kcal=2425.0 | warnings_present","Brennwert: 582 Kilokalorien (kcal) Brennwert: 2425 Kilojoule (kJ) Kohlenhydrate: 51g Kohlenhydrate, davon Zucker: 50g Fett: 39g Fett, davon…"
131705,Lindt Goldhase Best Friends mit zwei Freundschaftsbändchen 100g,NUTRITION,OK_WITH_WARNINGS,9,"unparseable_numeric_fragment:7, | unparseable_numeric_fragment:0, | plausibility_out_of_range:kcal:2272.0 not in [0.0, 900.0] | energy_mismatch:kJ=544.0 inconsistent_with_kcal=2272.0 | warnings_present","Brennwert: 544 Kilokalorien (kcal) Brennwert: 2272 Kilojoule (kJ) Kohlenhydrate: 56g Kohlenhydrate, davon Zucker: 54g Fett: 32g Fett, davon…"
131732,Lindt Oster Goldhase Tasche Herz Vollmilch Schokolade Packung 100g,NUTRITION,OK_WITH_WARNINGS,9,"unparseable_numeric_fragment:7, | unparseable_numeric_fragment:0, | plausibility_out_of_range:kcal:2272.0 not in [0.0, 900.0] | energy_mismatch:kJ=544.0 inconsistent_with_kcal=2272.0 | warnings_present","Brennwert: 544 Kilokalorien (kcal) Brennwert: 2272 Kilojoule (kJ) Kohlenhydrate: 56g Kohlenhydrate, davon Zucker: 54g Fett: 32g Fett, davon…"
131734,Lindt Oster Goldhase Cut Out Range Köcher Vollmilch Schokolade 87g,NUTRITION,OK_WITH_WARNINGS,9,"unparseable_numeric_fragment:0, | plausibility_out_of_range:kcal:2309.0 not in [0.0, 900.0] | energy_mismatch:kJ=554.0 inconsistent_with_kcal=2309.0 | warnings_present","Brennwert: 554 Kilokalorien (kcal) Brennwert: 2309 Kilojoule (kJ) Kohlenhydrate: 54g Kohlenhydrate, davon Zucker: 53g Fett: 34g Fett, davon…"
131735,Lindt Oster Goldhase Nest Frühling Vollmilchschokolade Packung 200g,NUTRITION,OK_WITH_WARNINGS,9,"unparseable_numeric_fragment:7, | unparseable_numeric_fragment:0, | plausibility_out_of_range:kcal:2292.0 not in [0.0, 900.0] | energy_mismatch:kJ=549.0 inconsistent_with_kcal=2292.0 | warnings_present","Brennwert: 549 Kilokalorien (kcal) Brennwert: 2292 Kilojoule (kJ) Kohlenhydrate: 55g Kohlenhydrate, davon Zucker: 54g Fett: 33g Fett, davon…"
131741,Lindt Oster Goldhase Cut Out Kissenpackung Vollmilch-Schokolade 39g,NUTRITION,OK_WITH_WARNINGS,9,"unparseable_numeric_fragment:7, | unparseable_numeric_fragment:0, | plausibility_out_of_range:kcal:2369.0 not in [0.0, 900.0] | energy_mismatch:kJ=568.0 inconsistent_with_kcal=2369.0 | warnings_present","Brennwert: 568 Kilokalorien (kcal) Brennwert: 2369 Kilojoule (kJ) Kohlenhydrate: 53g Kohlenhydrate, davon Zucker: 51g Fett: 36g Fett, davon…"
131742,Lindt Oster Goldhase Cut Out Range Nest Vollmilchschokolade 198g,NUTRITION,OK_WITH_WARNINGS,9,"unparseable_numeric_fragment:6, | unparseable_numeric_fragment:0, | plausibility_out_of_range:kcal:2308.0 not in [0.0, 900.0] | energy_mismatch:kJ=553.0 inconsistent_with_kcal=2308.0 | warnings_present","Brennwert: 553 Kilokalorien (kcal) Brennwert: 2308 Kilojoule (kJ) Kohlenhydrate: 54g Kohlenhydrate, davon Zucker: 53g Fett: 34g Fett, davon…"
131743,Lindt Oster Goldhase Cut Out großes Geschenk Vollmilch-Schokolade 266g,NUTRITION,OK_WITH_WARNINGS,9,"unparseable_numeric_fragment:6, | unparseable_numeric_fragment:0, | plausibility_out_of_range:kcal:2308.0 not in [0.0, 900.0] | energy_mismatch:kJ=553.0 inconsistent_with_kcal=2308.0 | warnings_present","Brennwert: 553 Kilokalorien (kcal) Brennwert: 2308 Kilojoule (kJ) Kohlenhydrate: 54g Kohlenhydrate, davon Zucker: 53g Fett: 34g Fett, davon…"
131763,Lindt Swiss Premium Weiße Mandel Tafel 300g,NUTRITION,OK,7,all_checks_passed,"Energie kj: 2374 kj – Energie kcal: 570 kcal - Kohlenhydrate: 50,0 GRM - Kohlenhydrate, davon Zucker: 49,0 GRM - Eiweiß: 8,8 GRM - Fett: 37…"
131764,Lindt Nuxor Weiß Schokolade mit Haselnüssen 103g,NUTRITION,OK,7,all_checks_passed,"Energie kj: 2488 kj – Energie kcal: 599 kcal - Kohlenhydrate: 40,0 GRM - Kohlenhydrate, davon Zucker: 36,0 GRM - Eiweiß: 7,6 GRM - Fett: 45…"
131765,Lindt Nuxor Mischung Kissenpackung 206g,NUTRITION,OK,7,all_checks_passed,"Energie kj: 2499 kj – Energie kcal: 602 kcal - Kohlenhydrate: 38,0 GRM - Kohlenhydrate, davon Zucker: 33,0 GRM - Eiweiß: 8,8 GRM - Fett: 45…"
131766,Lindt Moments Mischung Lindor Nuxor Fioretto 223g,NUTRITION,OK,7,all_checks_passed,"Energie kj: 2465 kj – Energie kcal: 593 kcal - Kohlenhydrate: 43,0 GRM - Kohlenhydrate, davon Zucker: 39,0 GRM - Eiweiß: 6,8 GRM - Fett: 43…"
131767,Lindt Nuss Deluxe Ganze Haselnuss Vollmilch Riegel 35g,NUTRITION,OK,7,all_checks_passed,"Energie kj: 2315 kj – Energie kcal: 555 kcal - Kohlenhydrate: 50,0 GRM - Kohlenhydrate, davon Zucker: 48,0 GRM - Eiweiß: 7,8 GRM - Fett: 35…"
131768,Lindt Nuss Deluxe Ganze Haselnuss Dunkel Riegel 35g,NUTRITION,OK,7,all_checks_passed,"Energie kj: 2329 kj – Energie kcal: 560 kcal - Kohlenhydrate: 47,0 GRM - Kohlenhydrate, davon Zucker: 43,0 GRM - Eiweiß: 6,4 GRM - Fett: 37…"
131769,Lindt Nuss Deluxe Ganze Haselnuss Milch Beutel 98g,NUTRITION,OK,7,all_checks_passed,"Energie kj: 2455 kj – Energie kcal: 589 kcal - Kohlenhydrate: 50,0 GRM - Kohlenhydrate, davon Zucker: 45,0 GRM - Eiweiß: 7,0 GRM - Fett: 39…"
131770,Lindt Nuss Deluxe Ganze Haselnuss Dunkel Beutel 98g,NUTRITION,OK,7,all_checks_passed,"Energie kj: 2463 kj – Energie kcal: 593 kcal - Kohlenhydrate: 45,0 GRM - Kohlenhydrate, davon Zucker: 38,0 GRM - Eiweiß: 7,6 GRM - Fett: 40…"
131771,Lindt HELLO Mischung 4 Good Vibes 41g,NUTRITION,OK,7,all_checks_passed,"Energie kj: 2350 kj – Energie kcal: 564 kcal - Kohlenhydrate: 52,0 GRM - Kohlenhydrate, davon Zucker: 50,0 GRM - Eiweiß: 6,8 GRM - Fett: 36…"
131772,Lindt HELLO Mischung 4 Good Vibes 90g,NUTRITION,OK,7,all_checks_passed,"Energie kj: 2350 kj – Energie kcal: 564 kcal - Kohlenhydrate: 52,0 GRM - Kohlenhydrate, davon Zucker: 50,0 GRM - Eiweiß: 6,8 GRM - Fett: 36…"
131773,Lindt HELLO Mischung 4 Good Vibes 164g,NUTRITION,OK,7,all_checks_passed,"Energie kj: 2350 kj – Energie kcal: 564 kcal - Kohlenhydrate: 52,0 GRM - Kohlenhydrate, davon Zucker: 50,0 GRM - Eiweiß: 6,8 GRM - Fett: 36…"
132049,Lindt Schokoeier Eierlikör cremig gefüllt mit edlem Eierlikör 108g,NUTRITION,OK,8,all_checks_passed,"Energie / Brennwert 2023 kJ / 485 kcal Fett 27,0 g gesättigte Fettsäuren 15,0 g Kohlenhydrate 45,0 g davon Zucker 42,0 g Eiweiß 4,6 g Salz …"
132103,Lindt Lindor Cornet Milch mit zartschmelzender Füllung Packung 500g,NUTRITION,OK_WITH_WARNINGS,9,"unparseable_numeric_fragment:0, | plausibility_out_of_range:kcal:2587.0 not in [0.0, 900.0] | energy_mismatch:kJ=623.0 inconsistent_with_kcal=2587.0 | warnings_present","Brennwert: 623 Kilokalorien (kcal) Brennwert: 2587 Kilojoule (kJ) Kohlenhydrate: 44g Kohlenhydrate, davon Zucker: 42g Fett: 47g Fett, davon…"
132104,Lindt Lindor Cornet Dark mit zartschmelzender Füllung Packung 500g,NUTRITION,OK_WITH_WARNINGS,9,"unparseable_numeric_fragment:6, | plausibility_out_of_range:kcal:2624.0 not in [0.0, 900.0] | energy_mismatch:kJ=634.0 inconsistent_with_kcal=2624.0 | warnings_present","Brennwert: 634 Kilokalorien (kcal) Brennwert: 2624 Kilojoule (kJ) Kohlenhydrate: 29g Kohlenhydrate, davon Zucker: 25g Fett: 53g Fett, davon…"
132111,Lindt Lindor Cornet Mischung mit zartschmelzenden Füllungen 500g,NUTRITION,OK_WITH_WARNINGS,9,"unparseable_numeric_fragment:4, | unparseable_numeric_fragment:0, | plausibility_out_of_range:kcal:2619.0 not in [0.0, 900.0] | energy_mismatch:kJ=631.0 inconsistent_with_kcal=2619.0 | warnings_present","Brennwert: 631 Kilokalorien (kcal) Brennwert: 2619 Kilojoule (kJ) Kohlenhydrate: 41g Kohlenhydrate, davon Zucker: 40g Fett: 49g Fett, davon…"
132186,Lindt Mini Pralinés Glücksbringer exquisite Auswahl Packung 100g,NUTRITION,OK_WITH_WARNINGS,9,"unparseable_numeric_fragment:7, | unparseable_numeric_fragment:0, | plausibility_out_of_range:kcal:2195.0 not in [0.0, 900.0] | energy_mismatch:kJ=526.0 inconsistent_with_kcal=2195.0 | warnings_present","Brennwert: 526 Kilokalorien (kcal) Brennwert: 2195 Kilojoule (kJ) Kohlenhydrate: 54g Kohlenhydrate, davon Zucker: 47g Fett: 30g Fett, davon…"
132191,Lindt Eier Whisky Trüffel mit Whisky-Trüffel-Füllung Packung 108g,NUTRITION,OK_WITH_WARNINGS,9,"unparseable_numeric_fragment:4, | unparseable_numeric_fragment:0, | plausibility_out_of_range:kcal:2037.0 not in [0.0, 900.0] | energy_mismatch:kJ=489.0 inconsistent_with_kcal=2037.0 | warnings_present","Brennwert: 489 Kilokalorien (kcal) Brennwert: 2037 Kilojoule (kJ) Kohlenhydrate: 41g Kohlenhydrate, davon Zucker: 38g Fett: 29g Fett, davon…"
132192,Lindt Eier Spezialitäten mit alkoholischen Füllungen Packung 108g,NUTRITION,OK_WITH_WARNINGS,9,"unparseable_numeric_fragment:3, | plausibility_out_of_range:kcal:1904.0 not in [0.0, 900.0] | energy_mismatch:kJ=456.0 inconsistent_with_kcal=1904.0 | warnings_present","Brennwert: 456 Kilokalorien (kcal) Brennwert: 1904 Kilojoule (kJ) Kohlenhydrate: 48g Kohlenhydrate, davon Zucker: 43g Fett: 23g Fett, davon…"
132525,Lindt Lindor Mischung Gold zartschmelzende Füllungen Beutel 99g,NUTRITION,OK_WITH_WARNINGS,9,"unparseable_numeric_fragment:4, | unparseable_numeric_fragment:0, | plausibility_out_of_range:kcal:2613.0 not in [0.0, 900.0] | energy_mismatch:kJ=630.0 inconsistent_with_kcal=2613.0 | warnings_present","Brennwert: 630 Kilokalorien (kcal) Brennwert: 2613 Kilojoule (kJ) Kohlenhydrate: 41g Kohlenhydrate, davon Zucker: 39g Fett: 49g Fett, davon…"
132526,Lindt Dubai Style Chocolade mit Pistazien-Engelshaar-Füllung 145g,NUTRITION,OK_WITH_WARNINGS,9,"unparseable_numeric_fragment:8, | unparseable_numeric_fragment:0, | plausibility_out_of_range:kcal:2345.0 not in [0.0, 900.0] | energy_mismatch:kJ=563.0 inconsistent_with_kcal=2345.0 | warnings_present","Brennwert: 563 Kilokalorien (kcal) Brennwert: 2345 Kilojoule (kJ) Kohlenhydrate: 50g Kohlenhydrate, davon Zucker: 46g Fett: 36g Fett, davon…"
132527,Lindt Lindor Milch mit zartschmelzender Füllung Packung 100g,NUTRITION,OK_WITH_WARNINGS,9,"unparseable_numeric_fragment:4, | unparseable_numeric_fragment:0, | plausibility_out_of_range:kcal:2589.0 not in [0.0, 900.0] | energy_mismatch:kJ=623.0 inconsistent_with_kcal=2589.0 | warnings_present","Brennwert: 623 Kilokalorien (kcal) Brennwert: 2589 Kilojoule (kJ) Kohlenhydrate: 44g Kohlenhydrate, davon Zucker: 43g Fett: 47g Fett, davon…"
132528,Lindt Lindor Dark 70 Prozent mit Edelbitter-Schokolade Packung 100g,NUTRITION,OK_WITH_WARNINGS,9,"unparseable_numeric_fragment:6, | plausibility_out_of_range:kcal:2624.0 not in [0.0, 900.0] | energy_mismatch:kJ=634.0 inconsistent_with_kcal=2624.0 | warnings_present","Brennwert: 634 Kilokalorien (kcal) Brennwert: 2624 Kilojoule (kJ) Kohlenhydrate: 29g Kohlenhydrate, davon Zucker: 25g Fett: 53g Fett, davon…"
132692,Lindt Limoncello Tafel Packung mit Zitronenlikör-Füllung 100g,NUTRITION,OK_WITH_WARNINGS,9,"unparseable_numeric_fragment:4, | unparseable_numeric_fragment:0, | plausibility_out_of_range:kcal:2009.0 not in [0.0, 900.0] | energy_mismatch:kJ=480.0 inconsistent_with_kcal=2009.0 | warnings_present","Brennwert: 480 Kilokalorien (kcal) Brennwert: 2009 Kilojoule (kJ) Kohlenhydrate: 60g Kohlenhydrate, davon Zucker: 59g Fett: 22g Fett, davon…"
132719,"Lindt Nuxor Beutel, Feinherb 700g",NUTRITION,OK,8,"unparseable_numeric_fragment:9, | unparseable_numeric_fragment:0, | all_checks_passed",Energie kj 2466 kj Energie kcal 594 kcal Fett 45GRM Fett davon gesättigte Fettsäuren 14GRM Kohlenhydrate 35GRM Kohlenhydrate davon Zucker 3…
132720,"Lindt Nuxor Beutel, Milch 700g",NUTRITION,OK,8,"unparseable_numeric_fragment:9, | unparseable_numeric_fragment:0, | all_checks_passed",Energie kj 2502 kj Energie kcal 602 kcal Fett 45GRM Fett davon gesättigte Fettsäuren 13GRM Kohlenhydrate 39GRM Kohlenhydrate davon Zucker 3…
132721,Lindt Moments XL Beutel 750g,NUTRITION,OK,8,"unparseable_numeric_fragment:6, | unparseable_numeric_fragment:0, | all_checks_passed",Energie kj 2466 kj Energie kcal 594 kcal Fett 43GRM Fett davon gesättigte Fettsäuren 24GRM Kohlenhydrate 43GRM Kohlenhydrate davon Zucker 4…
132912,Lindt Williams Vollmilch Tafel mit Williams Birnenbrand Füllung 100g,NUTRITION,OK,8,all_checks_passed,"Energie / Brennwert 1968 kJ / 470 kcal Fett 22,0 g gesättigte Fettsäuren 13,0 g Kohlenhydrate 58,0 g davon Zucker 57,0 g Eiweiß 4,40 g Salz…"
133049,Lindt Hochfein Design Frühling feinste Pralinen Packung 350g,NUTRITION,OK_WITH_WARNINGS,9,"unparseable_numeric_fragment:8, | unparseable_numeric_fragment:0, | plausibility_out_of_range:kcal:2345.0 not in [0.0, 900.0] | energy_mismatch:kJ=563.0 inconsistent_with_kcal=2345.0 | warnings_present","Brennwert: 563 Kilokalorien (kcal) Brennwert: 2345 Kilojoule (kJ) Kohlenhydrate: 50g Kohlenhydrate, davon Zucker: 46g Fett: 36g Fett, davon…"
133050,Lindt Hochfein Design Frühling feinste Pralinen Packung 200g,NUTRITION,OK_WITH_WARNINGS,9,"unparseable_numeric_fragment:7, | unparseable_numeric_fragment:0, | plausibility_out_of_range:kcal:2318.0 not in [0.0, 900.0] | energy_mismatch:kJ=556.0 inconsistent_with_kcal=2318.0 | warnings_present","Brennwert: 556 Kilokalorien (kcal) Brennwert: 2318 Kilojoule (kJ) Kohlenhydrate: 51g Kohlenhydrate, davon Zucker: 49g Fett: 35g Fett, davon…"
133148,Lindt Dubai Style Chocolade Riegel mit Pistazien und Engelshaar 40g,NUTRITION,OK_WITH_WARNINGS,9,"unparseable_numeric_fragment:8, | unparseable_numeric_fragment:0, | plausibility_out_of_range:kcal:2310.0 not in [0.0, 900.0] | energy_mismatch:kJ=554.0 inconsistent_with_kcal=2310.0 | warnings_present","Brennwert: 554 Kilokalorien (kcal) Brennwert: 2310 Kilojoule (kJ) Kohlenhydrate: 50g Kohlenhydrate, davon Zucker: 45g Fett: 35g Fett, davon…"
133149,Lindt Dubai Style Chocolade Pralinen mit Pistazien und Engelshaar 40g,NUTRITION,OK_WITH_WARNINGS,9,"unparseable_numeric_fragment:8, | unparseable_numeric_fragment:0, | plausibility_out_of_range:kcal:2310.0 not in [0.0, 900.0] | energy_mismatch:kJ=554.0 inconsistent_with_kcal=2310.0 | warnings_present","Brennwert: 554 Kilokalorien (kcal) Brennwert: 2310 Kilojoule (kJ) Kohlenhydrate: 50g Kohlenhydrate, davon Zucker: 45g Fett: 35g Fett, davon…"
133209,Lindt Kirsch Vollmilch Tafel mit flüssiger Kirschwasser Füllung 100g,NUTRITION,OK,8,all_checks_passed,"Energie / Brennwert 1959 kJ / 468 kcal Fett 22,0 g gesättigte Fettsäuren 13,0 g Kohlenhydrate 58,0 g davon Zucker 57,0 g Eiweiß 4,4 g Salz …"
133312,Lindt Hochfein Design Frühling feinste Pralinen Packung 500g,NUTRITION,OK_WITH_WARNINGS,9,"unparseable_numeric_fragment:7, | unparseable_numeric_fragment:0, | plausibility_out_of_range:kcal:2281.0 not in [0.0, 900.0] | energy_mismatch:kJ=547.0 inconsistent_with_kcal=2281.0 | warnings_present","Brennwert: 547 Kilokalorien (kcal) Brennwert: 2281 Kilojoule (kJ) Kohlenhydrate: 51g Kohlenhydrate, davon Zucker: 49g Fett: 34g Fett, davon…"
134444,Lindt HELLO Stick Crunchy Nougat Vollmilch-Schokolade Packung 39g,NUTRITION,OK_WITH_WARNINGS,9,"unparseable_numeric_fragment:0, | plausibility_out_of_range:kcal:2294.0 not in [0.0, 900.0] | energy_mismatch:kJ=549.0 inconsistent_with_kcal=2294.0 | warnings_present","Brennwert: 549 Kilokalorien (kcal) Brennwert: 2294 Kilojoule (kJ) Kohlenhydrate: 56g Kohlenhydrate, davon Zucker: 53g Fett: 32g Fett, davon…"
134445,Lindt HELLO Stick Salted Caramel Vollmilch-Schokolade Packung 39g,NUTRITION,OK_WITH_WARNINGS,9,"unparseable_numeric_fragment:3, | unparseable_numeric_fragment:0, | plausibility_out_of_range:kcal:2193.0 not in [0.0, 900.0] | energy_mismatch:kJ=526.0 inconsistent_with_kcal=2193.0 | warnings_present","Brennwert: 526 Kilokalorien (kcal) Brennwert: 2193 Kilojoule (kJ) Kohlenhydrate: 55g Kohlenhydrate, davon Zucker: 51g Fett: 32g Fett, davon…"
134446,Lindt HELLO Stick Cookie and Cream Vollmilch-Schokolade Packung 39g,NUTRITION,OK_WITH_WARNINGS,9,"unparseable_numeric_fragment:5, | unparseable_numeric_fragment:0, | plausibility_out_of_range:kcal:2471.0 not in [0.0, 900.0] | energy_mismatch:kJ=593.0 inconsistent_with_kcal=2471.0 | warnings_present","Brennwert: 593 Kilokalorien (kcal) Brennwert: 2471 Kilojoule (kJ) Kohlenhydrate: 52g Kohlenhydrate, davon Zucker: 47g Fett: 40g Fett, davon…"
134447,HELLO Stick Strawberry Cheesecake umhüllt mit Vollmilch Schokolade 37g,NUTRITION,OK_WITH_WARNINGS,9,"unparseable_numeric_fragment:6, | unparseable_numeric_fragment:0, | plausibility_out_of_range:kcal:2409.0 not in [0.0, 900.0] | energy_mismatch:kJ=578.0 inconsistent_with_kcal=2409.0 | warnings_present","Brennwert: 578 Kilokalorien (kcal) Brennwert: 2409 Kilojoule (kJ) Kohlenhydrate: 50g Kohlenhydrate, davon Zucker: 48g Fett: 39g Fett, davon…"
134604,Lindt Santa im Mini-Schornstein Vollmilch-Schokolade Packung 60g,NUTRITION,OK_WITH_WARNINGS,9,"unparseable_numeric_fragment:7, | unparseable_numeric_fragment:0, | energy_mismatch:kJ=554.0 inconsistent_with_kcal=56.0 | warnings_present","Brennwert: 554 Kilokalorien (kcal) Brennwert: 56 Kilojoule (kJ) Kohlenhydrate: 53g Kohlenhydrate, davon Zucker: 33g Fett: 33g Fett, davon g…"
134605,Lindt Lindor Kugeln Mixkarton Weihnachten Schokolade Packung 475g,NUTRITION,OK_WITH_WARNINGS,9,"unparseable_numeric_fragment:5, | unparseable_numeric_fragment:0, | plausibility_out_of_range:kcal:2652.0 not in [0.0, 900.0] | energy_mismatch:kJ=640.0 inconsistent_with_kcal=2652.0 | warnings_present","Brennwert: 640 Kilokalorien (kcal) Brennwert: 2652 Kilojoule (kJ) Kohlenhydrate: 42g Kohlenhydrate, davon Zucker: 40g Fett: 51g Fett, davon…"
134607,Lindt Lindor Kugeln Milch Weihnachten Schokolade Packung 475g,NUTRITION,OK_WITH_WARNINGS,9,"unparseable_numeric_fragment:4, | unparseable_numeric_fragment:0, | plausibility_out_of_range:kcal:2589.0 not in [0.0, 900.0] | energy_mismatch:kJ=623.0 inconsistent_with_kcal=2589.0 | warnings_present","Brennwert: 623 Kilokalorien (kcal) Brennwert: 2589 Kilojoule (kJ) Kohlenhydrate: 44g Kohlenhydrate, davon Zucker: 43g Fett: 47g Fett, davon…"
134608,Lindt Blätterkrokant Kugeln Weihnachten mit cremigem Schmelz 450g,NUTRITION,OK_WITH_WARNINGS,9,"unparseable_numeric_fragment:5, | unparseable_numeric_fragment:7, | unparseable_numeric_fragment:0, | plausibility_out_of_range:kcal:2179.0 not in [0.0, 900.0] | energy_mismatch:kJ=520.0 inconsistent_with_kcal=2179.0 | warnings_present","Brennwert: 520 Kilokalorien (kcal) Brennwert: 2179 Kilojoule (kJ) Kohlenhydrate: 67g Kohlenhydrate, davon Zucker: 62g Fett: 24g Fett, davon…"
134609,Lindt Weihnachtsklassiker Mix Kugeln eine feine Auswahl Packung 450g,NUTRITION,OK_WITH_WARNINGS,9,"unparseable_numeric_fragment:6, | unparseable_numeric_fragment:0, | plausibility_out_of_range:kcal:2370.0 not in [0.0, 900.0] | energy_mismatch:kJ=568.0 inconsistent_with_kcal=2370.0 | warnings_present","Brennwert: 568 Kilokalorien (kcal) Brennwert: 2370 Kilojoule (kJ) Kohlenhydrate: 55g Kohlenhydrate, davon Zucker: 52g Fett: 35g Fett, davon…"
134610,Lindt Mini Engel Vollmilch-Schokolade festliche Optik Packung 200g,NUTRITION,OK_WITH_WARNINGS,9,"unparseable_numeric_fragment:7, | unparseable_numeric_fragment:0, | plausibility_out_of_range:kcal:2350.0 not in [0.0, 900.0] | energy_mismatch:kJ=564.0 inconsistent_with_kcal=2350.0 | warnings_present","Brennwert: 564 Kilokalorien (kcal) Brennwert: 2350 Kilojoule (kJ) Kohlenhydrate: 52g Kohlenhydrate, davon Zucker: 50g Fett: 36g Fett, davon…"
134611,Lindt Mini Santa Weihnachtsmann Vollmilch-Schokolade Packung 200g,NUTRITION,OK_WITH_WARNINGS,9,"unparseable_numeric_fragment:7, | unparseable_numeric_fragment:0, | plausibility_out_of_range:kcal:2350.0 not in [0.0, 900.0] | energy_mismatch:kJ=564.0 inconsistent_with_kcal=2350.0 | warnings_present","Brennwert: 564 Kilokalorien (kcal) Brennwert: 2350 Kilojoule (kJ) Kohlenhydrate: 52g Kohlenhydrate, davon Zucker: 50g Fett: 36g Fett, davon…"
134612,Lindt Mini Santa Glamour Vollmilch-Schokolade zartschmelzend 200g,NUTRITION,OK_WITH_WARNINGS,9,"unparseable_numeric_fragment:7, | unparseable_numeric_fragment:0, | plausibility_out_of_range:kcal:2350.0 not in [0.0, 900.0] | energy_mismatch:kJ=564.0 inconsistent_with_kcal=2350.0 | warnings_present","Brennwert: 564 Kilokalorien (kcal) Brennwert: 2350 Kilojoule (kJ) Kohlenhydrate: 52g Kohlenhydrate, davon Zucker: 50g Fett: 36g Fett, davon…"
134613,Lindt Mini Figuren Weihnachten Mischung Vollmilch-Schokolade 200g,NUTRITION,OK_WITH_WARNINGS,9,"unparseable_numeric_fragment:7, | unparseable_numeric_fragment:0, | plausibility_out_of_range:kcal:2350.0 not in [0.0, 900.0] | energy_mismatch:kJ=564.0 inconsistent_with_kcal=2350.0 | warnings_present","Brennwert: 564 Kilokalorien (kcal) Brennwert: 2350 Kilojoule (kJ) Kohlenhydrate: 52g Kohlenhydrate, davon Zucker: 50g Fett: 36g Fett, davon…"
134614,Lindt Mini Teddy Weihnachten Vollmilch-Schokolade Packung 200g,NUTRITION,OK_WITH_WARNINGS,9,"unparseable_numeric_fragment:7, | unparseable_numeric_fragment:0, | plausibility_out_of_range:kcal:2350.0 not in [0.0, 900.0] | energy_mismatch:kJ=564.0 inconsistent_with_kcal=2350.0 | warnings_present","Brennwert: 564 Kilokalorien (kcal) Brennwert: 2350 Kilojoule (kJ) Kohlenhydrate: 52g Kohlenhydrate, davon Zucker: 50g Fett: 36g Fett, davon…"
134619,Lindt Baumbehang Lindor Weihnachten Vollmilch-Schokolade Packung 500g,NUTRITION,OK_WITH_WARNINGS,9,"unparseable_numeric_fragment:4, | unparseable_numeric_fragment:0, | plausibility_out_of_range:kcal:2582.0 not in [0.0, 900.0] | energy_mismatch:kJ=622.0 inconsistent_with_kcal=2582.0 | warnings_present","Brennwert: 622 Kilokalorien (kcal) Brennwert: 2582 Kilojoule (kJ) Kohlenhydrate: 44g Kohlenhydrate, davon Zucker: 42g Fett: 47g Fett, davon…"
134621,Lindt Baumbehang Mix Weihnachten Vollmilch-Schokolade Packung 500g,NUTRITION,OK_WITH_WARNINGS,9,"unparseable_numeric_fragment:6, | unparseable_numeric_fragment:0, | plausibility_out_of_range:kcal:2409.0 not in [0.0, 900.0] | energy_mismatch:kJ=578.0 inconsistent_with_kcal=2409.0 | warnings_present","Brennwert: 578 Kilokalorien (kcal) Brennwert: 2409 Kilojoule (kJ) Kohlenhydrate: 51g Kohlenhydrate, davon Zucker: 49g Fett: 38g Fett, davon…"
134622,Lindt Baumbehang Nougat Weihnachten Vollmilch-Schokolade Nougat 500g,NUTRITION,OK_WITH_WARNINGS,9,"unparseable_numeric_fragment:8, | unparseable_numeric_fragment:0, | plausibility_out_of_range:kcal:2347.0 not in [0.0, 900.0] | energy_mismatch:kJ=563.0 inconsistent_with_kcal=2347.0 | warnings_present","Brennwert: 563 Kilokalorien (kcal) Brennwert: 2347 Kilojoule (kJ) Kohlenhydrate: 54g Kohlenhydrate, davon Zucker: 51g Fett: 34g Fett, davon…"
134623,Lindt Lebkuchen Marzipan Kugeln Milch-Schokolade Packung 100g,NUTRITION,OK_WITH_WARNINGS,9,"unparseable_numeric_fragment:8, | unparseable_numeric_fragment:7, | unparseable_numeric_fragment:0, | plausibility_out_of_range:kcal:1915.0 not in [0.0, 900.0] | energy_mismatch:kJ=458.0 inconsistent_with_kcal=1915.0 | warnings_present","Brennwert: 458 Kilokalorien (kcal) Brennwert: 1915 Kilojoule (kJ) Kohlenhydrate: 53g Kohlenhydrate, davon Zucker: 43g Fett: 23g Fett, davon…"
134625,Lindt Nuss Sél Tasche Pistazie Vollmilch-Schokolade Packung 127g,NUTRITION,OK_WITH_WARNINGS,9,"unparseable_numeric_fragment:7, | unparseable_numeric_fragment:0, | plausibility_out_of_range:kcal:2336.0 not in [0.0, 900.0] | energy_mismatch:kJ=560.0 inconsistent_with_kcal=2336.0 | warnings_present","Brennwert: 560 Kilokalorien (kcal) Brennwert: 2336 Kilojoule (kJ) Kohlenhydrate: 52g Kohlenhydrate, davon Zucker: 50g Fett: 35g Fett, davon…"
134629,Lindt Nuss Sélection Tasche Mandeln Vollmilch-Schokolade Packung 127g,NUTRITION,OK_WITH_WARNINGS,9,"unparseable_numeric_fragment:7, | unparseable_numeric_fragment:0, | plausibility_out_of_range:kcal:2321.0 not in [0.0, 900.0] | energy_mismatch:kJ=556.0 inconsistent_with_kcal=2321.0 | warnings_present","Brennwert: 556 Kilokalorien (kcal) Brennwert: 2321 Kilojoule (kJ) Kohlenhydrate: 53g Kohlenhydrate, davon Zucker: 51g Fett: 34g Fett, davon…"
134630,Lindt Wichtel Schirmchen zartschmelzende Milchschokolade Packung 54g,NUTRITION,OK_WITH_WARNINGS,9,"unparseable_numeric_fragment:7, | unparseable_numeric_fragment:0, | plausibility_out_of_range:kcal:2321.0 not in [0.0, 900.0] | energy_mismatch:kJ=556.0 inconsistent_with_kcal=2321.0 | warnings_present","Brennwert: 556 Kilokalorien (kcal) Brennwert: 2321 Kilojoule (kJ) Kohlenhydrate: 53g Kohlenhydrate, davon Zucker: 51g Fett: 34g Fett, davon…"
134631,Lindt Weihnachts Zauber Pralinen festliche Auswahl Packung 130g,NUTRITION,OK_WITH_WARNINGS,9,"unparseable_numeric_fragment:6, | unparseable_numeric_fragment:0, | plausibility_out_of_range:kcal:2230.0 not in [0.0, 900.0] | energy_mismatch:kJ=535.0 inconsistent_with_kcal=2230.0 | warnings_present","Brennwert: 535 Kilokalorien (kcal) Brennwert: 2230 Kilojoule (kJ) Kohlenhydrate: 52g Kohlenhydrate, davon Zucker: 48g Fett: 32g Fett, davon…"
134633,Lindt Winterhäuser Tafel Milchschokoalde winterliches Design 300g,NUTRITION,OK_WITH_WARNINGS,9,"unparseable_numeric_fragment:6, | unparseable_numeric_fragment:0, | plausibility_out_of_range:kcal:2258.0 not in [0.0, 900.0] | energy_mismatch:kJ=541.0 inconsistent_with_kcal=2258.0 | warnings_present","Brennwert: 541 Kilokalorien (kcal) Brennwert: 2258 Kilojoule (kJ) Kohlenhydrate: 57g Kohlenhydrate, davon Zucker: 56g Fett: 31g Fett, davon…"
134827,Lindt Excellence Fusion von Edelbitter auf Vollmilchschokolade 100g,NUTRITION,OK_WITH_WARNINGS,9,"unparseable_numeric_fragment:8, | unparseable_numeric_fragment:0, | plausibility_out_of_range:kcal:2308.0 not in [0.0, 900.0] | energy_mismatch:kJ=554.0 inconsistent_with_kcal=2308.0 | warnings_present","Brennwert: 554 Kilokalorien (kcal) Brennwert: 2308 Kilojoule (kJ) Kohlenhydrate: 46g Kohlenhydrate, davon Zucker: 42g Fett: 36g Fett, davon…"
134828,Lindt Excellence Fusion von Edelbitter auf weißer Schokolade 100g,NUTRITION,OK_WITH_WARNINGS,9,"unparseable_numeric_fragment:7, | unparseable_numeric_fragment:0, | plausibility_out_of_range:kcal:2357.0 not in [0.0, 900.0] | energy_mismatch:kJ=566.0 inconsistent_with_kcal=2357.0 | warnings_present","Brennwert: 566 Kilokalorien (kcal) Brennwert: 2357 Kilojoule (kJ) Kohlenhydrate: 46g Kohlenhydrate, davon Zucker: 43g Fett: 38g Fett, davon…"
134829,Lindt Excellence Fusion Edelbitter Meersalz Vollmilchschokolade 100g,NUTRITION,OK_WITH_WARNINGS,9,"unparseable_numeric_fragment:9, | unparseable_numeric_fragment:0, | plausibility_out_of_range:kcal:2326.0 not in [0.0, 900.0] | energy_mismatch:kJ=559.0 inconsistent_with_kcal=2326.0 | warnings_present","Brennwert: 559 Kilokalorien (kcal) Brennwert: 2326 Kilojoule (kJ) Kohlenhydrate: 39g Kohlenhydrate, davon Zucker: 34g Fett: 38g Fett, davon…"
134830,Lindt HELLO Tafel Pistachio Crunch und Salted Caramel Packung 100g,NUTRITION,OK_WITH_WARNINGS,9,"unparseable_numeric_fragment:6, | unparseable_numeric_fragment:0, | plausibility_out_of_range:kcal:2261.0 not in [0.0, 900.0] | energy_mismatch:kJ=542.0 inconsistent_with_kcal=2261.0 | warnings_present","Brennwert: 542 Kilokalorien (kcal) Brennwert: 2261 Kilojoule (kJ) Kohlenhydrate: 54g Kohlenhydrate, davon Zucker: 51g Fett: 33g Fett, davon…"
134831,Lindt Lindor Stick Pistazie mit Vollmilchschokolade Packung 38g,NUTRITION,OK_WITH_WARNINGS,9,"unparseable_numeric_fragment:5, | unparseable_numeric_fragment:0, | plausibility_out_of_range:kcal:2496.0 not in [0.0, 900.0] | energy_mismatch:kJ=600.0 inconsistent_with_kcal=2496.0 | warnings_present","Brennwert: 600 Kilokalorien (kcal) Brennwert: 2496 Kilojoule (kJ) Kohlenhydrate: 47g Kohlenhydrate, davon Zucker: 46g Fett: 43g Fett, davon…"
134832,Lindt Lindor Tafel Tiramisu mit zartschmelzenden Mascarpone 100g,NUTRITION,OK_WITH_WARNINGS,9,"unparseable_numeric_fragment:5, | unparseable_numeric_fragment:0, | plausibility_out_of_range:kcal:2556.0 not in [0.0, 900.0] | energy_mismatch:kJ=615.0 inconsistent_with_kcal=2556.0 | warnings_present","Brennwert: 615 Kilokalorien (kcal) Brennwert: 2556 Kilojoule (kJ) Kohlenhydrate: 46g Kohlenhydrate, davon Zucker: 44g Fett: 45g Fett, davon…"
134834,Lindt Pralinen Winterhäuser Motiv liebevolle Geschenkpackung 215g,NUTRITION,OK_WITH_WARNINGS,9,"unparseable_numeric_fragment:5, | unparseable_numeric_fragment:0, | plausibility_out_of_range:kcal:2542.0 not in [0.0, 900.0] | energy_mismatch:kJ=611.0 inconsistent_with_kcal=2542.0 | warnings_present","Brennwert: 611 Kilokalorien (kcal) Brennwert: 2542 Kilojoule (kJ) Kohlenhydrate: 47g Kohlenhydrate, davon Zucker: 45g Fett: 44g Fett, davon…"
134835,Lindt Winterhaus klein mit verschiedenen Pralinen Packung 68g,NUTRITION,OK_WITH_WARNINGS,9,"unparseable_numeric_fragment:0, | plausibility_out_of_range:kcal:2448.0 not in [0.0, 900.0] | energy_mismatch:kJ=588.0 inconsistent_with_kcal=2448.0 | warnings_present","Brennwert: 588 Kilokalorien (kcal) Brennwert: 2448 Kilojoule (kJ) Kohlenhydrate: 50g Kohlenhydrate, davon Zucker: 48g Fett: 40g Fett, davon…"
134836,Lindt Winterhaus groß mit verschiedenen Pralinen Packung 135g,NUTRITION,OK_WITH_WARNINGS,9,"unparseable_numeric_fragment:6, | unparseable_numeric_fragment:0, | plausibility_out_of_range:kcal:2415.0 not in [0.0, 900.0] | energy_mismatch:kJ=580.0 inconsistent_with_kcal=2415.0 | warnings_present","Brennwert: 580 Kilokalorien (kcal) Brennwert: 2415 Kilojoule (kJ) Kohlenhydrate: 50g Kohlenhydrate, davon Zucker: 48g Fett: 39g Fett, davon…"
134837,Lindt Santa Deko Edition aus Vollmilch-Schokolade Packung 70g,NUTRITION,OK_WITH_WARNINGS,9,"unparseable_numeric_fragment:7, | unparseable_numeric_fragment:0, | plausibility_out_of_range:kcal:2272.0 not in [0.0, 900.0] | energy_mismatch:kJ=544.0 inconsistent_with_kcal=2272.0 | warnings_present","Brennwert: 544 Kilokalorien (kcal) Brennwert: 2272 Kilojoule (kJ) Kohlenhydrate: 56g Kohlenhydrate, davon Zucker: 54g Fett: 32g Fett, davon…"
134838,Lindt Santa Deko Edition aus Vollmilch-Schokolade Packung 125g,NUTRITION,OK_WITH_WARNINGS,9,"unparseable_numeric_fragment:7, | unparseable_numeric_fragment:0, | plausibility_out_of_range:kcal:2272.0 not in [0.0, 900.0] | energy_mismatch:kJ=544.0 inconsistent_with_kcal=2272.0 | warnings_present","Brennwert: 544 Kilokalorien (kcal) Brennwert: 2272 Kilojoule (kJ) Kohlenhydrate: 56g Kohlenhydrate, davon Zucker: 54g Fett: 32g Fett, davon…"
134839,Lindt Hello Adventskalender Tower Vollmilchschokolade Packung 244g,NUTRITION,OK_WITH_WARNINGS,9,"unparseable_numeric_fragment:0, | plausibility_out_of_range:kcal:2347.0 not in [0.0, 900.0] | energy_mismatch:kJ=563.0 inconsistent_with_kcal=2347.0 | warnings_present","Brennwert: 563 Kilokalorien (kcal) Brennwert: 2347 Kilojoule (kJ) Kohlenhydrate: 53g Kohlenhydrate, davon Zucker: 50g Fett: 36g Fett, davon…"
134840,Lindt Hello Adventskalender Motiv Santa Vollmilchschokolade 244g,NUTRITION,OK_WITH_WARNINGS,9,"unparseable_numeric_fragment:0, | plausibility_out_of_range:kcal:2347.0 not in [0.0, 900.0] | energy_mismatch:kJ=563.0 inconsistent_with_kcal=2347.0 | warnings_present","Brennwert: 563 Kilokalorien (kcal) Brennwert: 2347 Kilojoule (kJ) Kohlenhydrate: 53g Kohlenhydrate, davon Zucker: 50g Fett: 36g Fett, davon…"
134841,Lindt Hello Adventskalender Pop Up Türchen Vollmilchschokolade 244g,NUTRITION,OK_WITH_WARNINGS,9,"unparseable_numeric_fragment:6, | unparseable_numeric_fragment:0, | plausibility_out_of_range:kcal:2367.0 not in [0.0, 900.0] | energy_mismatch:kJ=568.0 inconsistent_with_kcal=2367.0 | warnings_present","Brennwert: 568 Kilokalorien (kcal) Brennwert: 2367 Kilojoule (kJ) Kohlenhydrate: 54g Kohlenhydrate, davon Zucker: 51g Fett: 36g Fett, davon…"
134842,Lindt Adventskalender Weihnachtszauber mit Pralinés Packung 265g,NUTRITION,OK_WITH_WARNINGS,9,"unparseable_numeric_fragment:7, | unparseable_numeric_fragment:0, | plausibility_out_of_range:kcal:2239.0 not in [0.0, 900.0] | energy_mismatch:kJ=536.0 inconsistent_with_kcal=2239.0 | warnings_present","Brennwert: 536 Kilokalorien (kcal) Brennwert: 2239 Kilojoule (kJ) Kohlenhydrate: 55g Kohlenhydrate, davon Zucker: 52g Fett: 31g Fett, davon…"
134843,Lindt Adventskalender Mini Pralinés feine Auswahl Packung 125g,NUTRITION,OK_WITH_WARNINGS,9,"unparseable_numeric_fragment:7, | unparseable_numeric_fragment:0, | plausibility_out_of_range:kcal:2133.0 not in [0.0, 900.0] | energy_mismatch:kJ=511.0 inconsistent_with_kcal=2133.0 | warnings_present","Brennwert: 511 Kilokalorien (kcal) Brennwert: 2133 Kilojoule (kJ) Kohlenhydrate: 53g Kohlenhydrate, davon Zucker: 50g Fett: 29g Fett, davon…"
134844,Lindt Adventskalender Wichtelzauber zartschmelzende Schokolade 146g,NUTRITION,OK_WITH_WARNINGS,9,"unparseable_numeric_fragment:6, | unparseable_numeric_fragment:0, | plausibility_out_of_range:kcal:2374.0 not in [0.0, 900.0] | energy_mismatch:kJ=570.0 inconsistent_with_kcal=2374.0 | warnings_present","Brennwert: 570 Kilokalorien (kcal) Brennwert: 2374 Kilojoule (kJ) Kohlenhydrate: 52g Kohlenhydrate, davon Zucker: 51g Fett: 37g Fett, davon…"
134845,Lindt Adventskalender Motiv Winterhäuser illustrierte Winterwelt 153g,NUTRITION,OK_WITH_WARNINGS,9,"unparseable_numeric_fragment:6, | unparseable_numeric_fragment:0, | plausibility_out_of_range:kcal:2412.0 not in [0.0, 900.0] | energy_mismatch:kJ=579.0 inconsistent_with_kcal=2412.0 | warnings_present","Brennwert: 579 Kilokalorien (kcal) Brennwert: 2412 Kilojoule (kJ) Kohlenhydrate: 52g Kohlenhydrate, davon Zucker: 50g Fett: 38g Fett, davon…"
134869,Lindt Dubai Style Chocolate Tafel Dunkel Edelbitter-Schokolade 145g,NUTRITION,OK_WITH_WARNINGS,9,"unparseable_numeric_fragment:9, | unparseable_numeric_fragment:0, | plausibility_out_of_range:kcal:2384.0 not in [0.0, 900.0] | energy_mismatch:kJ=574.0 inconsistent_with_kcal=2384.0 | warnings_present","Brennwert: 574 Kilokalorien (kcal) Brennwert: 2384 Kilojoule (kJ) Kohlenhydrate: 37g Kohlenhydrate, davon Zucker: 28g Fett: 37g Fett, davon…"
134870,Lindt Dubai Style Chocolate Tafel Vollmilch-Schokolade Packung 145g,NUTRITION,OK_WITH_WARNINGS,9,"unparseable_numeric_fragment:8, | unparseable_numeric_fragment:0, | plausibility_out_of_range:kcal:2310.0 not in [0.0, 900.0] | energy_mismatch:kJ=554.0 inconsistent_with_kcal=2310.0 | warnings_present","Brennwert: 554 Kilokalorien (kcal) Brennwert: 2310 Kilojoule (kJ) Kohlenhydrate: 50g Kohlenhydrate, davon Zucker: 45g Fett: 35g Fett, davon…"
134871,Lindt Dubai Style Chocolate Tafel weiße Schokolade Packung 145g,NUTRITION,OK_WITH_WARNINGS,9,"unparseable_numeric_fragment:8, | unparseable_numeric_fragment:0, | plausibility_out_of_range:kcal:2383.0 not in [0.0, 900.0] | energy_mismatch:kJ=572.0 inconsistent_with_kcal=2383.0 | warnings_present","Brennwert: 572 Kilokalorien (kcal) Brennwert: 2383 Kilojoule (kJ) Kohlenhydrate: 48g Kohlenhydrate, davon Zucker: 44g Fett: 38g Fett, davon…"
135257,Lindt Lindor Cornet Pistazie Vollmilch-Schokolade Packung 375g,NUTRITION,OK_WITH_WARNINGS,9,"unparseable_numeric_fragment:5, | unparseable_numeric_fragment:0, | plausibility_out_of_range:kcal:2600.0 not in [0.0, 900.0] | energy_mismatch:kJ=626.0 inconsistent_with_kcal=2600.0 | warnings_present","Brennwert: 626 Kilokalorien (kcal) Brennwert: 2600 Kilojoule (kJ) Kohlenhydrate: 43g Kohlenhydrate, davon Zucker: 42g Fett: 48g Fett, davon…"
135501,Lindt Lindor Silber Mischung feinste Vollmilchschokolade Packung 1000g,NUTRITION,OK_WITH_WARNINGS,9,"unparseable_numeric_fragment:5, | unparseable_numeric_fragment:0, | plausibility_out_of_range:kcal:2603.0 not in [0.0, 900.0] | energy_mismatch:kJ=628.0 inconsistent_with_kcal=2603.0 | warnings_present","Brennwert: 628 Kilokalorien (kcal) Brennwert: 2603 Kilojoule (kJ) Kohlenhydrate: 39g Kohlenhydrate, davon Zucker: 36g Fett: 49g Fett, davon…"
135502,Lindt Lindor Double Chocolate Vollmilch-Schokolade Packung 1000g,NUTRITION,OK_WITH_WARNINGS,9,"unparseable_numeric_fragment:5, | unparseable_numeric_fragment:0, | plausibility_out_of_range:kcal:2626.0 not in [0.0, 900.0] | energy_mismatch:kJ=633.0 inconsistent_with_kcal=2626.0 | warnings_present","Brennwert: 633 Kilokalorien (kcal) Brennwert: 2626 Kilojoule (kJ) Kohlenhydrate: 38g Kohlenhydrate, davon Zucker: 36g Fett: 50g Fett, davon…"
135727,Lindt Pralines Hochfein Winter Design Edition Packung 500g,NUTRITION,OK_WITH_WARNINGS,9,"unparseable_numeric_fragment:7, | unparseable_numeric_fragment:0, | plausibility_out_of_range:kcal:2249.0 not in [0.0, 900.0] | energy_mismatch:kJ=539.0 inconsistent_with_kcal=2249.0 | warnings_present","Brennwert: 539 Kilokalorien (kcal) Brennwert: 2249 Kilojoule (kJ) Kohlenhydrate: 51g Kohlenhydrate, davon Zucker: 48g Fett: 33g Fett, davon…"
135728,Lindt Pralines Hochfein Winter Design Edition Packung 350g,NUTRITION,OK_WITH_WARNINGS,9,"unparseable_numeric_fragment:7, | unparseable_numeric_fragment:0, | plausibility_out_of_range:kcal:2264.0 not in [0.0, 900.0] | energy_mismatch:kJ=543.0 inconsistent_with_kcal=2264.0 | warnings_present","Brennwert: 543 Kilokalorien (kcal) Brennwert: 2264 Kilojoule (kJ) Kohlenhydrate: 52g Kohlenhydrate, davon Zucker: 49g Fett: 33g Fett, davon…"
135729,Lindt Pralines Hochfein Winter Design Edition Packung 200g,NUTRITION,OK_WITH_WARNINGS,9,"unparseable_numeric_fragment:7, | unparseable_numeric_fragment:0, | plausibility_out_of_range:kcal:2282.0 not in [0.0, 900.0] | energy_mismatch:kJ=547.0 inconsistent_with_kcal=2282.0 | warnings_present","Brennwert: 547 Kilokalorien (kcal) Brennwert: 2282 Kilojoule (kJ) Kohlenhydrate: 51g Kohlenhydrate, davon Zucker: 48g Fett: 34g Fett, davon…"
135757,Lindt Dubai Style Chocolate Stern Schokoladen Mischung Packung 149g,NUTRITION,OK_WITH_WARNINGS,9,"unparseable_numeric_fragment:9, | unparseable_numeric_fragment:0, | plausibility_out_of_range:kcal:2376.0 not in [0.0, 900.0] | energy_mismatch:kJ=571.0 inconsistent_with_kcal=2376.0 | warnings_present","Brennwert: 571 Kilokalorien (kcal) Brennwert: 2376 Kilojoule (kJ) Kohlenhydrate: 43g Kohlenhydrate, davon Zucker: 35g Fett: 39g Fett, davon…"
135758,Lindt Dubai Style Chocolate Kissenpackung Schokoladen Mischung 149g,NUTRITION,OK_WITH_WARNINGS,9,"unparseable_numeric_fragment:9, | unparseable_numeric_fragment:0, | plausibility_out_of_range:kcal:2376.0 not in [0.0, 900.0] | energy_mismatch:kJ=571.0 inconsistent_with_kcal=2376.0 | warnings_present","Brennwert: 571 Kilokalorien (kcal) Brennwert: 2376 Kilojoule (kJ) Kohlenhydrate: 43g Kohlenhydrate, davon Zucker: 35g Fett: 39g Fett, davon…"
135759,Lindt Dubai Style Chocolate Stern Vollmilch Schokolade Packung 149g,NUTRITION,OK_WITH_WARNINGS,9,"unparseable_numeric_fragment:0, | plausibility_out_of_range:kcal:2369.0 not in [0.0, 900.0] | energy_mismatch:kJ=569.0 inconsistent_with_kcal=2369.0 | warnings_present","Brennwert: 569 Kilokalorien (kcal) Brennwert: 2369 Kilojoule (kJ) Kohlenhydrate: 46g Kohlenhydrate, davon Zucker: 39g Fett: 38g Fett, davon…"
135760,Lindt Dubai Style Chocolate Kissenpackung Vollmilch Schokolade 149g,NUTRITION,OK_WITH_WARNINGS,9,"unparseable_numeric_fragment:0, | plausibility_out_of_range:kcal:2369.0 not in [0.0, 900.0] | energy_mismatch:kJ=569.0 inconsistent_with_kcal=2369.0 | warnings_present","Brennwert: 569 Kilokalorien (kcal) Brennwert: 2369 Kilojoule (kJ) Kohlenhydrate: 46g Kohlenhydrate, davon Zucker: 39g Fett: 38g Fett, davon…"
135909,Lindt Lindor Pop Art Präsent Vollmilch-Schokolade Packung 100g,NUTRITION,OK_WITH_WARNINGS,9,"unparseable_numeric_fragment:4, | unparseable_numeric_fragment:0, | plausibility_out_of_range:kcal:2589.0 not in [0.0, 900.0] | energy_mismatch:kJ=623.0 inconsistent_with_kcal=2589.0 | warnings_present","Brennwert: 623 Kilokalorien (kcal) Brennwert: 2589 Kilojoule (kJ) Kohlenhydrate: 44g Kohlenhydrate, davon Zucker: 43g Fett: 47g Fett, davon…"
135910,Lindt Lindor Pop Art Präsent Mischung Schokolade Packung 100g,NUTRITION,OK_WITH_WARNINGS,9,"unparseable_numeric_fragment:4, | unparseable_numeric_fragment:0, | plausibility_out_of_range:kcal:2613.0 not in [0.0, 900.0] | energy_mismatch:kJ=630.0 inconsistent_with_kcal=2613.0 | warnings_present","Brennwert: 630 Kilokalorien (kcal) Brennwert: 2613 Kilojoule (kJ) Kohlenhydrate: 41g Kohlenhydrate, davon Zucker: 39g Fett: 49g Fett, davon…"
135911,Lindt Lindor Pop Art Präsent Vollmilch-Schokolade Packung 187g,NUTRITION,OK_WITH_WARNINGS,9,"unparseable_numeric_fragment:4, | unparseable_numeric_fragment:0, | plausibility_out_of_range:kcal:2589.0 not in [0.0, 900.0] | energy_mismatch:kJ=623.0 inconsistent_with_kcal=2589.0 | warnings_present","Brennwert: 623 Kilokalorien (kcal) Brennwert: 2589 Kilojoule (kJ) Kohlenhydrate: 44g Kohlenhydrate, davon Zucker: 43g Fett: 47g Fett, davon…"
135912,Lindt Lindor Pop Art Präsent Vollmilch-Schokolade Kissenpackung 325g,NUTRITION,OK_WITH_WARNINGS,9,"unparseable_numeric_fragment:4, | unparseable_numeric_fragment:0, | plausibility_out_of_range:kcal:2589.0 not in [0.0, 900.0] | energy_mismatch:kJ=623.0 inconsistent_with_kcal=2589.0 | warnings_present","Brennwert: 623 Kilokalorien (kcal) Brennwert: 2589 Kilojoule (kJ) Kohlenhydrate: 44g Kohlenhydrate, davon Zucker: 43g Fett: 47g Fett, davon…"
135913,Lindt Lindor Pop Art Präsent Mischung Schokolade Packung 187g,NUTRITION,OK_WITH_WARNINGS,9,"unparseable_numeric_fragment:4, | unparseable_numeric_fragment:0, | plausibility_out_of_range:kcal:2628.0 not in [0.0, 900.0] | energy_mismatch:kJ=633.0 inconsistent_with_kcal=2628.0 | warnings_present","Brennwert: 633 Kilokalorien (kcal) Brennwert: 2628 Kilojoule (kJ) Kohlenhydrate: 42g Kohlenhydrate, davon Zucker: 40g Fett: 49g Fett, davon…"
135914,Lindt Lindor Pop Art Präsent Mischung Schokolade Kissenpackung 325g,NUTRITION,OK_WITH_WARNINGS,9,"unparseable_numeric_fragment:4, | unparseable_numeric_fragment:0, | plausibility_out_of_range:kcal:2631.0 not in [0.0, 900.0] | energy_mismatch:kJ=634.0 inconsistent_with_kcal=2631.0 | warnings_present","Brennwert: 634 Kilokalorien (kcal) Brennwert: 2631 Kilojoule (kJ) Kohlenhydrate: 42g Kohlenhydrate, davon Zucker: 40g Fett: 49g Fett, davon…"
135931,Lindt Goldhase vegan Osterklassiker rein pflanzlich mit Hafermehl 100g,NUTRITION,OK_WITH_WARNINGS,9,"unparseable_numeric_fragment:4, | unparseable_numeric_fragment:0, | plausibility_out_of_range:kcal:2402.0 not in [0.0, 900.0] | energy_mismatch:kJ=577.0 inconsistent_with_kcal=2402.0 | warnings_present","Brennwert: 577 Kilokalorien (kcal) Brennwert: 2402 Kilojoule (kJ) Kohlenhydrate: 52g Kohlenhydrate, davon Zucker: 32g Fett: 38g Fett, davon…"
135934,Lindt Goldhase Glamour Edition Osterhase mit Vollmilch Schokolade 200g,NUTRITION,OK_WITH_WARNINGS,9,"unparseable_numeric_fragment:7, | unparseable_numeric_fragment:0, | plausibility_out_of_range:kcal:2272.0 not in [0.0, 900.0] | energy_mismatch:kJ=544.0 inconsistent_with_kcal=2272.0 | warnings_present","Brennwert: 544 Kilokalorien (kcal) Brennwert: 2272 Kilojoule (kJ) Kohlenhydrate: 56g Kohlenhydrate, davon Zucker: 54g Fett: 32g Fett, davon…"
135935,Lindt Goldhase Keks Vollmilch-Schokolade mit Gebäckstückchen 100g,NUTRITION,OK_WITH_WARNINGS,9,"unparseable_numeric_fragment:6, | unparseable_numeric_fragment:0, | plausibility_out_of_range:kcal:2354.0 not in [0.0, 900.0] | energy_mismatch:kJ=564.0 inconsistent_with_kcal=2354.0 | warnings_present","Brennwert: 564 Kilokalorien (kcal) Brennwert: 2354 Kilojoule (kJ) Kohlenhydrate: 55g Kohlenhydrate, davon Zucker: 49g Fett: 35g Fett, davon…"
135936,Lindt Goldhase 2D Osterhase gefüllt mit Salz Caramel Geschmack 80g,NUTRITION,OK_WITH_WARNINGS,9,"unparseable_numeric_fragment:4, | unparseable_numeric_fragment:0, | plausibility_out_of_range:kcal:2110.0 not in [0.0, 900.0] | energy_mismatch:kJ=505.0 inconsistent_with_kcal=2110.0 | warnings_present","Brennwert: 505 Kilokalorien (kcal) Brennwert: 2110 Kilojoule (kJ) Kohlenhydrate: 58g Kohlenhydrate, davon Zucker: 54g Fett: 28g Fett, davon…"
135937,Lindt Goldhase 2D mit Doppelmilch gefüllte kleine Osterhasen 80g,NUTRITION,OK_WITH_WARNINGS,9,"unparseable_numeric_fragment:6, | unparseable_numeric_fragment:0, | plausibility_out_of_range:kcal:2384.0 not in [0.0, 900.0] | energy_mismatch:kJ=572.0 inconsistent_with_kcal=2384.0 | warnings_present","Brennwert: 572 Kilokalorien (kcal) Brennwert: 2384 Kilojoule (kJ) Kohlenhydrate: 53g Kohlenhydrate, davon Zucker: 52g Fett: 37g Fett, davon…"
135938,Lindt Goldhase 2D kleine Haselnuss Crisp gefüllte Osterhasen 80g,NUTRITION,OK_WITH_WARNINGS,9,"unparseable_numeric_fragment:6, | unparseable_numeric_fragment:0, | plausibility_out_of_range:kcal:2326.0 not in [0.0, 900.0] | energy_mismatch:kJ=557.0 inconsistent_with_kcal=2326.0 | warnings_present","Brennwert: 557 Kilokalorien (kcal) Brennwert: 2326 Kilojoule (kJ) Kohlenhydrate: 57g Kohlenhydrate, davon Zucker: 53g Fett: 33g Fett, davon…"
135940,Lindt Goldhase 2D Mischung kleine verschiedene gefüllte Osterhasen 80g,NUTRITION,OK_WITH_WARNINGS,9,"unparseable_numeric_fragment:6, | unparseable_numeric_fragment:0, | plausibility_out_of_range:kcal:2290.0 not in [0.0, 900.0] | energy_mismatch:kJ=549.0 inconsistent_with_kcal=2290.0 | warnings_present","Brennwert: 549 Kilokalorien (kcal) Brennwert: 2290 Kilojoule (kJ) Kohlenhydrate: 56g Kohlenhydrate, davon Zucker: 53g Fett: 33g Fett, davon…"
135942,Lindt Goldhase Message Edition mit Süßer Botschaft der Klassiker 100g,NUTRITION,OK_WITH_WARNINGS,9,"unparseable_numeric_fragment:7, | unparseable_numeric_fragment:0, | plausibility_out_of_range:kcal:2272.0 not in [0.0, 900.0] | energy_mismatch:kJ=544.0 inconsistent_with_kcal=2272.0 | warnings_present","Brennwert: 544 Kilokalorien (kcal) Brennwert: 2272 Kilojoule (kJ) Kohlenhydrate: 56g Kohlenhydrate, davon Zucker: 54g Fett: 32g Fett, davon…"
135943,Lindt Goldhase Message Edition Vollmilch-Schokolade Packung 200g,NUTRITION,OK_WITH_WARNINGS,9,"unparseable_numeric_fragment:7, | unparseable_numeric_fragment:0, | plausibility_out_of_range:kcal:2272.0 not in [0.0, 900.0] | energy_mismatch:kJ=544.0 inconsistent_with_kcal=2272.0 | warnings_present","Brennwert: 544 Kilokalorien (kcal) Brennwert: 2272 Kilojoule (kJ) Kohlenhydrate: 56g Kohlenhydrate, davon Zucker: 54g Fett: 32g Fett, davon…"
135961,Lindt Mini Eier Message Edition feinste Vollmilch Schokolade 180g,NUTRITION,OK_WITH_WARNINGS,9,"unparseable_numeric_fragment:7, | unparseable_numeric_fragment:0, | plausibility_out_of_range:kcal:2275.0 not in [0.0, 900.0] | energy_mismatch:kJ=545.0 inconsistent_with_kcal=2275.0 | warnings_present","Brennwert: 545 Kilokalorien (kcal) Brennwert: 2275 Kilojoule (kJ) Kohlenhydrate: 56g Kohlenhydrate, davon Zucker: 56g Fett: 32g Fett, davon…"
135965,Lindt Choco Karotten mit zarter Milchschokolade mit Haselnüssen 54g,NUTRITION,OK_WITH_WARNINGS,9,"unparseable_numeric_fragment:8, | unparseable_numeric_fragment:0, | plausibility_out_of_range:kcal:2356.0 not in [0.0, 900.0] | energy_mismatch:kJ=565.0 inconsistent_with_kcal=2356.0 | warnings_present","Brennwert: 565 Kilokalorien (kcal) Brennwert: 2356 Kilojoule (kJ) Kohlenhydrate: 49g Kohlenhydrate, davon Zucker: 47g Fett: 37g Fett, davon…"
135966,Lindor gefüllte Pistazien Eier und Vollmilch Schokolade umhüllt 90g,NUTRITION,OK_WITH_WARNINGS,9,"unparseable_numeric_fragment:5, | unparseable_numeric_fragment:0, | plausibility_out_of_range:kcal:2572.0 not in [0.0, 900.0] | energy_mismatch:kJ=619.0 inconsistent_with_kcal=2572.0 | warnings_present","Brennwert: 619 Kilokalorien (kcal) Brennwert: 2572 Kilojoule (kJ) Kohlenhydrate: 43g Kohlenhydrate, davon Zucker: 42g Fett: 47g Fett, davon…"
135967,Lindor gefüllte Iced Coffee Eier mit weiße Schokolade umhüllt 90g,NUTRITION,OK_WITH_WARNINGS,9,"unparseable_numeric_fragment:5, | unparseable_numeric_fragment:0, | plausibility_out_of_range:kcal:2447.0 not in [0.0, 900.0] | energy_mismatch:kJ=588.0 inconsistent_with_kcal=2447.0 | warnings_present","Brennwert: 588 Kilokalorien (kcal) Brennwert: 2447 Kilojoule (kJ) Kohlenhydrate: 51g Kohlenhydrate, davon Zucker: 51g Fett: 40g Fett, davon…"
135968,Lindt Vollmilch Schokolade Mini Eier zartschmelzender Genuss 120g,NUTRITION,OK_WITH_WARNINGS,9,"unparseable_numeric_fragment:7, | unparseable_numeric_fragment:0, | plausibility_out_of_range:kcal:2275.0 not in [0.0, 900.0] | energy_mismatch:kJ=545.0 inconsistent_with_kcal=2275.0 | warnings_present","Brennwert: 545 Kilokalorien (kcal) Brennwert: 2275 Kilojoule (kJ) Kohlenhydrate: 56g Kohlenhydrate, davon Zucker: 56g Fett: 32g Fett, davon…"
135970,Lindt Vollmilch Schokolade Mini Eier Keks knusprig fein 100g,NUTRITION,OK_WITH_WARNINGS,9,"unparseable_numeric_fragment:6, | unparseable_numeric_fragment:0, | plausibility_out_of_range:kcal:2378.0 not in [0.0, 900.0] | energy_mismatch:kJ=570.0 inconsistent_with_kcal=2378.0 | warnings_present","Brennwert: 570 Kilokalorien (kcal) Brennwert: 2378 Kilojoule (kJ) Kohlenhydrate: 54g Kohlenhydrate, davon Zucker: 49g Fett: 36g Fett, davon…"
135971,Lindt Limoncello Eier mit Zitronenlikör Zartbitter Schokolade 108g,NUTRITION,OK_WITH_WARNINGS,9,"unparseable_numeric_fragment:3, | unparseable_numeric_fragment:0, | plausibility_out_of_range:kcal:1981.0 not in [0.0, 900.0] | energy_mismatch:kJ=474.0 inconsistent_with_kcal=1981.0 | warnings_present","Brennwert: 474 Kilokalorien (kcal) Brennwert: 1981 Kilojoule (kJ) Kohlenhydrate: 53g Kohlenhydrate, davon Zucker: 47g Fett: 23g Fett, davon…"
135972,Lindt Spezialitäten Eier Mix mit Alkohol Zartbitter 25x18g 450g,NUTRITION,OK_WITH_WARNINGS,9,"unparseable_numeric_fragment:3, | unparseable_numeric_fragment:0, | plausibility_out_of_range:kcal:1973.0 not in [0.0, 900.0] | energy_mismatch:kJ=473.0 inconsistent_with_kcal=1973.0 | warnings_present","Brennwert: 473 Kilokalorien (kcal) Brennwert: 1973 Kilojoule (kJ) Kohlenhydrate: 48g Kohlenhydrate, davon Zucker: 44g Fett: 25g Fett, davon…"
135973,Lindt Lindor Präsent Ei Mischung Vollmilch-Schokoladenschale 303g,NUTRITION,OK_WITH_WARNINGS,9,"unparseable_numeric_fragment:5, | unparseable_numeric_fragment:0, | plausibility_out_of_range:kcal:2254.0 not in [0.0, 900.0] | energy_mismatch:kJ=587.0 inconsistent_with_kcal=2254.0 | warnings_present","Brennwert: 587 Kilokalorien (kcal) Brennwert: 2254 Kilojoule (kJ) Kohlenhydrate: 50g Kohlenhydrate, davon Zucker: 48g Fett: 40g Fett, davon…"
135974,Lindt Blätterkrokant Eier Mix Doppeldreh 5 edle Ostereier 85g,NUTRITION,OK_WITH_WARNINGS,9,"unparseable_numeric_fragment:6, | unparseable_numeric_fragment:7, | unparseable_numeric_fragment:0, | plausibility_out_of_range:kcal:2161.0 not in [0.0, 900.0] | energy_mismatch:kJ=516.0 inconsistent_with_kcal=2161.0 | warnings_present","Brennwert: 516 Kilokalorien (kcal) Brennwert: 2161 Kilojoule (kJ) Kohlenhydrate: 66g Kohlenhydrate, davon Zucker: 61g Fett: 24g Fett, davon…"
135975,Lindt Blätterkrokant Ostereier mit weißer Schokolade Doppeldreh 85g,NUTRITION,OK_WITH_WARNINGS,9,"unparseable_numeric_fragment:7, | unparseable_numeric_fragment:0, | plausibility_out_of_range:kcal:2130.0 not in [0.0, 900.0] | energy_mismatch:kJ=508.0 inconsistent_with_kcal=2130.0 | warnings_present","Brennwert: 508 Kilokalorien (kcal) Brennwert: 2130 Kilojoule (kJ) Kohlenhydrate: 67g Kohlenhydrate, davon Zucker: 63g Fett: 23g Fett, davon…"
135976,Lindt Blätterkrokant Ostereier mit dunkler Schokolade Doppeldreh 85g,NUTRITION,OK_WITH_WARNINGS,9,"unparseable_numeric_fragment:7, | unparseable_numeric_fragment:0, | plausibility_out_of_range:kcal:2132.0 not in [0.0, 900.0] | energy_mismatch:kJ=509.0 inconsistent_with_kcal=2132.0 | warnings_present","Brennwert: 509 Kilokalorien (kcal) Brennwert: 2132 Kilojoule (kJ) Kohlenhydrate: 64g Kohlenhydrate, davon Zucker: 60g Fett: 24g Fett, davon…"
136165,Lindt Lindor Golden Caramel Kugeln Promotion Weiße Schokolade 150g,NUTRITION,OK_WITH_WARNINGS,9,"unparseable_numeric_fragment:5, | unparseable_numeric_fragment:0, | plausibility_out_of_range:kcal:2633.0 not in [0.0, 900.0] | energy_mismatch:kJ=634.0 inconsistent_with_kcal=2633.0 | warnings_present","Brennwert: 634 Kilokalorien (kcal) Brennwert: 2633 Kilojoule (kJ) Kohlenhydrate: 43g Kohlenhydrate, davon Zucker: 41g Fett: 49g Fett, davon…"
136190,Lindt Lindor Golden Caramel Tafel besonders cremig Packung 100g,NUTRITION,OK_WITH_WARNINGS,9,"unparseable_numeric_fragment:5, | unparseable_numeric_fragment:0, | plausibility_out_of_range:kcal:2634.0 not in [0.0, 900.0] | energy_mismatch:kJ=634.0 inconsistent_with_kcal=2634.0 | warnings_present","Brennwert: 634 Kilokalorien (kcal) Brennwert: 2634 Kilojoule (kJ) Kohlenhydrate: 43g Kohlenhydrate, davon Zucker: 41g Fett: 49g Fett, davon…"
136191,Lindt Lindor Golden Caramel Kugeln Weiße Schokolade Packung 137g,NUTRITION,OK_WITH_WARNINGS,9,"unparseable_numeric_fragment:5, | unparseable_numeric_fragment:0, | plausibility_out_of_range:kcal:2633.0 not in [0.0, 900.0] | energy_mismatch:kJ=634.0 inconsistent_with_kcal=2633.0 | warnings_present","Brennwert: 634 Kilokalorien (kcal) Brennwert: 2633 Kilojoule (kJ) Kohlenhydrate: 43g Kohlenhydrate, davon Zucker: 41g Fett: 49g Fett, davon…"
136192,Lindt Orange Spritz Vollmilchschokolade Tafel alkoholhaltig 100g,NUTRITION,OK_WITH_WARNINGS,9,"unparseable_numeric_fragment:4, | unparseable_numeric_fragment:0, | plausibility_out_of_range:kcal:1985.0 not in [0.0, 900.0] | energy_mismatch:kJ=474.0 inconsistent_with_kcal=1985.0 | warnings_present","Brennwert: 474 Kilokalorien (kcal) Brennwert: 1985 Kilojoule (kJ) Kohlenhydrate: 60g Kohlenhydrate, davon Zucker: 59g Fett: 22g Fett, davon…"
136218,Lindt Lindor Matcha Tee Kugeln Weiße Schokolade Packung 137g,NUTRITION,OK_WITH_WARNINGS,9,"unparseable_numeric_fragment:0, | plausibility_out_of_range:kcal:2602.0 not in [0.0, 900.0] | energy_mismatch:kJ=626.0 inconsistent_with_kcal=2602.0 | warnings_present","Brennwert: 626 Kilokalorien (kcal) Brennwert: 2602 Kilojoule (kJ) Kohlenhydrate: 45g Kohlenhydrate, davon Zucker: 45g Fett: 48g Fett, davon…"
136219,Lindt Lindor Mango Passionsfrucht Vollmilch-Schokolade Beutel 137g,NUTRITION,OK_WITH_WARNINGS,9,"unparseable_numeric_fragment:4, | unparseable_numeric_fragment:0, | plausibility_out_of_range:kcal:2634.0 not in [0.0, 900.0] | energy_mismatch:kJ=635.0 inconsistent_with_kcal=2634.0 | warnings_present","Brennwert: 635 Kilokalorien (kcal) Brennwert: 2634 Kilojoule (kJ) Kohlenhydrate: 43g Kohlenhydrate, davon Zucker: 42g Fett: 49g Fett, davon…"
136220,Lindt Lindor Milch Vollmilch-Schokolade Kissenpackung 250g,NUTRITION,OK_WITH_WARNINGS,9,"unparseable_numeric_fragment:4, | unparseable_numeric_fragment:0, | plausibility_out_of_range:kcal:2589.0 not in [0.0, 900.0] | energy_mismatch:kJ=623.0 inconsistent_with_kcal=2589.0 | warnings_present","Brennwert: 623 Kilokalorien (kcal) Brennwert: 2589 Kilojoule (kJ) Kohlenhydrate: 44g Kohlenhydrate, davon Zucker: 43g Fett: 47g Fett, davon…"
136221,Lindt Lindor Gold Schokoladen Mischung Kissenpackung 250g,NUTRITION,OK_WITH_WARNINGS,9,"unparseable_numeric_fragment:4, | unparseable_numeric_fragment:0, | plausibility_out_of_range:kcal:2632.0 not in [0.0, 900.0] | energy_mismatch:kJ=634.0 inconsistent_with_kcal=2632.0 | warnings_present","Brennwert: 634 Kilokalorien (kcal) Brennwert: 2632 Kilojoule (kJ) Kohlenhydrate: 40g Kohlenhydrate, davon Zucker: 38g Fett: 50g Fett, davon…"
136222,Lindt Lindor Milch Valentinstag Vollmilch Kissenpackung 162g,NUTRITION,OK_WITH_WARNINGS,9,"unparseable_numeric_fragment:4, | unparseable_numeric_fragment:0, | plausibility_out_of_range:kcal:2589.0 not in [0.0, 900.0] | energy_mismatch:kJ=623.0 inconsistent_with_kcal=2589.0 | warnings_present","Brennwert: 623 Kilokalorien (kcal) Brennwert: 2589 Kilojoule (kJ) Kohlenhydrate: 44g Kohlenhydrate, davon Zucker: 43g Fett: 47g Fett, davon…"
136223,Lindt Lindor Gold Mischung Valentinstag Kissenpackung 162g,NUTRITION,OK_WITH_WARNINGS,9,"unparseable_numeric_fragment:4, | unparseable_numeric_fragment:0, | plausibility_out_of_range:kcal:2632.0 not in [0.0, 900.0] | energy_mismatch:kJ=634.0 inconsistent_with_kcal=2632.0 | warnings_present","Brennwert: 634 Kilokalorien (kcal) Brennwert: 2632 Kilojoule (kJ) Kohlenhydrate: 40g Kohlenhydrate, davon Zucker: 38g Fett: 50g Fett, davon…"
136224,Lindt Lindor Erdbeer Sahne Valentinstag Kissenpackung 162g,NUTRITION,OK_WITH_WARNINGS,9,"unparseable_numeric_fragment:4, | unparseable_numeric_fragment:0, | plausibility_out_of_range:kcal:2617.0 not in [0.0, 900.0] | energy_mismatch:kJ=630.0 inconsistent_with_kcal=2617.0 | warnings_present","Brennwert: 630 Kilokalorien (kcal) Brennwert: 2617 Kilojoule (kJ) Kohlenhydrate: 44g Kohlenhydrate, davon Zucker: 44g Fett: 48g Fett, davon…"
136225,Lindt Lindor Golden Caramel Tafel besonders cremig Probierpreis 100g,NUTRITION,OK_WITH_WARNINGS,9,"unparseable_numeric_fragment:5, | unparseable_numeric_fragment:0, | plausibility_out_of_range:kcal:2634.0 not in [0.0, 900.0] | energy_mismatch:kJ=634.0 inconsistent_with_kcal=2634.0 | warnings_present","Brennwert: 634 Kilokalorien (kcal) Brennwert: 2634 Kilojoule (kJ) Kohlenhydrate: 43g Kohlenhydrate, davon Zucker: 41g Fett: 49g Fett, davon…"
136226,Lindt Lindor Golden Caramel Weiße Schokolade mit Karamell Beutel 1000g,NUTRITION,OK_WITH_WARNINGS,9,"unparseable_numeric_fragment:5, | unparseable_numeric_fragment:0, | plausibility_out_of_range:kcal:2634.0 not in [0.0, 900.0] | energy_mismatch:kJ=634.0 inconsistent_with_kcal=2634.0 | warnings_present","Brennwert: 634 Kilokalorien (kcal) Brennwert: 2634 Kilojoule (kJ) Kohlenhydrate: 43g Kohlenhydrate, davon Zucker: 41g Fett: 49g Fett, davon…"
136227,Lindt Lindor Gold Mischung eleganten Geschenkverpackung Box 600g,NUTRITION,OK_WITH_WARNINGS,9,"unparseable_numeric_fragment:4, | unparseable_numeric_fragment:0, | plausibility_out_of_range:kcal:2632.0 not in [0.0, 900.0] | energy_mismatch:kJ=634.0 inconsistent_with_kcal=2632.0 | warnings_present","Brennwert: 634 Kilokalorien (kcal) Brennwert: 2632 Kilojoule (kJ) Kohlenhydrate: 40g Kohlenhydrate, davon Zucker: 38g Fett: 50g Fett, davon…"
136228,Lindt Excellence Fusion 70 Prozent Cacao und Milch Packung 100g,NUTRITION,OK_WITH_WARNINGS,9,"unparseable_numeric_fragment:8, | unparseable_numeric_fragment:0, | plausibility_out_of_range:kcal:2308.0 not in [0.0, 900.0] | energy_mismatch:kJ=554.0 inconsistent_with_kcal=2308.0 | warnings_present","Brennwert: 554 Kilokalorien (kcal) Brennwert: 2308 Kilojoule (kJ) Kohlenhydrate: 46g Kohlenhydrate, davon Zucker: 42g Fett: 36g Fett, davon…"
136229,Lindt Excellence Fusion 70 Prozent Cacao und weiße Schokolade 100g,NUTRITION,OK_WITH_WARNINGS,9,"unparseable_numeric_fragment:7, | unparseable_numeric_fragment:0, | plausibility_out_of_range:kcal:2357.0 not in [0.0, 900.0] | energy_mismatch:kJ=566.0 inconsistent_with_kcal=2357.0 | warnings_present","Brennwert: 566 Kilokalorien (kcal) Brennwert: 2357 Kilojoule (kJ) Kohlenhydrate: 46g Kohlenhydrate, davon Zucker: 43g Fett: 38g Fett, davon…"
136230,Lindt Excellence Fusion 85% Cacao Fleur de Sel und Milch Packung 100g,NUTRITION,OK_WITH_WARNINGS,9,"unparseable_numeric_fragment:9, | unparseable_numeric_fragment:0, | plausibility_out_of_range:kcal:2326.0 not in [0.0, 900.0] | energy_mismatch:kJ=559.0 inconsistent_with_kcal=2326.0 | warnings_present","Brennwert: 559 Kilokalorien (kcal) Brennwert: 2326 Kilojoule (kJ) Kohlenhydrate: 39g Kohlenhydrate, davon Zucker: 34g Fett: 38g Fett, davon…"
136231,Lindt Orange Spritz Vollmilchschokolade Tafel spritzig-fruchtig 100g,NUTRITION,OK_WITH_WARNINGS,9,"unparseable_numeric_fragment:4, | unparseable_numeric_fragment:0, | plausibility_out_of_range:kcal:1985.0 not in [0.0, 900.0] | energy_mismatch:kJ=474.0 inconsistent_with_kcal=1985.0 | warnings_present","Brennwert: 474 Kilokalorien (kcal) Brennwert: 1985 Kilojoule (kJ) Kohlenhydrate: 60g Kohlenhydrate, davon Zucker: 59g Fett: 22g Fett, davon…"
136232,Lindt Frozen Yoghurt Erdbeer-Mascarpone Tafel Packung 100g,NUTRITION,OK_WITH_WARNINGS,9,"unparseable_numeric_fragment:6, | unparseable_numeric_fragment:0, | plausibility_out_of_range:kcal:2197.0 not in [0.0, 900.0] | energy_mismatch:kJ=526.0 inconsistent_with_kcal=2197.0 | warnings_present","Brennwert: 526 Kilokalorien (kcal) Brennwert: 2197 Kilojoule (kJ) Kohlenhydrate: 55g Kohlenhydrate, davon Zucker: 53g Fett: 31g Fett, davon…"
136233,Lindt Frozen Yoghurt Mango Maracuja cremige leicht Packung 100g,NUTRITION,OK_WITH_WARNINGS,9,"unparseable_numeric_fragment:6, | unparseable_numeric_fragment:0, | plausibility_out_of_range:kcal:2184.0 not in [0.0, 900.0] | energy_mismatch:kJ=523.0 inconsistent_with_kcal=2184.0 | warnings_present","Brennwert: 523 Kilokalorien (kcal) Brennwert: 2184 Kilojoule (kJ) Kohlenhydrate: 56g Kohlenhydrate, davon Zucker: 53g Fett: 30g Fett, davon…"
136234,Lindt Frozen Yoghurt Schoko Waffel gefüllte Vollmilch-Schokolade 100g,NUTRITION,OK_WITH_WARNINGS,9,"unparseable_numeric_fragment:6, | unparseable_numeric_fragment:0, | plausibility_out_of_range:kcal:2247.0 not in [0.0, 900.0] | energy_mismatch:kJ=538.0 inconsistent_with_kcal=2247.0 | warnings_present","Brennwert: 538 Kilokalorien (kcal) Brennwert: 2247 Kilojoule (kJ) Kohlenhydrate: 55g Kohlenhydrate, davon Zucker: 52g Fett: 32g Fett, davon…"
136235,Lindt Frozen Yoghurt Caramel Nuss Vollmilch-Schokolade Packung 100g,NUTRITION,OK_WITH_WARNINGS,9,"unparseable_numeric_fragment:6, | unparseable_numeric_fragment:0, | plausibility_out_of_range:kcal:2262.0 not in [0.0, 900.0] | energy_mismatch:kJ=542.0 inconsistent_with_kcal=2262.0 | warnings_present","Brennwert: 542 Kilokalorien (kcal) Brennwert: 2262 Kilojoule (kJ) Kohlenhydrate: 54g Kohlenhydrate, davon Zucker: 52g Fett: 33g Fett, davon…"
136236,Lindt Lindor Milch Vollmilch 4er Stange Vollmilchschokolade 50g,NUTRITION,OK_WITH_WARNINGS,9,"unparseable_numeric_fragment:0, | plausibility_out_of_range:kcal:2587.0 not in [0.0, 900.0] | energy_mismatch:kJ=623.0 inconsistent_with_kcal=2587.0 | warnings_present","Brennwert: 623 Kilokalorien (kcal) Brennwert: 2587 Kilojoule (kJ) Kohlenhydrate: 44g Kohlenhydrate, davon Zucker: 42g Fett: 47g Fett, davon…"
136237,Lindt Lindor Mischung 4er Stange beliebte Lindor Sorten Packung 50g,NUTRITION,OK_WITH_WARNINGS,9,"unparseable_numeric_fragment:4, | unparseable_numeric_fragment:0, | plausibility_out_of_range:kcal:2619.0 not in [0.0, 900.0] | energy_mismatch:kJ=631.0 inconsistent_with_kcal=2619.0 | warnings_present","Brennwert: 631 Kilokalorien (kcal) Brennwert: 2619 Kilojoule (kJ) Kohlenhydrate: 41g Kohlenhydrate, davon Zucker: 40g Fett: 49g Fett, davon…"
136238,Lindt Lindor Pistazie 4er Stange zartschmelzenden Füllung 50g,NUTRITION,OK_WITH_WARNINGS,9,"unparseable_numeric_fragment:5, | unparseable_numeric_fragment:0, | plausibility_out_of_range:kcal:2600.0 not in [0.0, 900.0] | energy_mismatch:kJ=626.0 inconsistent_with_kcal=2600.0 | warnings_present","Brennwert: 626 Kilokalorien (kcal) Brennwert: 2600 Kilojoule (kJ) Kohlenhydrate: 43g Kohlenhydrate, davon Zucker: 42g Fett: 48g Fett, davon…"
136239,Lindt Lindor 70 Prozent Cacao 4er Stange Edelbitter-Schokolade 50g,NUTRITION,OK_WITH_WARNINGS,9,"unparseable_numeric_fragment:6, | unparseable_numeric_fragment:0, | plausibility_out_of_range:kcal:2624.0 not in [0.0, 900.0] | energy_mismatch:kJ=634.0 inconsistent_with_kcal=2624.0 | warnings_present","Brennwert: 634 Kilokalorien (kcal) Brennwert: 2624 Kilojoule (kJ) Kohlenhydrate: 29g Kohlenhydrate, davon Zucker: 25g Fett: 53g Fett, davon…"
136270,Lindt Lindor Double Chocolate Tafel zartschmelzender Füllung 100g,NUTRITION,OK_WITH_WARNINGS,9,"unparseable_numeric_fragment:5, | unparseable_numeric_fragment:0, | plausibility_out_of_range:kcal:2581.0 not in [0.0, 900.0] | energy_mismatch:kJ=622.0 inconsistent_with_kcal=2581.0 | warnings_present","Brennwert: 622 Kilokalorien (kcal) Brennwert: 2581 Kilojoule (kJ) Kohlenhydrate: 40g Kohlenhydrate, davon Zucker: 38g Fett: 48g Fett, davon…"
136294,Lindt Pralinés Sélection besondere Genussmomente Packung 125g,NUTRITION,OK_WITH_WARNINGS,9,"unparseable_numeric_fragment:6, | unparseable_numeric_fragment:0, | plausibility_out_of_range:kcal:2223.0 not in [0.0, 900.0] | energy_mismatch:kJ=533.0 inconsistent_with_kcal=2223.0 | warnings_present","Brennwert: 533 Kilokalorien (kcal) Brennwert: 2223 Kilojoule (kJ) Kohlenhydrate: 53g Kohlenhydrate, davon Zucker: 49g Fett: 32g Fett, davon…"
136373,Lindt Dubai Style Chocolate Riegel weiss Pistazien-Engelshaar 40g,NUTRITION,OK_WITH_WARNINGS,9,"unparseable_numeric_fragment:0, | plausibility_out_of_range:kcal:2350.0 not in [0.0, 900.0] | energy_mismatch:kJ=564.0 inconsistent_with_kcal=2350.0 | warnings_present","Brennwert: 564 Kilokalorien (kcal) Brennwert: 2350 Kilojoule (kJ) Kohlenhydrate: 50g Kohlenhydrate, davon Zucker: 45g Fett: 36g Fett, davon…"
