2026-02-13 09:37:58 | INFO | CLI startup complete
2026-02-13 09:37:58 | INFO | Runtime configuration: input='C:\Users\User\Downloads\export-temu-daten-export (2).csv', output='C:\Users\User\Documents\40k\tmp\out_700_full', workers=6, resume=True, limit=none
2026-02-13 09:37:58 | INFO | Run log file: C:\Users\User\Documents\40k\tmp\out_700_full\run.log
2026-02-13 09:37:58 | INFO | Pipeline stage started | stage=ingestion
2026-02-13 09:37:58 | WARNING | Encoding 'utf-8-sig' failed with decode error: 'utf-8' codec can't decode byte 0xe4 in position 9: invalid continuation byte
2026-02-13 09:37:58 | INFO | Pipeline stage started | stage=classification_normalization_parsing_validation
2026-02-13 09:37:58 | INFO | CSV ingestion started with encoding=cp1252 header_map={'id': 'id', 'name': 'name', 'nutrition_raw_text': 'Nährwerte'}
2026-02-13 09:37:58 | WARNING | Validation warnings for row=2 product_id=28274 warnings=['plausibility_out_of_range:kcal:2294.0 not in [0.0, 900.0]', 'energy_mismatch:kJ=550.0 inconsistent_with_kcal=2294.0']
2026-02-13 09:37:58 | WARNING | Normalization warnings for row=4 product_id=28355 warnings=['unparseable_numeric_fragment:7,', 'unparseable_numeric_fragment:0,']
2026-02-13 09:37:58 | WARNING | Validation warnings for row=4 product_id=28355 warnings=['plausibility_out_of_range:kcal:2272.0 not in [0.0, 900.0]', 'energy_mismatch:kJ=544.0 inconsistent_with_kcal=2272.0']
2026-02-13 09:37:58 | WARNING | Validation warnings for row=5 product_id=28383 warnings=['plausibility_out_of_range:kcal:2574.0 not in [0.0, 900.0]', 'energy_mismatch:kJ=620.0 inconsistent_with_kcal=2574.0']
2026-02-13 09:37:58 | WARNING | Skipping row 8: missing required field(s): nutrition_raw_text
2026-02-13 09:37:58 | WARNING | Skipping row 11: missing required field(s): nutrition_raw_text
2026-02-13 09:37:58 | WARNING | Validation warnings for row=16 product_id=28700 warnings=['plausibility_out_of_range:kcal:1871.0 not in [0.0, 900.0]', 'energy_mismatch:kJ=1871.0 inconsistent_with_kcal=1871.0']
2026-02-13 09:37:58 | WARNING | Normalization warnings for row=17 product_id=29190 warnings=['unparseable_numeric_fragment:7,', 'unparseable_numeric_fragment:0,']
2026-02-13 09:37:58 | WARNING | Validation warnings for row=17 product_id=29190 warnings=['plausibility_out_of_range:kcal:2421.0 not in [0.0, 900.0]', 'energy_mismatch:kJ=583.0 inconsistent_with_kcal=2421.0']
2026-02-13 09:37:58 | WARNING | Normalization warnings for row=18 product_id=29192 warnings=['unparseable_numeric_fragment:6,', 'unparseable_numeric_fragment:0,']
2026-02-13 09:37:58 | WARNING | Validation warnings for row=18 product_id=29192 warnings=['plausibility_out_of_range:kcal:2209.0 not in [0.0, 900.0]', 'energy_mismatch:kJ=531.0 inconsistent_with_kcal=2209.0']
2026-02-13 09:37:58 | WARNING | Normalization warnings for row=20 product_id=29609 warnings=['unparseable_numeric_fragment:8,', 'unparseable_numeric_fragment:0,']
2026-02-13 09:37:58 | WARNING | Validation warnings for row=20 product_id=29609 warnings=['plausibility_out_of_range:kcal:2526.0 not in [0.0, 900.0]', 'energy_mismatch:kJ=603.0 inconsistent_with_kcal=2526.0']
2026-02-13 09:37:58 | WARNING | Validation warnings for row=26 product_id=30595 warnings=['plausibility_out_of_range:kcal:593437.0 not in [0.0, 900.0]', 'energy_mismatch:kJ=2483.0 inconsistent_with_kcal=593437.0']
2026-02-13 09:37:58 | WARNING | Validation warnings for row=27 product_id=31117 warnings=['plausibility_out_of_range:kcal:2183.0 not in [0.0, 900.0]', 'energy_mismatch:kJ=523.0 inconsistent_with_kcal=2183.0']
2026-02-13 09:37:58 | WARNING | Validation warnings for row=29 product_id=31671 warnings=['plausibility_out_of_range:kcal:2294.0 not in [0.0, 900.0]', 'energy_mismatch:kJ=550.0 inconsistent_with_kcal=2294.0']
2026-02-13 09:37:58 | WARNING | Validation warnings for row=30 product_id=32089 warnings=['energy_mismatch:kJ=2336.0 inconsistent_with_kcal=612.0']
2026-02-13 09:37:58 | WARNING | Validation warnings for row=31 product_id=32142 warnings=['plausibility_out_of_range:kcal:2574.0 not in [0.0, 900.0]', 'energy_mismatch:kJ=620.0 inconsistent_with_kcal=2574.0']
2026-02-13 09:37:58 | WARNING | Validation warnings for row=32 product_id=32297 warnings=['plausibility_out_of_range:kcal:2368.0 not in [0.0, 900.0]', 'energy_mismatch:kJ=570.0 inconsistent_with_kcal=2368.0']
2026-02-13 09:37:58 | WARNING | Validation warnings for row=33 product_id=32621 warnings=['plausibility_out_of_range:kcal:2377.0 not in [0.0, 900.0]', 'energy_mismatch:kJ=570.0 inconsistent_with_kcal=2377.0']
2026-02-13 09:37:58 | WARNING | Skipping row 34: missing required field(s): nutrition_raw_text
2026-02-13 09:37:58 | WARNING | Validation warnings for row=36 product_id=32632 warnings=['plausibility_out_of_range:kcal:2038.0 not in [0.0, 900.0]', 'energy_mismatch:kJ=481.0 inconsistent_with_kcal=2038.0']
2026-02-13 09:37:58 | WARNING | Skipping row 38: missing required field(s): nutrition_raw_text
2026-02-13 09:37:58 | WARNING | Normalization warnings for row=39 product_id=32926 warnings=['unparseable_numeric_fragment:6.', 'unparseable_numeric_fragment:0.']
2026-02-13 09:37:58 | WARNING | Normalization warnings for row=41 product_id=33141 warnings=['unparseable_numeric_fragment:6.', 'unparseable_numeric_fragment:0.']
2026-02-13 09:37:58 | WARNING | Normalization warnings for row=42 product_id=33142 warnings=['unparseable_numeric_fragment:8,', 'unparseable_numeric_fragment:0,']
2026-02-13 09:37:58 | WARNING | Validation warnings for row=42 product_id=33142 warnings=['plausibility_out_of_range:kcal:2347.0 not in [0.0, 900.0]', 'energy_mismatch:kJ=563.0 inconsistent_with_kcal=2347.0']
2026-02-13 09:37:58 | WARNING | Validation warnings for row=43 product_id=33147 warnings=['plausibility_out_of_range:kcal:2546.0 not in [0.0, 900.0]', 'energy_mismatch:kJ=612.0 inconsistent_with_kcal=2546.0']
2026-02-13 09:37:58 | WARNING | Skipping row 46: missing required field(s): nutrition_raw_text
2026-02-13 09:37:58 | WARNING | Validation warnings for row=50 product_id=33190 warnings=['plausibility_out_of_range:salt_g:100.0 not in [0.0, 15.0]']
2026-02-13 09:37:58 | WARNING | Validation warnings for row=54 product_id=33206 warnings=['plausibility_out_of_range:kcal:2377.0 not in [0.0, 900.0]', 'energy_mismatch:kJ=570.0 inconsistent_with_kcal=2377.0']
2026-02-13 09:37:58 | WARNING | Skipping row 56: missing required field(s): nutrition_raw_text
2026-02-13 09:37:58 | WARNING | Validation warnings for row=60 product_id=33221 warnings=['plausibility_out_of_range:kcal:2294.0 not in [0.0, 900.0]', 'energy_mismatch:kJ=550.0 inconsistent_with_kcal=2294.0']
2026-02-13 09:37:58 | WARNING | Skipping row 63: missing required field(s): nutrition_raw_text
2026-02-13 09:37:58 | WARNING | Normalization warnings for row=64 product_id=33238 warnings=['unparseable_numeric_fragment:0,']
2026-02-13 09:37:58 | WARNING | Validation warnings for row=64 product_id=33238 warnings=['plausibility_out_of_range:kcal:2459.0 not in [0.0, 900.0]', 'energy_mismatch:kJ=590.0 inconsistent_with_kcal=2459.0']
2026-02-13 09:37:58 | WARNING | Validation warnings for row=66 product_id=33246 warnings=['plausibility_out_of_range:kcal:1867.0 not in [0.0, 900.0]', 'energy_mismatch:kJ=434.0 inconsistent_with_kcal=1867.0']
2026-02-13 09:37:58 | WARNING | Validation warnings for row=67 product_id=33249 warnings=['plausibility_out_of_range:kcal:1880.0 not in [0.0, 900.0]', 'energy_mismatch:kJ=438.0 inconsistent_with_kcal=1880.0']
2026-02-13 09:37:58 | WARNING | Skipping row 70: missing required field(s): nutrition_raw_text
2026-02-13 09:37:58 | WARNING | Validation warnings for row=71 product_id=33282 warnings=['plausibility_out_of_range:kcal:2648.0 not in [0.0, 900.0]', 'energy_mismatch:kJ=638.0 inconsistent_with_kcal=2648.0']
2026-02-13 09:37:58 | WARNING | Validation warnings for row=72 product_id=33284 warnings=['plausibility_out_of_range:kcal:2520.0 not in [0.0, 900.0]', 'energy_mismatch:kJ=606.0 inconsistent_with_kcal=2520.0']
2026-02-13 09:37:58 | WARNING | Normalization warnings for row=74 product_id=33650 warnings=['unparseable_numeric_fragment:0,']
2026-02-13 09:37:58 | WARNING | Validation warnings for row=74 product_id=33650 warnings=['plausibility_out_of_range:kcal:2459.0 not in [0.0, 900.0]', 'energy_mismatch:kJ=590.0 inconsistent_with_kcal=2459.0']
2026-02-13 09:37:58 | WARNING | Validation warnings for row=76 product_id=33729 warnings=['plausibility_out_of_range:kcal:2648.0 not in [0.0, 900.0]', 'energy_mismatch:kJ=638.0 inconsistent_with_kcal=2648.0']
2026-02-13 09:37:58 | WARNING | Validation warnings for row=78 product_id=33981 warnings=['plausibility_out_of_range:kcal:2291.0 not in [0.0, 900.0]', 'energy_mismatch:kJ=548.0 inconsistent_with_kcal=2291.0']
2026-02-13 09:37:58 | WARNING | Validation warnings for row=79 product_id=34311 warnings=['plausibility_out_of_range:kcal:2648.0 not in [0.0, 900.0]', 'energy_mismatch:kJ=638.0 inconsistent_with_kcal=2648.0']
2026-02-13 09:37:58 | WARNING | Skipping row 80: missing required field(s): nutrition_raw_text
2026-02-13 09:37:58 | WARNING | Skipping row 81: missing required field(s): nutrition_raw_text
2026-02-13 09:37:58 | WARNING | Validation warnings for row=83 product_id=35481 warnings=['plausibility_out_of_range:kcal:526517.0 not in [0.0, 900.0]', 'energy_mismatch:kJ=2203.0 inconsistent_with_kcal=526517.0']
2026-02-13 09:37:58 | WARNING | Skipping row 85: missing required field(s): nutrition_raw_text
2026-02-13 09:37:58 | WARNING | Skipping row 86: missing required field(s): nutrition_raw_text
2026-02-13 09:37:58 | WARNING | Validation warnings for row=87 product_id=35837 warnings=['plausibility_out_of_range:kcal:2645.0 not in [0.0, 900.0]', 'energy_mismatch:kJ=639.0 inconsistent_with_kcal=2645.0']
2026-02-13 09:37:58 | WARNING | Validation warnings for row=88 product_id=36020 warnings=['plausibility_out_of_range:kcal:2275.0 not in [0.0, 900.0]', 'energy_mismatch:kJ=545.0 inconsistent_with_kcal=2275.0']
2026-02-13 09:37:58 | WARNING | Skipping row 92: missing required field(s): nutrition_raw_text
2026-02-13 09:37:58 | WARNING | Normalization warnings for row=93 product_id=37843 warnings=['unparseable_numeric_fragment:0,']
2026-02-13 09:37:58 | WARNING | Validation warnings for row=93 product_id=37843 warnings=['plausibility_out_of_range:kcal:2396.0 not in [0.0, 900.0]', 'energy_mismatch:kJ=575.0 inconsistent_with_kcal=2396.0']
2026-02-13 09:37:58 | WARNING | Validation warnings for row=94 product_id=37844 warnings=['plausibility_out_of_range:kcal:535838.0 not in [0.0, 900.0]', 'energy_mismatch:kJ=2242.0 inconsistent_with_kcal=535838.0']
2026-02-13 09:37:58 | WARNING | Normalization warnings for row=95 product_id=37852 warnings=['unparseable_numeric_fragment:8,', 'unparseable_numeric_fragment:0,']
2026-02-13 09:37:58 | WARNING | Validation warnings for row=95 product_id=37852 warnings=['plausibility_out_of_range:kcal:2347.0 not in [0.0, 900.0]', 'energy_mismatch:kJ=563.0 inconsistent_with_kcal=2347.0']
2026-02-13 09:37:58 | WARNING | Validation warnings for row=96 product_id=37871 warnings=['plausibility_out_of_range:kcal:2520.0 not in [0.0, 900.0]', 'energy_mismatch:kJ=606.0 inconsistent_with_kcal=2520.0']
2026-02-13 09:37:58 | WARNING | Validation warnings for row=97 product_id=38582 warnings=['plausibility_out_of_range:kcal:2294.0 not in [0.0, 900.0]', 'energy_mismatch:kJ=550.0 inconsistent_with_kcal=2294.0']
2026-02-13 09:37:58 | WARNING | Skipping row 98: missing required field(s): nutrition_raw_text
2026-02-13 09:37:58 | WARNING | Skipping row 100: missing required field(s): nutrition_raw_text
2026-02-13 09:37:58 | WARNING | Normalization warnings for row=102 product_id=40212 warnings=['unparseable_numeric_fragment:4,', 'unparseable_numeric_fragment:0,']
2026-02-13 09:37:58 | WARNING | Validation warnings for row=102 product_id=40212 warnings=['plausibility_out_of_range:kcal:2564.0 not in [0.0, 900.0]', 'energy_mismatch:kJ=617.0 inconsistent_with_kcal=2564.0']
2026-02-13 09:37:58 | WARNING | Skipping row 103: missing required field(s): nutrition_raw_text
2026-02-13 09:37:58 | WARNING | Validation warnings for row=105 product_id=40528 warnings=['plausibility_out_of_range:kcal:2377.0 not in [0.0, 900.0]', 'energy_mismatch:kJ=570.0 inconsistent_with_kcal=2377.0']
2026-02-13 09:37:58 | WARNING | Skipping row 106: missing required field(s): nutrition_raw_text
2026-02-13 09:37:58 | WARNING | Validation warnings for row=108 product_id=40569 warnings=['plausibility_out_of_range:kcal:2242.0 not in [0.0, 900.0]', 'energy_mismatch:kJ=537.0 inconsistent_with_kcal=2242.0']
2026-02-13 09:37:58 | WARNING | Validation warnings for row=109 product_id=40950 warnings=['plausibility_out_of_range:kcal:2377.0 not in [0.0, 900.0]', 'energy_mismatch:kJ=570.0 inconsistent_with_kcal=2377.0']
2026-02-13 09:37:58 | WARNING | Skipping row 110: missing required field(s): nutrition_raw_text
2026-02-13 09:37:58 | WARNING | Skipping row 111: missing required field(s): nutrition_raw_text
2026-02-13 09:37:58 | WARNING | Validation warnings for row=112 product_id=41198 warnings=['plausibility_out_of_range:kcal:2294.0 not in [0.0, 900.0]', 'energy_mismatch:kJ=550.0 inconsistent_with_kcal=2294.0']
2026-02-13 09:37:58 | WARNING | Validation warnings for row=114 product_id=41335 warnings=['plausibility_out_of_range:kcal:2377.0 not in [0.0, 900.0]', 'energy_mismatch:kJ=570.0 inconsistent_with_kcal=2377.0']
2026-02-13 09:37:58 | WARNING | Normalization warnings for row=115 product_id=41711 warnings=['unparseable_numeric_fragment:7,', 'unparseable_numeric_fragment:0,']
2026-02-13 09:37:58 | WARNING | Validation warnings for row=115 product_id=41711 warnings=['plausibility_out_of_range:kcal:2272.0 not in [0.0, 900.0]', 'energy_mismatch:kJ=544.0 inconsistent_with_kcal=2272.0']
2026-02-13 09:37:58 | WARNING | Validation warnings for row=119 product_id=42211 warnings=['plausibility_out_of_range:kcal:2194.0 not in [0.0, 900.0]', 'energy_mismatch:kJ=526.0 inconsistent_with_kcal=2194.0']
2026-02-13 09:37:58 | WARNING | Validation warnings for row=121 product_id=42335 warnings=['plausibility_out_of_range:kcal:2377.0 not in [0.0, 900.0]', 'energy_mismatch:kJ=570.0 inconsistent_with_kcal=2377.0']
2026-02-13 09:37:58 | WARNING | Validation warnings for row=123 product_id=42903 warnings=['energy_mismatch:kJ=2336.0 inconsistent_with_kcal=612.0']
2026-02-13 09:37:58 | WARNING | Validation warnings for row=125 product_id=43128 warnings=['plausibility_out_of_range:kcal:1867.0 not in [0.0, 900.0]', 'energy_mismatch:kJ=434.0 inconsistent_with_kcal=1867.0']
2026-02-13 09:37:58 | WARNING | Validation warnings for row=128 product_id=43477 warnings=['plausibility_out_of_range:salt_g:100.0 not in [0.0, 15.0]']
2026-02-13 09:37:58 | WARNING | Validation warnings for row=131 product_id=43738 warnings=['plausibility_out_of_range:kcal:2357.0 not in [0.0, 900.0]', 'energy_mismatch:kJ=566.0 inconsistent_with_kcal=2357.0']
2026-02-13 09:37:58 | WARNING | Validation warnings for row=133 product_id=44071 warnings=['plausibility_out_of_range:kcal:534882.0 not in [0.0, 900.0]', 'energy_mismatch:kJ=2238.0 inconsistent_with_kcal=534882.0']
2026-02-13 09:37:58 | WARNING | Validation warnings for row=134 product_id=44075 warnings=['plausibility_out_of_range:kcal:2232.0 not in [0.0, 900.0]', 'energy_mismatch:kJ=536.0 inconsistent_with_kcal=2232.0']
2026-02-13 09:37:58 | WARNING | Validation warnings for row=135 product_id=44151 warnings=['plausibility_out_of_range:kcal:2038.0 not in [0.0, 900.0]', 'energy_mismatch:kJ=481.0 inconsistent_with_kcal=2038.0']
2026-02-13 09:37:58 | WARNING | Validation warnings for row=136 product_id=44228 warnings=['plausibility_out_of_range:kcal:548266.0 not in [0.0, 900.0]', 'energy_mismatch:kJ=2294.0 inconsistent_with_kcal=548266.0']
2026-02-13 09:37:58 | WARNING | Skipping row 138: missing required field(s): nutrition_raw_text
2026-02-13 09:37:58 | WARNING | Validation warnings for row=139 product_id=44545 warnings=['plausibility_out_of_range:kcal:2574.0 not in [0.0, 900.0]', 'energy_mismatch:kJ=620.0 inconsistent_with_kcal=2574.0']
2026-02-13 09:37:58 | WARNING | Validation warnings for row=140 product_id=44645 warnings=['energy_mismatch:kJ=2336.0 inconsistent_with_kcal=612.0']
2026-02-13 09:37:58 | WARNING | Validation warnings for row=142 product_id=44939 warnings=['plausibility_out_of_range:salt_g:100.0 not in [0.0, 15.0]']
2026-02-13 09:37:58 | WARNING | Validation warnings for row=144 product_id=46037 warnings=['plausibility_out_of_range:kcal:2183.0 not in [0.0, 900.0]', 'energy_mismatch:kJ=523.0 inconsistent_with_kcal=2183.0']
2026-02-13 09:37:58 | WARNING | Validation warnings for row=146 product_id=47000 warnings=['plausibility_out_of_range:salt_g:100.0 not in [0.0, 15.0]']
2026-02-13 09:37:58 | WARNING | Validation warnings for row=149 product_id=47701 warnings=['plausibility_out_of_range:kcal:2245.0 not in [0.0, 900.0]', 'energy_mismatch:kJ=538.0 inconsistent_with_kcal=2245.0']
2026-02-13 09:37:58 | WARNING | Validation warnings for row=150 product_id=47840 warnings=['plausibility_out_of_range:salt_g:100.0 not in [0.0, 15.0]']
2026-02-13 09:37:58 | WARNING | Validation warnings for row=152 product_id=47885 warnings=['plausibility_out_of_range:salt_g:100.0 not in [0.0, 15.0]']
2026-02-13 09:37:58 | WARNING | Validation warnings for row=153 product_id=47910 warnings=['plausibility_out_of_range:kcal:2377.0 not in [0.0, 900.0]', 'energy_mismatch:kJ=570.0 inconsistent_with_kcal=2377.0']
2026-02-13 09:37:58 | WARNING | Validation warnings for row=155 product_id=48226 warnings=['plausibility_out_of_range:kcal:2321.0 not in [0.0, 900.0]', 'energy_mismatch:kJ=2321.0 inconsistent_with_kcal=2321.0']
2026-02-13 09:37:58 | WARNING | Validation warnings for row=156 product_id=48229 warnings=['plausibility_out_of_range:kcal:2357.0 not in [0.0, 900.0]', 'energy_mismatch:kJ=566.0 inconsistent_with_kcal=2357.0']
2026-02-13 09:37:58 | WARNING | Validation warnings for row=158 product_id=48565 warnings=['plausibility_out_of_range:kcal:2436.0 not in [0.0, 900.0]', 'energy_mismatch:kJ=585.0 inconsistent_with_kcal=2436.0']
2026-02-13 09:37:58 | WARNING | Normalization warnings for row=160 product_id=48607 warnings=['unparseable_numeric_fragment:7,', 'unparseable_numeric_fragment:0,']
2026-02-13 09:37:58 | WARNING | Validation warnings for row=160 product_id=48607 warnings=['plausibility_out_of_range:kcal:2272.0 not in [0.0, 900.0]', 'energy_mismatch:kJ=544.0 inconsistent_with_kcal=2272.0']
2026-02-13 09:37:58 | WARNING | Validation warnings for row=161 product_id=48967 warnings=['plausibility_out_of_range:kcal:2469.0 not in [0.0, 900.0]', 'energy_mismatch:kJ=593.0 inconsistent_with_kcal=2469.0']
2026-02-13 09:37:58 | WARNING | Skipping row 162: missing required field(s): nutrition_raw_text
2026-02-13 09:37:58 | WARNING | Validation warnings for row=163 product_id=49706 warnings=['plausibility_out_of_range:kcal:2335.0 not in [0.0, 900.0]', 'energy_mismatch:kJ=559.0 inconsistent_with_kcal=2335.0']
2026-02-13 09:37:58 | WARNING | Validation warnings for row=164 product_id=49952 warnings=['plausibility_out_of_range:kcal:2426.0 not in [0.0, 900.0]', 'energy_mismatch:kJ=582.0 inconsistent_with_kcal=2426.0']
2026-02-13 09:37:58 | WARNING | Validation warnings for row=166 product_id=50019 warnings=['plausibility_out_of_range:kcal:2538.0 not in [0.0, 900.0]', 'energy_mismatch:kJ=611.0 inconsistent_with_kcal=2538.0']
2026-02-13 09:37:58 | WARNING | Validation warnings for row=167 product_id=50526 warnings=['plausibility_out_of_range:salt_g:100.0 not in [0.0, 15.0]']
2026-02-13 09:37:58 | WARNING | Normalization warnings for row=169 product_id=58083 warnings=['unparseable_numeric_fragment:5,', 'unparseable_numeric_fragment:0,']
2026-02-13 09:37:58 | WARNING | Validation warnings for row=169 product_id=58083 warnings=['plausibility_out_of_range:kcal:2143.0 not in [0.0, 900.0]', 'energy_mismatch:kJ=513.0 inconsistent_with_kcal=2143.0']
2026-02-13 09:37:58 | WARNING | Validation warnings for row=170 product_id=58963 warnings=['plausibility_out_of_range:salt_g:100.0 not in [0.0, 15.0]']
2026-02-13 09:37:58 | WARNING | Validation warnings for row=171 product_id=59350 warnings=['plausibility_out_of_range:kcal:2651.0 not in [0.0, 900.0]', 'energy_mismatch:kJ=638.0 inconsistent_with_kcal=2651.0']
2026-02-13 09:37:58 | WARNING | Validation warnings for row=172 product_id=59353 warnings=['plausibility_out_of_range:salt_g:100.0 not in [0.0, 15.0]']
2026-02-13 09:37:58 | WARNING | Normalization warnings for row=175 product_id=59583 warnings=['unparseable_numeric_fragment:0,']
2026-02-13 09:37:58 | WARNING | Validation warnings for row=175 product_id=59583 warnings=['plausibility_out_of_range:kcal:2377.0 not in [0.0, 900.0]', 'energy_mismatch:kJ=570.0 inconsistent_with_kcal=2377.0']
2026-02-13 09:37:58 | WARNING | Validation warnings for row=176 product_id=59584 warnings=['plausibility_out_of_range:kcal:2554.0 not in [0.0, 900.0]', 'energy_mismatch:kJ=614.0 inconsistent_with_kcal=2554.0']
2026-02-13 09:37:58 | WARNING | Normalization warnings for row=177 product_id=59585 warnings=['unparseable_numeric_fragment:0,']
2026-02-13 09:37:58 | WARNING | Validation warnings for row=177 product_id=59585 warnings=['plausibility_out_of_range:kcal:2377.0 not in [0.0, 900.0]', 'energy_mismatch:kJ=570.0 inconsistent_with_kcal=2377.0']
2026-02-13 09:37:58 | WARNING | Validation warnings for row=178 product_id=59586 warnings=['plausibility_out_of_range:kcal:2395.0 not in [0.0, 900.0]', 'energy_mismatch:kJ=578.0 inconsistent_with_kcal=2395.0']
2026-02-13 09:37:58 | WARNING | Validation warnings for row=179 product_id=59590 warnings=['plausibility_out_of_range:kcal:2179.0 not in [0.0, 900.0]', 'energy_mismatch:kJ=520.0 inconsistent_with_kcal=2179.0']
2026-02-13 09:37:58 | WARNING | Normalization warnings for row=180 product_id=59593 warnings=['unparseable_numeric_fragment:0,']
2026-02-13 09:37:58 | WARNING | Validation warnings for row=180 product_id=59593 warnings=['plausibility_out_of_range:kcal:2272.0 not in [0.0, 900.0]', 'energy_mismatch:kJ=543.0 inconsistent_with_kcal=2272.0']
2026-02-13 09:37:58 | WARNING | Validation warnings for row=181 product_id=59594 warnings=['plausibility_out_of_range:kcal:538467.0 not in [0.0, 900.0]', 'energy_mismatch:kJ=2253.0 inconsistent_with_kcal=538467.0']
2026-02-13 09:37:58 | WARNING | Normalization warnings for row=182 product_id=59601 warnings=['unparseable_numeric_fragment:7,', 'unparseable_numeric_fragment:0,']
2026-02-13 09:37:58 | WARNING | Validation warnings for row=182 product_id=59601 warnings=['plausibility_out_of_range:kcal:2350.0 not in [0.0, 900.0]', 'energy_mismatch:kJ=564.0 inconsistent_with_kcal=2350.0']
2026-02-13 09:37:58 | WARNING | Validation warnings for row=184 product_id=59795 warnings=['plausibility_out_of_range:salt_g:100.0 not in [0.0, 15.0]']
2026-02-13 09:37:58 | WARNING | Validation warnings for row=185 product_id=60261 warnings=['plausibility_out_of_range:salt_g:100.0 not in [0.0, 15.0]']
2026-02-13 09:37:58 | WARNING | Validation warnings for row=186 product_id=60326 warnings=['plausibility_out_of_range:salt_g:100.0 not in [0.0, 15.0]']
2026-02-13 09:37:58 | WARNING | Validation warnings for row=188 product_id=61088 warnings=['plausibility_out_of_range:salt_g:100.0 not in [0.0, 15.0]']
2026-02-13 09:37:58 | WARNING | Validation warnings for row=189 product_id=64228 warnings=['plausibility_out_of_range:kcal:2654.0 not in [0.0, 900.0]', 'energy_mismatch:kJ=641.0 inconsistent_with_kcal=2654.0']
2026-02-13 09:37:58 | WARNING | Validation warnings for row=190 product_id=64270 warnings=['plausibility_out_of_range:kcal:2377.0 not in [0.0, 900.0]', 'energy_mismatch:kJ=570.0 inconsistent_with_kcal=2377.0']
2026-02-13 09:37:58 | WARNING | Validation warnings for row=191 product_id=64271 warnings=['plausibility_out_of_range:kcal:2487.0 not in [0.0, 900.0]', 'energy_mismatch:kJ=598.0 inconsistent_with_kcal=2487.0']
2026-02-13 09:37:58 | WARNING | Validation warnings for row=192 product_id=64272 warnings=['plausibility_out_of_range:kcal:2652.0 not in [0.0, 900.0]', 'energy_mismatch:kJ=639.0 inconsistent_with_kcal=2652.0']
2026-02-13 09:37:58 | WARNING | Validation warnings for row=193 product_id=64276 warnings=['plausibility_out_of_range:kcal:1867.0 not in [0.0, 900.0]', 'energy_mismatch:kJ=434.0 inconsistent_with_kcal=1867.0']
2026-02-13 09:37:58 | WARNING | Validation warnings for row=194 product_id=64277 warnings=['plausibility_out_of_range:kcal:2147.0 not in [0.0, 900.0]', 'energy_mismatch:kJ=515.0 inconsistent_with_kcal=2147.0']
2026-02-13 09:37:58 | WARNING | Validation warnings for row=195 product_id=64278 warnings=['plausibility_out_of_range:kcal:2517.0 not in [0.0, 900.0]', 'energy_mismatch:kJ=605.0 inconsistent_with_kcal=2517.0']
2026-02-13 09:37:58 | WARNING | Validation warnings for row=199 product_id=64289 warnings=['plausibility_out_of_range:kcal:2645.0 not in [0.0, 900.0]', 'energy_mismatch:kJ=641.0 inconsistent_with_kcal=2645.0']
2026-02-13 09:37:58 | WARNING | Validation warnings for row=202 product_id=64952 warnings=['plausibility_out_of_range:salt_g:100.0 not in [0.0, 15.0]']
2026-02-13 09:37:58 | WARNING | Normalization warnings for row=203 product_id=64953 warnings=['unparseable_numeric_fragment:4,', 'unparseable_numeric_fragment:0,']
2026-02-13 09:37:58 | WARNING | Validation warnings for row=203 product_id=64953 warnings=['plausibility_out_of_range:kcal:2652.0 not in [0.0, 900.0]', 'energy_mismatch:kJ=640.0 inconsistent_with_kcal=2652.0']
2026-02-13 09:37:58 | WARNING | Normalization warnings for row=211 product_id=73935 warnings=['unparseable_numeric_fragment:5,', 'unparseable_numeric_fragment:0,']
2026-02-13 09:37:58 | WARNING | Validation warnings for row=211 product_id=73935 warnings=['plausibility_out_of_range:kcal:2667.0 not in [0.0, 900.0]', 'energy_mismatch:kJ=642.0 inconsistent_with_kcal=2667.0']
2026-02-13 09:37:58 | WARNING | Normalization warnings for row=212 product_id=73957 warnings=['unparseable_numeric_fragment:6,', 'unparseable_numeric_fragment:0,']
2026-02-13 09:37:58 | WARNING | Validation warnings for row=212 product_id=73957 warnings=['plausibility_out_of_range:kcal:2254.0 not in [0.0, 900.0]', 'energy_mismatch:kJ=540.0 inconsistent_with_kcal=2254.0']
2026-02-13 09:37:58 | WARNING | Validation warnings for row=220 product_id=83997 warnings=['plausibility_out_of_range:kcal:2161.0 not in [0.0, 900.0]', 'energy_mismatch:kJ=518.0 inconsistent_with_kcal=2161.0']
2026-02-13 09:37:58 | WARNING | Validation warnings for row=221 product_id=84021 warnings=['plausibility_out_of_range:kcal:2397.0 not in [0.0, 900.0]', 'energy_mismatch:kJ=575.0 inconsistent_with_kcal=2397.0']
2026-02-13 09:37:58 | WARNING | Validation warnings for row=222 product_id=84024 warnings=['plausibility_out_of_range:kcal:568103.0 not in [0.0, 900.0]', 'energy_mismatch:kJ=2377.0 inconsistent_with_kcal=568103.0']
2026-02-13 09:37:58 | WARNING | Validation warnings for row=223 product_id=84032 warnings=['plausibility_out_of_range:kcal:2347.0 not in [0.0, 900.0]', 'energy_mismatch:kJ=563.0 inconsistent_with_kcal=2347.0']
2026-02-13 09:37:58 | WARNING | Validation warnings for row=224 product_id=84145 warnings=['plausibility_out_of_range:kcal:2263.0 not in [0.0, 900.0]', 'energy_mismatch:kJ=542.0 inconsistent_with_kcal=2263.0']
2026-02-13 09:37:58 | WARNING | Validation warnings for row=231 product_id=84405 warnings=['plausibility_out_of_range:kcal:2408.0 not in [0.0, 900.0]', 'energy_mismatch:kJ=578.0 inconsistent_with_kcal=2408.0']
2026-02-13 09:37:58 | WARNING | Validation warnings for row=234 product_id=84462 warnings=['plausibility_out_of_range:kcal:2179.0 not in [0.0, 900.0]', 'energy_mismatch:kJ=520.0 inconsistent_with_kcal=2179.0']
2026-02-13 09:37:58 | WARNING | Normalization warnings for row=240 product_id=85943 warnings=['unparseable_numeric_fragment:7,', 'unparseable_numeric_fragment:0,']
2026-02-13 09:37:58 | WARNING | Validation warnings for row=240 product_id=85943 warnings=['plausibility_out_of_range:kcal:2350.0 not in [0.0, 900.0]', 'energy_mismatch:kJ=564.0 inconsistent_with_kcal=2350.0']
2026-02-13 09:37:58 | WARNING | Validation warnings for row=242 product_id=85953 warnings=['plausibility_out_of_range:kcal:2179.0 not in [0.0, 900.0]', 'energy_mismatch:kJ=520.0 inconsistent_with_kcal=2179.0']
2026-02-13 09:37:58 | WARNING | Normalization warnings for row=243 product_id=85981 warnings=['unparseable_numeric_fragment:5,', 'unparseable_numeric_fragment:0,']
2026-02-13 09:37:58 | WARNING | Validation warnings for row=243 product_id=85981 warnings=['plausibility_out_of_range:kcal:1914.0 not in [0.0, 900.0]', 'energy_mismatch:kJ=456.0 inconsistent_with_kcal=1914.0']
2026-02-13 09:37:58 | WARNING | Normalization warnings for row=244 product_id=86539 warnings=['unparseable_numeric_fragment:5,', 'unparseable_numeric_fragment:0,']
2026-02-13 09:37:58 | WARNING | Validation warnings for row=244 product_id=86539 warnings=['plausibility_out_of_range:kcal:2667.0 not in [0.0, 900.0]', 'energy_mismatch:kJ=642.0 inconsistent_with_kcal=2667.0']
2026-02-13 09:37:58 | WARNING | Normalization warnings for row=245 product_id=87108 warnings=['unparseable_numeric_fragment:6,', 'unparseable_numeric_fragment:0,']
2026-02-13 09:37:58 | WARNING | Validation warnings for row=245 product_id=87108 warnings=['plausibility_out_of_range:kcal:2254.0 not in [0.0, 900.0]', 'energy_mismatch:kJ=540.0 inconsistent_with_kcal=2254.0']
2026-02-13 09:37:58 | WARNING | Skipping row 246: missing required field(s): nutrition_raw_text
2026-02-13 09:37:58 | WARNING | Validation warnings for row=248 product_id=87408 warnings=['plausibility_out_of_range:salt_g:100.0 not in [0.0, 15.0]']
2026-02-13 09:37:58 | WARNING | Validation warnings for row=250 product_id=87692 warnings=['plausibility_out_of_range:salt_g:100.0 not in [0.0, 15.0]']
2026-02-13 09:37:58 | WARNING | Normalization warnings for row=251 product_id=87896 warnings=['unparseable_numeric_fragment:7,']
2026-02-13 09:37:58 | WARNING | Validation warnings for row=251 product_id=87896 warnings=['plausibility_out_of_range:kcal:2484.0 not in [0.0, 900.0]', 'energy_mismatch:kJ=597.0 inconsistent_with_kcal=2484.0']
2026-02-13 09:37:58 | WARNING | Validation warnings for row=252 product_id=88499 warnings=['plausibility_out_of_range:kcal:2434.0 not in [0.0, 900.0]', 'energy_mismatch:kJ=584.0 inconsistent_with_kcal=2434.0']
2026-02-13 09:37:58 | WARNING | Validation warnings for row=253 product_id=88500 warnings=['plausibility_out_of_range:kcal:2434.0 not in [0.0, 900.0]', 'energy_mismatch:kJ=584.0 inconsistent_with_kcal=2434.0']
2026-02-13 09:37:58 | WARNING | Validation warnings for row=254 product_id=88503 warnings=['plausibility_out_of_range:kcal:543486.0 not in [0.0, 900.0]', 'energy_mismatch:kJ=2274.0 inconsistent_with_kcal=543486.0']
2026-02-13 09:37:58 | WARNING | Validation warnings for row=255 product_id=88505 warnings=['plausibility_out_of_range:kcal:543486.0 not in [0.0, 900.0]', 'energy_mismatch:kJ=2274.0 inconsistent_with_kcal=543486.0']
2026-02-13 09:37:58 | WARNING | Validation warnings for row=256 product_id=88506 warnings=['plausibility_out_of_range:kcal:2377.0 not in [0.0, 900.0]', 'energy_mismatch:kJ=570.0 inconsistent_with_kcal=2377.0']
2026-02-13 09:37:58 | WARNING | Validation warnings for row=257 product_id=88507 warnings=['plausibility_out_of_range:kcal:2277.0 not in [0.0, 900.0]', 'energy_mismatch:kJ=545.0 inconsistent_with_kcal=2277.0']
2026-02-13 09:37:58 | WARNING | Validation warnings for row=258 product_id=89252 warnings=['plausibility_out_of_range:kcal:2274.0 not in [0.0, 900.0]', 'energy_mismatch:kJ=545.0 inconsistent_with_kcal=2274.0']
2026-02-13 09:37:58 | WARNING | Validation warnings for row=259 product_id=89257 warnings=['plausibility_out_of_range:kcal:2274.0 not in [0.0, 900.0]', 'energy_mismatch:kJ=545.0 inconsistent_with_kcal=2274.0']
2026-02-13 09:37:58 | WARNING | Validation warnings for row=260 product_id=89265 warnings=['plausibility_out_of_range:kcal:2354.0 not in [0.0, 900.0]', 'energy_mismatch:kJ=565.0 inconsistent_with_kcal=2354.0']
2026-02-13 09:37:58 | WARNING | Validation warnings for row=261 product_id=89268 warnings=['plausibility_out_of_range:kcal:562606.0 not in [0.0, 900.0]', 'energy_mismatch:kJ=2354.0 inconsistent_with_kcal=562606.0']
2026-02-13 09:37:58 | WARNING | Validation warnings for row=262 product_id=89270 warnings=['plausibility_out_of_range:kcal:2354.0 not in [0.0, 900.0]', 'energy_mismatch:kJ=565.0 inconsistent_with_kcal=2354.0']
2026-02-13 09:37:58 | WARNING | Validation warnings for row=263 product_id=89317 warnings=['plausibility_out_of_range:kcal:2611.0 not in [0.0, 900.0]', 'energy_mismatch:kJ=629.0 inconsistent_with_kcal=2611.0']
2026-02-13 09:37:58 | WARNING | Validation warnings for row=264 product_id=89478 warnings=['plausibility_out_of_range:kcal:2377.0 not in [0.0, 900.0]', 'energy_mismatch:kJ=570.0 inconsistent_with_kcal=2377.0']
2026-02-13 09:37:58 | WARNING | Validation warnings for row=265 product_id=89479 warnings=['plausibility_out_of_range:kcal:2377.0 not in [0.0, 900.0]', 'energy_mismatch:kJ=570.0 inconsistent_with_kcal=2377.0']
2026-02-13 09:37:58 | WARNING | Validation warnings for row=268 product_id=89487 warnings=['plausibility_out_of_range:kcal:2608.0 not in [0.0, 900.0]', 'energy_mismatch:kJ=628.0 inconsistent_with_kcal=2608.0']
2026-02-13 09:37:58 | WARNING | Validation warnings for row=269 product_id=89489 warnings=['plausibility_out_of_range:kcal:2608.0 not in [0.0, 900.0]', 'energy_mismatch:kJ=628.0 inconsistent_with_kcal=2608.0']
2026-02-13 09:37:58 | WARNING | Validation warnings for row=270 product_id=89501 warnings=['plausibility_out_of_range:kcal:1892.0 not in [0.0, 900.0]', 'energy_mismatch:kJ=438.0 inconsistent_with_kcal=1892.0']
2026-02-13 09:37:58 | WARNING | Validation warnings for row=271 product_id=89503 warnings=['plausibility_out_of_range:kcal:2023.0 not in [0.0, 900.0]', 'energy_mismatch:kJ=485.0 inconsistent_with_kcal=2023.0']
2026-02-13 09:37:58 | WARNING | Validation warnings for row=272 product_id=89506 warnings=['plausibility_out_of_range:kcal:2277.0 not in [0.0, 900.0]', 'energy_mismatch:kJ=545.0 inconsistent_with_kcal=2277.0']
2026-02-13 09:37:58 | WARNING | Validation warnings for row=274 product_id=89590 warnings=['plausibility_out_of_range:kcal:2277.0 not in [0.0, 900.0]', 'energy_mismatch:kJ=545.0 inconsistent_with_kcal=2277.0']
2026-02-13 09:37:58 | WARNING | Validation warnings for row=275 product_id=89592 warnings=['plausibility_out_of_range:kcal:2277.0 not in [0.0, 900.0]', 'energy_mismatch:kJ=545.0 inconsistent_with_kcal=2277.0']
2026-02-13 09:37:58 | WARNING | Validation warnings for row=279 product_id=89823 warnings=['plausibility_out_of_range:kcal:2365.0 not in [0.0, 900.0]', 'energy_mismatch:kJ=569.0 inconsistent_with_kcal=2365.0']
2026-02-13 09:37:58 | WARNING | Normalization warnings for row=280 product_id=90027 warnings=['unparseable_numeric_fragment:7,', 'unparseable_numeric_fragment:0,']
2026-02-13 09:37:58 | WARNING | Skipping row 281: missing required field(s): nutrition_raw_text
2026-02-13 09:37:58 | WARNING | Validation warnings for row=282 product_id=91053 warnings=['plausibility_out_of_range:kcal:2277.0 not in [0.0, 900.0]', 'energy_mismatch:kJ=545.0 inconsistent_with_kcal=2277.0']
2026-02-13 09:37:58 | WARNING | Validation warnings for row=283 product_id=91059 warnings=['plausibility_out_of_range:kcal:2272.0 not in [0.0, 900.0]', 'energy_mismatch:kJ=544.0 inconsistent_with_kcal=2272.0']
2026-02-13 09:37:58 | WARNING | Skipping row 285: missing required field(s): nutrition_raw_text
2026-02-13 09:37:58 | WARNING | Skipping row 286: missing required field(s): nutrition_raw_text
2026-02-13 09:37:58 | WARNING | Validation warnings for row=288 product_id=93795 warnings=['plausibility_out_of_range:salt_g:100.0 not in [0.0, 15.0]']
2026-02-13 09:37:58 | WARNING | Validation warnings for row=289 product_id=94260 warnings=['plausibility_out_of_range:kcal:2102.0 not in [0.0, 900.0]', 'energy_mismatch:kJ=502.0 inconsistent_with_kcal=2102.0']
2026-02-13 09:37:58 | WARNING | Validation warnings for row=290 product_id=95523 warnings=['plausibility_out_of_range:salt_g:100.0 not in [0.0, 15.0]']
2026-02-13 09:37:58 | WARNING | Validation warnings for row=292 product_id=98114 warnings=['plausibility_out_of_range:salt_g:100.0 not in [0.0, 15.0]']
2026-02-13 09:37:58 | WARNING | Validation warnings for row=293 product_id=98118 warnings=['plausibility_out_of_range:salt_g:100.0 not in [0.0, 15.0]']
2026-02-13 09:37:58 | WARNING | Validation warnings for row=294 product_id=98119 warnings=['plausibility_out_of_range:salt_g:100.0 not in [0.0, 15.0]']
2026-02-13 09:37:58 | WARNING | Normalization warnings for row=299 product_id=98373 warnings=['unparseable_numeric_fragment:0,']
2026-02-13 09:37:58 | WARNING | Validation warnings for row=299 product_id=98373 warnings=['plausibility_out_of_range:kcal:2240.0 not in [0.0, 900.0]', 'energy_mismatch:kJ=537.0 inconsistent_with_kcal=2240.0']
2026-02-13 09:37:58 | WARNING | Validation warnings for row=301 product_id=98813 warnings=['plausibility_out_of_range:kcal:2377.0 not in [0.0, 900.0]', 'energy_mismatch:kJ=570.0 inconsistent_with_kcal=2377.0']
2026-02-13 09:37:58 | WARNING | Validation warnings for row=304 product_id=98826 warnings=['plausibility_out_of_range:kcal:2103.0 not in [0.0, 900.0]', 'energy_mismatch:kJ=502.0 inconsistent_with_kcal=2103.0']
2026-02-13 09:37:58 | WARNING | Validation warnings for row=305 product_id=98829 warnings=['plausibility_out_of_range:kcal:2103.0 not in [0.0, 900.0]', 'energy_mismatch:kJ=502.0 inconsistent_with_kcal=2103.0']
2026-02-13 09:37:58 | WARNING | Normalization warnings for row=307 product_id=98848 warnings=['unparseable_numeric_fragment:7,', 'unparseable_numeric_fragment:0,']
2026-02-13 09:37:58 | WARNING | Parser warnings for row=307 product_id=98848 warnings=['unreadable_field:kJ']
2026-02-13 09:37:58 | WARNING | Normalization warnings for row=308 product_id=98850 warnings=['unparseable_numeric_fragment:7,', 'unparseable_numeric_fragment:0,']
2026-02-13 09:37:58 | WARNING | Parser warnings for row=308 product_id=98850 warnings=['unreadable_field:kJ']
2026-02-13 09:37:58 | WARNING | Validation warnings for row=309 product_id=98947 warnings=['plausibility_out_of_range:kcal:2341.0 not in [0.0, 900.0]', 'energy_mismatch:kJ=561.0 inconsistent_with_kcal=2341.0']
2026-02-13 09:37:58 | WARNING | Validation warnings for row=310 product_id=100362 warnings=['plausibility_out_of_range:kcal:2030.0 not in [0.0, 900.0]', 'energy_mismatch:kJ=486.0 inconsistent_with_kcal=2030.0']
2026-02-13 09:37:58 | WARNING | Validation warnings for row=311 product_id=100365 warnings=['plausibility_out_of_range:kcal:2272.0 not in [0.0, 900.0]', 'energy_mismatch:kJ=544.0 inconsistent_with_kcal=2272.0']
2026-02-13 09:37:58 | WARNING | Validation warnings for row=312 product_id=100366 warnings=['plausibility_out_of_range:kcal:2272.0 not in [0.0, 900.0]', 'energy_mismatch:kJ=544.0 inconsistent_with_kcal=2272.0']
2026-02-13 09:37:58 | WARNING | Validation warnings for row=313 product_id=100371 warnings=['plausibility_out_of_range:kcal:2245.0 not in [0.0, 900.0]', 'energy_mismatch:kJ=538.0 inconsistent_with_kcal=2245.0']
2026-02-13 09:37:58 | WARNING | Validation warnings for row=314 product_id=100374 warnings=['plausibility_out_of_range:kcal:2437.0 not in [0.0, 900.0]', 'energy_mismatch:kJ=585.0 inconsistent_with_kcal=2437.0']
2026-02-13 09:37:58 | WARNING | Validation warnings for row=315 product_id=100381 warnings=['plausibility_out_of_range:kcal:2415.0 not in [0.0, 900.0]', 'energy_mismatch:kJ=579.0 inconsistent_with_kcal=2415.0']
2026-02-13 09:37:58 | WARNING | Validation warnings for row=316 product_id=100389 warnings=['plausibility_out_of_range:kcal:2241.0 not in [0.0, 900.0]', 'energy_mismatch:kJ=537.0 inconsistent_with_kcal=2241.0']
2026-02-13 09:37:58 | WARNING | Validation warnings for row=317 product_id=100390 warnings=['plausibility_out_of_range:kcal:2233.0 not in [0.0, 900.0]', 'energy_mismatch:kJ=535.0 inconsistent_with_kcal=2233.0']
2026-02-13 09:37:58 | WARNING | Validation warnings for row=318 product_id=100391 warnings=['plausibility_out_of_range:kcal:2240.0 not in [0.0, 900.0]', 'energy_mismatch:kJ=537.0 inconsistent_with_kcal=2240.0']
2026-02-13 09:37:58 | WARNING | Validation warnings for row=319 product_id=100392 warnings=['plausibility_out_of_range:kcal:2293.0 not in [0.0, 900.0]', 'energy_mismatch:kJ=550.0 inconsistent_with_kcal=2293.0']
2026-02-13 09:37:58 | WARNING | Validation warnings for row=320 product_id=100396 warnings=['energy_mismatch:kJ=617.0 inconsistent_with_kcal=2.564']
2026-02-13 09:37:58 | WARNING | Validation warnings for row=321 product_id=100400 warnings=['plausibility_out_of_range:kcal:2631.0 not in [0.0, 900.0]', 'energy_mismatch:kJ=634.0 inconsistent_with_kcal=2631.0']
2026-02-13 09:37:58 | WARNING | Validation warnings for row=322 product_id=100402 warnings=['plausibility_out_of_range:kcal:2502.0 not in [0.0, 900.0]', 'energy_mismatch:kJ=601.0 inconsistent_with_kcal=2502.0']
2026-02-13 09:37:58 | WARNING | Validation warnings for row=323 product_id=100403 warnings=['plausibility_out_of_range:kcal:2217.0 not in [0.0, 900.0]', 'energy_mismatch:kJ=531.0 inconsistent_with_kcal=2217.0']
2026-02-13 09:37:58 | WARNING | Validation warnings for row=324 product_id=100404 warnings=['plausibility_out_of_range:kcal:2484.0 not in [0.0, 900.0]', 'energy_mismatch:kJ=597.0 inconsistent_with_kcal=2484.0']
2026-02-13 09:37:58 | WARNING | Validation warnings for row=325 product_id=100405 warnings=['plausibility_out_of_range:kcal:2482.0 not in [0.0, 900.0]', 'energy_mismatch:kJ=596.0 inconsistent_with_kcal=2482.0']
2026-02-13 09:37:58 | WARNING | Validation warnings for row=326 product_id=100412 warnings=['plausibility_out_of_range:kcal:2272.0 not in [0.0, 900.0]', 'energy_mismatch:kJ=544.0 inconsistent_with_kcal=2272.0']
2026-02-13 09:37:58 | WARNING | Validation warnings for row=327 product_id=100413 warnings=['plausibility_out_of_range:kcal:2272.0 not in [0.0, 900.0]', 'energy_mismatch:kJ=544.0 inconsistent_with_kcal=2272.0']
2026-02-13 09:37:58 | WARNING | Validation warnings for row=328 product_id=100414 warnings=['plausibility_out_of_range:kcal:2246.0 not in [0.0, 900.0]', 'energy_mismatch:kJ=538.0 inconsistent_with_kcal=2246.0']
2026-02-13 09:37:58 | WARNING | Validation warnings for row=329 product_id=100415 warnings=['plausibility_out_of_range:kcal:2464.0 not in [0.0, 900.0]', 'energy_mismatch:kJ=592.0 inconsistent_with_kcal=2464.0']
2026-02-13 09:37:58 | WARNING | Validation warnings for row=330 product_id=100417 warnings=['plausibility_out_of_range:kcal:2233.0 not in [0.0, 900.0]', 'energy_mismatch:kJ=535.0 inconsistent_with_kcal=2233.0']
2026-02-13 09:37:58 | WARNING | Validation warnings for row=331 product_id=100429 warnings=['plausibility_out_of_range:kcal:2365.0 not in [0.0, 900.0]', 'energy_mismatch:kJ=567.0 inconsistent_with_kcal=2365.0']
2026-02-13 09:37:58 | WARNING | Validation warnings for row=332 product_id=100434 warnings=['plausibility_out_of_range:kcal:2334.0 not in [0.0, 900.0]', 'energy_mismatch:kJ=559.0 inconsistent_with_kcal=2334.0']
2026-02-13 09:37:58 | WARNING | Validation warnings for row=333 product_id=100435 warnings=['plausibility_out_of_range:kcal:2272.0 not in [0.0, 900.0]', 'energy_mismatch:kJ=544.0 inconsistent_with_kcal=2272.0']
2026-02-13 09:37:58 | WARNING | Validation warnings for row=334 product_id=100440 warnings=['plausibility_out_of_range:kcal:2453.0 not in [0.0, 900.0]', 'energy_mismatch:kJ=589.0 inconsistent_with_kcal=2453.0']
2026-02-13 09:37:58 | WARNING | Validation warnings for row=335 product_id=100443 warnings=['plausibility_out_of_range:kcal:2228.0 not in [0.0, 900.0]', 'energy_mismatch:kJ=534.0 inconsistent_with_kcal=2228.0']
2026-02-13 09:37:58 | WARNING | Validation warnings for row=336 product_id=100445 warnings=['plausibility_out_of_range:kcal:2377.0 not in [0.0, 900.0]', 'energy_mismatch:kJ=570.0 inconsistent_with_kcal=2377.0']
2026-02-13 09:37:58 | WARNING | Validation warnings for row=337 product_id=100446 warnings=['plausibility_out_of_range:kcal:2272.0 not in [0.0, 900.0]', 'energy_mismatch:kJ=544.0 inconsistent_with_kcal=2272.0']
2026-02-13 09:37:58 | WARNING | Validation warnings for row=338 product_id=100447 warnings=['plausibility_out_of_range:kcal:2340.0 not in [0.0, 900.0]', 'energy_mismatch:kJ=561.0 inconsistent_with_kcal=2340.0']
2026-02-13 09:37:58 | WARNING | Validation warnings for row=339 product_id=100450 warnings=['plausibility_out_of_range:kcal:2609.0 not in [0.0, 900.0]', 'energy_mismatch:kJ=628.0 inconsistent_with_kcal=2609.0']
2026-02-13 09:37:58 | WARNING | Normalization warnings for row=341 product_id=101318 warnings=['unparseable_numeric_fragment:0,']
2026-02-13 09:37:58 | WARNING | Validation warnings for row=341 product_id=101318 warnings=['plausibility_out_of_range:kcal:2590.0 not in [0.0, 900.0]', 'energy_mismatch:kJ=624.0 inconsistent_with_kcal=2590.0']
2026-02-13 09:37:58 | WARNING | Validation warnings for row=342 product_id=101374 warnings=['plausibility_out_of_range:kcal:2344.0 not in [0.0, 900.0]', 'energy_mismatch:kJ=562.0 inconsistent_with_kcal=2344.0']
2026-02-13 09:37:58 | WARNING | Validation warnings for row=343 product_id=101377 warnings=['plausibility_out_of_range:kcal:2639.0 not in [0.0, 900.0]', 'energy_mismatch:kJ=636.0 inconsistent_with_kcal=2639.0']
2026-02-13 09:37:58 | WARNING | Validation warnings for row=345 product_id=101383 warnings=['plausibility_out_of_range:kcal:2434.0 not in [0.0, 900.0]', 'energy_mismatch:kJ=584.0 inconsistent_with_kcal=2434.0']
2026-02-13 09:37:58 | WARNING | Validation warnings for row=349 product_id=101392 warnings=['plausibility_out_of_range:kcal:2651.0 not in [0.0, 900.0]', 'energy_mismatch:kJ=639.0 inconsistent_with_kcal=2651.0']
2026-02-13 09:37:58 | WARNING | Validation warnings for row=350 product_id=101393 warnings=['plausibility_out_of_range:kcal:2357.0 not in [0.0, 900.0]', 'energy_mismatch:kJ=565.0 inconsistent_with_kcal=2357.0']
2026-02-13 09:37:58 | WARNING | Normalization warnings for row=362 product_id=102760 warnings=['unparseable_numeric_fragment:0,']
2026-02-13 09:37:58 | WARNING | Validation warnings for row=362 product_id=102760 warnings=['plausibility_out_of_range:kcal:2588.0 not in [0.0, 900.0]', 'energy_mismatch:kJ=623.0 inconsistent_with_kcal=2588.0']
2026-02-13 09:37:58 | WARNING | Normalization warnings for row=363 product_id=103905 warnings=['unparseable_numeric_fragment:5,', 'unparseable_numeric_fragment:0,']
2026-02-13 09:37:58 | WARNING | Validation warnings for row=363 product_id=103905 warnings=['plausibility_out_of_range:kcal:2377.0 not in [0.0, 900.0]', 'energy_mismatch:kJ=570.0 inconsistent_with_kcal=2377.0']
2026-02-13 09:37:58 | WARNING | Normalization warnings for row=364 product_id=103906 warnings=['unparseable_numeric_fragment:4,', 'unparseable_numeric_fragment:0,']
2026-02-13 09:37:58 | WARNING | Validation warnings for row=364 product_id=103906 warnings=['plausibility_out_of_range:kcal:2284.0 not in [0.0, 900.0]', 'energy_mismatch:kJ=547.0 inconsistent_with_kcal=2284.0']
2026-02-13 09:37:58 | WARNING | Normalization warnings for row=365 product_id=103914 warnings=['unparseable_numeric_fragment:0,']
2026-02-13 09:37:58 | WARNING | Validation warnings for row=365 product_id=103914 warnings=['plausibility_out_of_range:kcal:2549.0 not in [0.0, 900.0]', 'energy_mismatch:kJ=610.0 inconsistent_with_kcal=2549.0']
2026-02-13 09:37:58 | WARNING | Normalization warnings for row=366 product_id=103918 warnings=['unparseable_numeric_fragment:0,']
2026-02-13 09:37:58 | WARNING | Validation warnings for row=366 product_id=103918 warnings=['plausibility_out_of_range:kcal:2508.0 not in [0.0, 900.0]', 'energy_mismatch:kJ=600.0 inconsistent_with_kcal=2508.0']
2026-02-13 09:37:58 | WARNING | Normalization warnings for row=367 product_id=103925 warnings=['unparseable_numeric_fragment:5,', 'unparseable_numeric_fragment:0,']
2026-02-13 09:37:58 | WARNING | Validation warnings for row=367 product_id=103925 warnings=['plausibility_out_of_range:kcal:2238.0 not in [0.0, 900.0]', 'energy_mismatch:kJ=537.0 inconsistent_with_kcal=2238.0']
2026-02-13 09:37:58 | WARNING | Normalization warnings for row=368 product_id=103933 warnings=['unparseable_numeric_fragment:9,', 'unparseable_numeric_fragment:0,']
2026-02-13 09:37:58 | WARNING | Validation warnings for row=368 product_id=103933 warnings=['plausibility_out_of_range:kcal:2350.0 not in [0.0, 900.0]', 'energy_mismatch:kJ=566.0 inconsistent_with_kcal=2350.0']
2026-02-13 09:37:58 | WARNING | Normalization warnings for row=369 product_id=103935 warnings=['unparseable_numeric_fragment:6,', 'unparseable_numeric_fragment:0,']
2026-02-13 09:37:58 | WARNING | Validation warnings for row=369 product_id=103935 warnings=['plausibility_out_of_range:kcal:2207.0 not in [0.0, 900.0]', 'energy_mismatch:kJ=530.0 inconsistent_with_kcal=2207.0']
2026-02-13 09:37:58 | WARNING | Normalization warnings for row=370 product_id=103937 warnings=['unparseable_numeric_fragment:7,', 'unparseable_numeric_fragment:0,']
2026-02-13 09:37:58 | WARNING | Validation warnings for row=370 product_id=103937 warnings=['plausibility_out_of_range:kcal:2230.0 not in [0.0, 900.0]', 'energy_mismatch:kJ=537.0 inconsistent_with_kcal=2230.0']
2026-02-13 09:37:58 | WARNING | Normalization warnings for row=388 product_id=107813 warnings=['unparseable_numeric_fragment:9,', 'unparseable_numeric_fragment:0,']
2026-02-13 09:37:58 | WARNING | Validation warnings for row=389 product_id=107815 warnings=['plausibility_out_of_range:salt_g:100.0 not in [0.0, 15.0]']
2026-02-13 09:37:58 | WARNING | Normalization warnings for row=390 product_id=107816 warnings=['unparseable_numeric_fragment:7,', 'unparseable_numeric_fragment:0,']
2026-02-13 09:37:58 | WARNING | Normalization warnings for row=391 product_id=107817 warnings=['unparseable_numeric_fragment:6,', 'unparseable_numeric_fragment:1,']
2026-02-13 09:37:58 | WARNING | Normalization warnings for row=393 product_id=107820 warnings=['unparseable_numeric_fragment:6,', 'unparseable_numeric_fragment:0,']
2026-02-13 09:37:58 | WARNING | Normalization warnings for row=394 product_id=107822 warnings=['unparseable_numeric_fragment:6,', 'unparseable_numeric_fragment:0,']
2026-02-13 09:37:58 | WARNING | Normalization warnings for row=396 product_id=107831 warnings=['unparseable_numeric_fragment:7,', 'unparseable_numeric_fragment:0,']
2026-02-13 09:37:58 | WARNING | Validation warnings for row=396 product_id=107831 warnings=['plausibility_out_of_range:kcal:2195.0 not in [0.0, 900.0]', 'energy_mismatch:kJ=526.0 inconsistent_with_kcal=2195.0']
2026-02-13 09:37:58 | WARNING | Validation warnings for row=398 product_id=107836 warnings=['plausibility_out_of_range:salt_g:100.0 not in [0.0, 15.0]']
2026-02-13 09:37:58 | WARNING | Validation warnings for row=399 product_id=107838 warnings=['plausibility_out_of_range:salt_g:100.0 not in [0.0, 15.0]']
2026-02-13 09:37:58 | WARNING | Normalization warnings for row=402 product_id=107848 warnings=['unparseable_numeric_fragment:4,', 'unparseable_numeric_fragment:0,']
2026-02-13 09:37:58 | WARNING | Validation warnings for row=403 product_id=107849 warnings=['plausibility_out_of_range:salt_g:100.0 not in [0.0, 15.0]']
2026-02-13 09:37:58 | WARNING | Validation warnings for row=404 product_id=107850 warnings=['plausibility_out_of_range:salt_g:100.0 not in [0.0, 15.0]']
2026-02-13 09:37:58 | WARNING | Validation warnings for row=405 product_id=107851 warnings=['plausibility_out_of_range:salt_g:100.0 not in [0.0, 15.0]']
2026-02-13 09:37:58 | WARNING | Normalization warnings for row=406 product_id=107852 warnings=['unparseable_numeric_fragment:7,', 'unparseable_numeric_fragment:0,']
2026-02-13 09:37:58 | WARNING | Normalization warnings for row=407 product_id=107853 warnings=['unparseable_numeric_fragment:7,', 'unparseable_numeric_fragment:0,']
2026-02-13 09:37:58 | WARNING | Normalization warnings for row=408 product_id=107854 warnings=['unparseable_numeric_fragment:7,', 'unparseable_numeric_fragment:0,']
2026-02-13 09:37:58 | WARNING | Validation warnings for row=409 product_id=107855 warnings=['plausibility_out_of_range:salt_g:100.0 not in [0.0, 15.0]']
2026-02-13 09:37:58 | WARNING | Normalization warnings for row=410 product_id=107856 warnings=['unparseable_numeric_fragment:3,', 'unparseable_numeric_fragment:0,']
2026-02-13 09:37:58 | WARNING | Validation warnings for row=411 product_id=107860 warnings=['plausibility_out_of_range:salt_g:100.0 not in [0.0, 15.0]']
2026-02-13 09:37:58 | WARNING | Normalization warnings for row=412 product_id=107862 warnings=['unparseable_numeric_fragment:0,']
2026-02-13 09:37:58 | WARNING | Normalization warnings for row=413 product_id=107863 warnings=['unparseable_numeric_fragment:7,', 'unparseable_numeric_fragment:0,']
2026-02-13 09:37:58 | WARNING | Validation warnings for row=414 product_id=107865 warnings=['plausibility_out_of_range:salt_g:100.0 not in [0.0, 15.0]']
2026-02-13 09:37:58 | WARNING | Validation warnings for row=416 product_id=107877 warnings=['plausibility_out_of_range:salt_g:100.0 not in [0.0, 15.0]']
2026-02-13 09:37:58 | WARNING | Normalization warnings for row=417 product_id=107881 warnings=['unparseable_numeric_fragment:7,', 'unparseable_numeric_fragment:0,']
2026-02-13 09:37:58 | WARNING | Validation warnings for row=417 product_id=107881 warnings=['plausibility_out_of_range:kcal:2296.0 not in [0.0, 900.0]', 'energy_mismatch:kJ=551.0 inconsistent_with_kcal=2296.0']
2026-02-13 09:37:58 | WARNING | Validation warnings for row=418 product_id=107882 warnings=['plausibility_out_of_range:salt_g:100.0 not in [0.0, 15.0]']
2026-02-13 09:37:58 | WARNING | Normalization warnings for row=419 product_id=107883 warnings=['unparseable_numeric_fragment:32,', 'unparseable_numeric_fragment:15,', 'unparseable_numeric_fragment:50,', 'unparseable_numeric_fragment:7,', 'unparseable_numeric_fragment:0,']
2026-02-13 09:37:58 | WARNING | Validation warnings for row=419 product_id=107883 warnings=['plausibility_out_of_range:kcal:2235.0 not in [0.0, 900.0]', 'energy_mismatch:kJ=536.0 inconsistent_with_kcal=2235.0']
2026-02-13 09:37:58 | WARNING | Normalization warnings for row=420 product_id=107886 warnings=['unparseable_numeric_fragment:9,', 'unparseable_numeric_fragment:0,']
2026-02-13 09:37:58 | WARNING | Normalization warnings for row=421 product_id=107887 warnings=['unparseable_numeric_fragment:0,']
2026-02-13 09:37:58 | WARNING | Validation warnings for row=423 product_id=107891 warnings=['plausibility_out_of_range:salt_g:100.0 not in [0.0, 15.0]']
2026-02-13 09:37:58 | WARNING | Validation warnings for row=424 product_id=107894 warnings=['plausibility_out_of_range:salt_g:100.0 not in [0.0, 15.0]']
2026-02-13 09:37:58 | WARNING | Validation warnings for row=425 product_id=107895 warnings=['plausibility_out_of_range:salt_g:100.0 not in [0.0, 15.0]']
2026-02-13 09:37:58 | WARNING | Validation warnings for row=426 product_id=107896 warnings=['plausibility_out_of_range:salt_g:100.0 not in [0.0, 15.0]']
2026-02-13 09:37:58 | WARNING | Validation warnings for row=427 product_id=107897 warnings=['plausibility_out_of_range:salt_g:100.0 not in [0.0, 15.0]']
2026-02-13 09:37:58 | WARNING | Validation warnings for row=428 product_id=107898 warnings=['plausibility_out_of_range:salt_g:100.0 not in [0.0, 15.0]']
2026-02-13 09:37:58 | WARNING | Validation warnings for row=429 product_id=107899 warnings=['plausibility_out_of_range:salt_g:100.0 not in [0.0, 15.0]']
2026-02-13 09:37:58 | WARNING | Normalization warnings for row=430 product_id=107900 warnings=['unparseable_numeric_fragment:5,', 'unparseable_numeric_fragment:0,']
2026-02-13 09:37:58 | WARNING | Validation warnings for row=431 product_id=107901 warnings=['plausibility_out_of_range:salt_g:100.0 not in [0.0, 15.0]']
2026-02-13 09:37:58 | WARNING | Validation warnings for row=432 product_id=107902 warnings=['plausibility_out_of_range:salt_g:100.0 not in [0.0, 15.0]']
2026-02-13 09:37:58 | WARNING | Validation warnings for row=433 product_id=107903 warnings=['plausibility_out_of_range:salt_g:100.0 not in [0.0, 15.0]']
2026-02-13 09:37:58 | WARNING | Validation warnings for row=434 product_id=107904 warnings=['plausibility_out_of_range:salt_g:100.0 not in [0.0, 15.0]']
2026-02-13 09:37:58 | WARNING | Normalization warnings for row=435 product_id=107905 warnings=['unparseable_numeric_fragment:6,', 'unparseable_numeric_fragment:0,']
2026-02-13 09:37:58 | WARNING | Validation warnings for row=435 product_id=107905 warnings=['plausibility_out_of_range:kcal:2276.0 not in [0.0, 900.0]', 'energy_mismatch:kJ=545.0 inconsistent_with_kcal=2276.0']
2026-02-13 09:37:58 | WARNING | Normalization warnings for row=436 product_id=107906 warnings=['unparseable_numeric_fragment:9,', 'unparseable_numeric_fragment:0,']
2026-02-13 09:37:58 | WARNING | Validation warnings for row=436 product_id=107906 warnings=['plausibility_out_of_range:kcal:2404.0 not in [0.0, 900.0]', 'energy_mismatch:kJ=577.0 inconsistent_with_kcal=2404.0']
2026-02-13 09:37:58 | WARNING | Normalization warnings for row=437 product_id=107907 warnings=['unparseable_numeric_fragment:6,', 'unparseable_numeric_fragment:0,']
2026-02-13 09:37:58 | WARNING | Validation warnings for row=437 product_id=107907 warnings=['plausibility_out_of_range:kcal:2032.0 not in [0.0, 900.0]', 'energy_mismatch:kJ=486.0 inconsistent_with_kcal=2032.0']
2026-02-13 09:37:58 | WARNING | Normalization warnings for row=438 product_id=107908 warnings=['unparseable_numeric_fragment:7,', 'unparseable_numeric_fragment:0,']
2026-02-13 09:37:58 | WARNING | Validation warnings for row=438 product_id=107908 warnings=['plausibility_out_of_range:kcal:2270.0 not in [0.0, 900.0]', 'energy_mismatch:kJ=544.0 inconsistent_with_kcal=2270.0']
2026-02-13 09:37:58 | WARNING | Normalization warnings for row=440 product_id=107910 warnings=['unparseable_numeric_fragment:4,', 'unparseable_numeric_fragment:0,']
2026-02-13 09:37:58 | WARNING | Normalization warnings for row=441 product_id=107911 warnings=['unparseable_numeric_fragment:4,', 'unparseable_numeric_fragment:0,']
2026-02-13 09:37:58 | WARNING | Normalization warnings for row=442 product_id=107914 warnings=['unparseable_numeric_fragment:6,', 'unparseable_numeric_fragment:0,']
2026-02-13 09:37:58 | WARNING | Normalization warnings for row=443 product_id=107915 warnings=['unparseable_numeric_fragment:0,']
2026-02-13 09:37:58 | WARNING | Normalization warnings for row=444 product_id=107916 warnings=['unparseable_numeric_fragment:5,', 'unparseable_numeric_fragment:0,']
2026-02-13 09:37:58 | WARNING | Normalization warnings for row=446 product_id=107922 warnings=['unparseable_numeric_fragment:0,']
2026-02-13 09:37:58 | WARNING | Normalization warnings for row=449 product_id=107929 warnings=['unparseable_numeric_fragment:5,', 'unparseable_numeric_fragment:0,']
2026-02-13 09:37:58 | WARNING | Normalization warnings for row=450 product_id=107930 warnings=['unparseable_numeric_fragment:4,', 'unparseable_numeric_fragment:0,']
2026-02-13 09:37:58 | WARNING | Normalization warnings for row=451 product_id=107931 warnings=['unparseable_numeric_fragment:7,', 'unparseable_numeric_fragment:0,']
2026-02-13 09:37:58 | WARNING | Validation warnings for row=451 product_id=107931 warnings=['plausibility_out_of_range:kcal:2195.0 not in [0.0, 900.0]', 'energy_mismatch:kJ=526.0 inconsistent_with_kcal=2195.0']
2026-02-13 09:37:58 | WARNING | Normalization warnings for row=452 product_id=107932 warnings=['unparseable_numeric_fragment:7,', 'unparseable_numeric_fragment:0,']
2026-02-13 09:37:58 | WARNING | Validation warnings for row=452 product_id=107932 warnings=['plausibility_out_of_range:kcal:2248.0 not in [0.0, 900.0]', 'energy_mismatch:kJ=539.0 inconsistent_with_kcal=2248.0']
2026-02-13 09:37:58 | WARNING | Normalization warnings for row=453 product_id=107933 warnings=['unparseable_numeric_fragment:6,', 'unparseable_numeric_fragment:0,']
2026-02-13 09:37:58 | WARNING | Normalization warnings for row=454 product_id=107934 warnings=['unparseable_numeric_fragment:3,', 'unparseable_numeric_fragment:0,']
2026-02-13 09:37:58 | WARNING | Normalization warnings for row=455 product_id=107935 warnings=['unparseable_numeric_fragment:4,', 'unparseable_numeric_fragment:0,']
2026-02-13 09:37:58 | WARNING | Validation warnings for row=455 product_id=107935 warnings=['plausibility_out_of_range:kcal:2652.0 not in [0.0, 900.0]', 'energy_mismatch:kJ=640.0 inconsistent_with_kcal=2652.0']
2026-02-13 09:37:58 | WARNING | Validation warnings for row=456 product_id=113567 warnings=['plausibility_out_of_range:kcal:2248.0 not in [0.0, 900.0]', 'energy_mismatch:kJ=539.0 inconsistent_with_kcal=2248.0']
2026-02-13 09:37:58 | WARNING | Validation warnings for row=457 product_id=113569 warnings=['plausibility_out_of_range:kcal:2626.0 not in [0.0, 900.0]', 'energy_mismatch:kJ=633.0 inconsistent_with_kcal=2626.0']
2026-02-13 09:37:58 | WARNING | Validation warnings for row=458 product_id=113571 warnings=['plausibility_out_of_range:salt_g:100.0 not in [0.0, 15.0]']
2026-02-13 09:37:58 | WARNING | Normalization warnings for row=460 product_id=113575 warnings=['unparseable_numeric_fragment:4,', 'unparseable_numeric_fragment:0,']
2026-02-13 09:37:58 | WARNING | Validation warnings for row=461 product_id=113577 warnings=['plausibility_out_of_range:salt_g:100.0 not in [0.0, 15.0]']
2026-02-13 09:37:58 | WARNING | Normalization warnings for row=463 product_id=113579 warnings=['unparseable_numeric_fragment:6,', 'unparseable_numeric_fragment:0,']
2026-02-13 09:37:58 | WARNING | Validation warnings for row=464 product_id=113580 warnings=['plausibility_out_of_range:salt_g:100.0 not in [0.0, 15.0]']
2026-02-13 09:37:58 | WARNING | Validation warnings for row=465 product_id=113581 warnings=['plausibility_out_of_range:salt_g:100.0 not in [0.0, 15.0]']
2026-02-13 09:37:58 | WARNING | Normalization warnings for row=469 product_id=113841 warnings=['unparseable_numeric_fragment:6,', 'unparseable_numeric_fragment:0,']
2026-02-13 09:37:58 | WARNING | Normalization warnings for row=470 product_id=113851 warnings=['unparseable_numeric_fragment:6,', 'unparseable_numeric_fragment:0,']
2026-02-13 09:37:58 | WARNING | Normalization warnings for row=476 product_id=113872 warnings=['unparseable_numeric_fragment:5,', 'unparseable_numeric_fragment:0,']
2026-02-13 09:37:58 | WARNING | Normalization warnings for row=477 product_id=113873 warnings=['unparseable_numeric_fragment:4,', 'unparseable_numeric_fragment:0,']
2026-02-13 09:37:58 | WARNING | Normalization warnings for row=478 product_id=113874 warnings=['unparseable_numeric_fragment:7,', 'unparseable_numeric_fragment:0,']
2026-02-13 09:37:58 | WARNING | Normalization warnings for row=479 product_id=113875 warnings=['unparseable_numeric_fragment:7,', 'unparseable_numeric_fragment:0,']
2026-02-13 09:37:58 | WARNING | Normalization warnings for row=481 product_id=113878 warnings=['unparseable_numeric_fragment:6,', 'unparseable_numeric_fragment:0,']
2026-02-13 09:37:58 | WARNING | Normalization warnings for row=482 product_id=113888 warnings=['unparseable_numeric_fragment:0,']
2026-02-13 09:37:58 | WARNING | Normalization warnings for row=483 product_id=113899 warnings=['unparseable_numeric_fragment:8,', 'unparseable_numeric_fragment:0,']
2026-02-13 09:37:58 | WARNING | Normalization warnings for row=484 product_id=113902 warnings=['unparseable_numeric_fragment:7,', 'unparseable_numeric_fragment:0,']
2026-02-13 09:37:58 | WARNING | Normalization warnings for row=485 product_id=113904 warnings=['unparseable_numeric_fragment:6,', 'unparseable_numeric_fragment:0,']
2026-02-13 09:37:58 | WARNING | Normalization warnings for row=486 product_id=113905 warnings=['unparseable_numeric_fragment:5,', 'unparseable_numeric_fragment:0,']
2026-02-13 09:37:58 | WARNING | Normalization warnings for row=487 product_id=113918 warnings=['unparseable_numeric_fragment:6,', 'unparseable_numeric_fragment:0,']
2026-02-13 09:37:58 | WARNING | Normalization warnings for row=488 product_id=113922 warnings=['unparseable_numeric_fragment:6,', 'unparseable_numeric_fragment:0,']
2026-02-13 09:37:58 | WARNING | Validation warnings for row=489 product_id=118382 warnings=['plausibility_out_of_range:kcal:2215.0 not in [0.0, 900.0]', 'energy_mismatch:kJ=530.0 inconsistent_with_kcal=2215.0']
2026-02-13 09:37:58 | WARNING | Normalization warnings for row=497 product_id=119726 warnings=['unparseable_numeric_fragment:0,']
2026-02-13 09:37:58 | WARNING | Normalization warnings for row=507 product_id=121207 warnings=['unparseable_numeric_fragment:6,', 'unparseable_numeric_fragment:0,']
2026-02-13 09:37:58 | WARNING | Validation warnings for row=507 product_id=121207 warnings=['plausibility_out_of_range:kcal:2383.0 not in [0.0, 900.0]', 'energy_mismatch:kJ=572.0 inconsistent_with_kcal=2383.0']
2026-02-13 09:37:58 | WARNING | Normalization warnings for row=508 product_id=121208 warnings=['unparseable_numeric_fragment:6,', 'unparseable_numeric_fragment:0,']
2026-02-13 09:37:58 | WARNING | Validation warnings for row=508 product_id=121208 warnings=['plausibility_out_of_range:kcal:2429.0 not in [0.0, 900.0]', 'energy_mismatch:kJ=585.0 inconsistent_with_kcal=2429.0']
2026-02-13 09:37:58 | WARNING | Normalization warnings for row=509 product_id=121209 warnings=['unparseable_numeric_fragment:5,', 'unparseable_numeric_fragment:0,']
2026-02-13 09:37:58 | WARNING | Validation warnings for row=509 product_id=121209 warnings=['plausibility_out_of_range:kcal:2356.0 not in [0.0, 900.0]', 'energy_mismatch:kJ=565.0 inconsistent_with_kcal=2356.0']
2026-02-13 09:37:58 | WARNING | Normalization warnings for row=510 product_id=122232 warnings=['unparseable_numeric_fragment:0.']
2026-02-13 09:37:58 | WARNING | Validation warnings for row=510 product_id=122232 warnings=['plausibility_out_of_range:salt_g:100.0 not in [0.0, 15.0]', 'energy_mismatch:kJ=1646.0 inconsistent_with_kcal=643.0']
2026-02-13 09:37:58 | WARNING | Normalization warnings for row=511 product_id=122234 warnings=['unparseable_numeric_fragment:0.']
2026-02-13 09:37:58 | WARNING | Validation warnings for row=511 product_id=122234 warnings=['plausibility_out_of_range:salt_g:100.0 not in [0.0, 15.0]']
2026-02-13 09:37:58 | WARNING | Normalization warnings for row=512 product_id=122235 warnings=['unparseable_numeric_fragment:0.']
2026-02-13 09:37:58 | WARNING | Validation warnings for row=512 product_id=122235 warnings=['plausibility_out_of_range:salt_g:100.0 not in [0.0, 15.0]']
2026-02-13 09:37:58 | WARNING | Validation warnings for row=513 product_id=123025 warnings=['plausibility_out_of_range:salt_g:100.0 not in [0.0, 15.0]']
2026-02-13 09:37:58 | WARNING | Normalization warnings for row=514 product_id=124092 warnings=['unparseable_numeric_fragment:5,', 'unparseable_numeric_fragment:0,']
2026-02-13 09:37:58 | WARNING | Validation warnings for row=514 product_id=124092 warnings=['plausibility_out_of_range:kcal:2545.0 not in [0.0, 900.0]', 'energy_mismatch:kJ=612.0 inconsistent_with_kcal=2545.0']
2026-02-13 09:37:58 | WARNING | Parser warnings for row=516 product_id=124325 warnings=['unreadable_field:kcal']
2026-02-13 09:37:58 | WARNING | Validation warnings for row=518 product_id=124327 warnings=['plausibility_out_of_range:salt_g:100.0 not in [0.0, 15.0]']
2026-02-13 09:37:58 | WARNING | Validation warnings for row=526 product_id=124345 warnings=['plausibility_out_of_range:salt_g:100.0 not in [0.0, 15.0]']
2026-02-13 09:37:58 | WARNING | Normalization warnings for row=528 product_id=124549 warnings=['unparseable_numeric_fragment:7,', 'unparseable_numeric_fragment:0,']
2026-02-13 09:37:58 | WARNING | Validation warnings for row=528 product_id=124549 warnings=['plausibility_out_of_range:kcal:2272.0 not in [0.0, 900.0]', 'energy_mismatch:kJ=544.0 inconsistent_with_kcal=2272.0']
2026-02-13 09:37:58 | WARNING | Normalization warnings for row=529 product_id=124550 warnings=['unparseable_numeric_fragment:0,']
2026-02-13 09:37:58 | WARNING | Validation warnings for row=529 product_id=124550 warnings=['plausibility_out_of_range:kcal:2613.0 not in [0.0, 900.0]', 'energy_mismatch:kJ=629.0 inconsistent_with_kcal=2613.0']
2026-02-13 09:37:58 | WARNING | Normalization warnings for row=530 product_id=124551 warnings=['unparseable_numeric_fragment:6,', 'unparseable_numeric_fragment:0,']
2026-02-13 09:37:58 | WARNING | Validation warnings for row=530 product_id=124551 warnings=['plausibility_out_of_range:kcal:2422.0 not in [0.0, 900.0]', 'energy_mismatch:kJ=581.0 inconsistent_with_kcal=2422.0']
2026-02-13 09:37:58 | WARNING | Normalization warnings for row=531 product_id=124558 warnings=['unparseable_numeric_fragment:5,', 'unparseable_numeric_fragment:0,']
2026-02-13 09:37:58 | WARNING | Validation warnings for row=531 product_id=124558 warnings=['plausibility_out_of_range:kcal:2534.0 not in [0.0, 900.0]', 'energy_mismatch:kJ=610.0 inconsistent_with_kcal=2534.0']
2026-02-13 09:37:58 | WARNING | Normalization warnings for row=532 product_id=124562 warnings=['unparseable_numeric_fragment:6,', 'unparseable_numeric_fragment:0,']
2026-02-13 09:37:58 | WARNING | Validation warnings for row=532 product_id=124562 warnings=['plausibility_out_of_range:kcal:2443.0 not in [0.0, 900.0]', 'energy_mismatch:kJ=587.0 inconsistent_with_kcal=2443.0']
2026-02-13 09:37:58 | WARNING | Normalization warnings for row=533 product_id=124573 warnings=['unparseable_numeric_fragment:7,', 'unparseable_numeric_fragment:0,']
2026-02-13 09:37:58 | WARNING | Validation warnings for row=533 product_id=124573 warnings=['plausibility_out_of_range:kcal:2338.0 not in [0.0, 900.0]', 'energy_mismatch:kJ=560.0 inconsistent_with_kcal=2338.0']
2026-02-13 09:37:58 | WARNING | Normalization warnings for row=534 product_id=124623 warnings=['unparseable_numeric_fragment:4,', 'unparseable_numeric_fragment:0,']
2026-02-13 09:37:58 | WARNING | Validation warnings for row=534 product_id=124623 warnings=['plausibility_out_of_range:kcal:2050.0 not in [0.0, 900.0]', 'energy_mismatch:kJ=492.0 inconsistent_with_kcal=2050.0']
2026-02-13 09:37:58 | WARNING | Normalization warnings for row=535 product_id=124647 warnings=['unparseable_numeric_fragment:7,', 'unparseable_numeric_fragment:0,']
2026-02-13 09:37:58 | WARNING | Validation warnings for row=535 product_id=124647 warnings=['plausibility_out_of_range:kcal:2272.0 not in [0.0, 900.0]', 'energy_mismatch:kJ=544.0 inconsistent_with_kcal=2272.0']
2026-02-13 09:37:58 | WARNING | Normalization warnings for row=536 product_id=124648 warnings=['unparseable_numeric_fragment:4,', 'unparseable_numeric_fragment:0,']
2026-02-13 09:37:58 | WARNING | Validation warnings for row=536 product_id=124648 warnings=['plausibility_out_of_range:kcal:2094.0 not in [0.0, 900.0]', 'energy_mismatch:kJ=503.0 inconsistent_with_kcal=2094.0']
2026-02-13 09:37:58 | WARNING | Normalization warnings for row=537 product_id=124653 warnings=['unparseable_numeric_fragment:3,', 'unparseable_numeric_fragment:0,']
2026-02-13 09:37:58 | WARNING | Validation warnings for row=537 product_id=124653 warnings=['plausibility_out_of_range:kcal:1908.0 not in [0.0, 900.0]', 'energy_mismatch:kJ=457.0 inconsistent_with_kcal=1908.0']
2026-02-13 09:37:58 | WARNING | Normalization warnings for row=538 product_id=124654 warnings=['unparseable_numeric_fragment:0,']
2026-02-13 09:37:58 | WARNING | Validation warnings for row=538 product_id=124654 warnings=['plausibility_out_of_range:kcal:2330.0 not in [0.0, 900.0]', 'energy_mismatch:kJ=559.0 inconsistent_with_kcal=2330.0']
2026-02-13 09:37:58 | WARNING | Normalization warnings for row=539 product_id=124658 warnings=['unparseable_numeric_fragment:7,', 'unparseable_numeric_fragment:0,']
2026-02-13 09:37:58 | WARNING | Validation warnings for row=539 product_id=124658 warnings=['plausibility_out_of_range:kcal:2275.0 not in [0.0, 900.0]', 'energy_mismatch:kJ=545.0 inconsistent_with_kcal=2275.0']
2026-02-13 09:37:58 | WARNING | Normalization warnings for row=540 product_id=124664 warnings=['unparseable_numeric_fragment:6,', 'unparseable_numeric_fragment:0,']
2026-02-13 09:37:58 | WARNING | Validation warnings for row=540 product_id=124664 warnings=['plausibility_out_of_range:kcal:2338.0 not in [0.0, 900.0]', 'energy_mismatch:kJ=560.0 inconsistent_with_kcal=2338.0']
2026-02-13 09:37:58 | WARNING | Normalization warnings for row=541 product_id=124667 warnings=['unparseable_numeric_fragment:3,', 'unparseable_numeric_fragment:0,']
2026-02-13 09:37:58 | WARNING | Validation warnings for row=541 product_id=124667 warnings=['plausibility_out_of_range:kcal:2052.0 not in [0.0, 900.0]', 'energy_mismatch:kJ=491.0 inconsistent_with_kcal=2052.0']
2026-02-13 09:37:58 | WARNING | Normalization warnings for row=542 product_id=124693 warnings=['unparseable_numeric_fragment:4,']
2026-02-13 09:37:58 | WARNING | Validation warnings for row=542 product_id=124693 warnings=['plausibility_out_of_range:kcal:2375.0 not in [0.0, 900.0]', 'energy_mismatch:kJ=570.0 inconsistent_with_kcal=2375.0']
2026-02-13 09:37:58 | WARNING | Normalization warnings for row=543 product_id=124697 warnings=['unparseable_numeric_fragment:4,']
2026-02-13 09:37:58 | WARNING | Validation warnings for row=543 product_id=124697 warnings=['plausibility_out_of_range:kcal:2375.0 not in [0.0, 900.0]', 'energy_mismatch:kJ=570.0 inconsistent_with_kcal=2375.0']
2026-02-13 09:37:58 | WARNING | Normalization warnings for row=544 product_id=124698 warnings=['unparseable_numeric_fragment:4,', 'unparseable_numeric_fragment:0,']
2026-02-13 09:37:58 | WARNING | Validation warnings for row=544 product_id=124698 warnings=['plausibility_out_of_range:kcal:2324.0 not in [0.0, 900.0]', 'energy_mismatch:kJ=558.0 inconsistent_with_kcal=2324.0']
2026-02-13 09:37:58 | WARNING | Normalization warnings for row=545 product_id=124745 warnings=['unparseable_numeric_fragment:6,', 'unparseable_numeric_fragment:0,']
2026-02-13 09:37:58 | WARNING | Validation warnings for row=545 product_id=124745 warnings=['plausibility_out_of_range:kcal:2363.0 not in [0.0, 900.0]', 'energy_mismatch:kJ=567.0 inconsistent_with_kcal=2363.0']
2026-02-13 09:37:58 | WARNING | Normalization warnings for row=546 product_id=124746 warnings=['unparseable_numeric_fragment:5,', 'unparseable_numeric_fragment:0,']
2026-02-13 09:37:58 | WARNING | Validation warnings for row=546 product_id=124746 warnings=['plausibility_out_of_range:kcal:2607.0 not in [0.0, 900.0]', 'energy_mismatch:kJ=628.0 inconsistent_with_kcal=2607.0']
2026-02-13 09:37:58 | WARNING | Normalization warnings for row=547 product_id=124747 warnings=['unparseable_numeric_fragment:7,', 'unparseable_numeric_fragment:0,']
2026-02-13 09:37:58 | WARNING | Validation warnings for row=547 product_id=124747 warnings=['plausibility_out_of_range:kcal:2272.0 not in [0.0, 900.0]', 'energy_mismatch:kJ=544.0 inconsistent_with_kcal=2272.0']
2026-02-13 09:37:58 | WARNING | Normalization warnings for row=548 product_id=124749 warnings=['unparseable_numeric_fragment:7,', 'unparseable_numeric_fragment:0,']
2026-02-13 09:37:58 | WARNING | Validation warnings for row=548 product_id=124749 warnings=['plausibility_out_of_range:kcal:2036.0 not in [0.0, 900.0]', 'energy_mismatch:kJ=487.0 inconsistent_with_kcal=2036.0']
2026-02-13 09:37:58 | WARNING | Normalization warnings for row=549 product_id=124750 warnings=['unparseable_numeric_fragment:6,', 'unparseable_numeric_fragment:0,']
2026-02-13 09:37:58 | WARNING | Validation warnings for row=549 product_id=124750 warnings=['plausibility_out_of_range:kcal:2308.0 not in [0.0, 900.0]', 'energy_mismatch:kJ=554.0 inconsistent_with_kcal=2308.0']
2026-02-13 09:37:58 | WARNING | Normalization warnings for row=550 product_id=124751 warnings=['unparseable_numeric_fragment:4,', 'unparseable_numeric_fragment:0,']
2026-02-13 09:37:58 | WARNING | Validation warnings for row=550 product_id=124751 warnings=['plausibility_out_of_range:kcal:2582.0 not in [0.0, 900.0]', 'energy_mismatch:kJ=622.0 inconsistent_with_kcal=2582.0']
2026-02-13 09:37:58 | WARNING | Normalization warnings for row=551 product_id=124752 warnings=['unparseable_numeric_fragment:8,', 'unparseable_numeric_fragment:0,']
2026-02-13 09:37:58 | WARNING | Validation warnings for row=551 product_id=124752 warnings=['plausibility_out_of_range:kcal:2350.0 not in [0.0, 900.0]', 'energy_mismatch:kJ=563.0 inconsistent_with_kcal=2350.0']
2026-02-13 09:37:58 | WARNING | Normalization warnings for row=552 product_id=124753 warnings=['unparseable_numeric_fragment:0,']
2026-02-13 09:37:58 | WARNING | Validation warnings for row=552 product_id=124753 warnings=['plausibility_out_of_range:kcal:2349.0 not in [0.0, 900.0]', 'energy_mismatch:kJ=563.0 inconsistent_with_kcal=2349.0']
2026-02-13 09:37:58 | WARNING | Normalization warnings for row=553 product_id=124754 warnings=['unparseable_numeric_fragment:6,', 'unparseable_numeric_fragment:0,']
2026-02-13 09:37:58 | WARNING | Validation warnings for row=553 product_id=124754 warnings=['plausibility_out_of_range:kcal:2408.0 not in [0.0, 900.0]', 'energy_mismatch:kJ=578.0 inconsistent_with_kcal=2408.0']
2026-02-13 09:37:58 | WARNING | Normalization warnings for row=554 product_id=124755 warnings=['unparseable_numeric_fragment:7,', 'unparseable_numeric_fragment:0,']
2026-02-13 09:37:58 | WARNING | Validation warnings for row=554 product_id=124755 warnings=['plausibility_out_of_range:kcal:2272.0 not in [0.0, 900.0]', 'energy_mismatch:kJ=544.0 inconsistent_with_kcal=2272.0']
2026-02-13 09:37:58 | WARNING | Normalization warnings for row=555 product_id=124757 warnings=['unparseable_numeric_fragment:4,', 'unparseable_numeric_fragment:0,']
2026-02-13 09:37:58 | WARNING | Validation warnings for row=555 product_id=124757 warnings=['plausibility_out_of_range:kcal:2361.0 not in [0.0, 900.0]', 'energy_mismatch:kJ=567.0 inconsistent_with_kcal=2361.0']
2026-02-13 09:37:58 | WARNING | Normalization warnings for row=556 product_id=124763 warnings=['unparseable_numeric_fragment:6,', 'unparseable_numeric_fragment:0,']
2026-02-13 09:37:58 | WARNING | Validation warnings for row=556 product_id=124763 warnings=['plausibility_out_of_range:kcal:2438.0 not in [0.0, 900.0]', 'energy_mismatch:kJ=585.0 inconsistent_with_kcal=2438.0']
2026-02-13 09:37:58 | WARNING | Normalization warnings for row=557 product_id=124766 warnings=['unparseable_numeric_fragment:7,', 'unparseable_numeric_fragment:0,']
2026-02-13 09:37:58 | WARNING | Validation warnings for row=557 product_id=124766 warnings=['plausibility_out_of_range:kcal:2272.0 not in [0.0, 900.0]', 'energy_mismatch:kJ=544.0 inconsistent_with_kcal=2272.0']
2026-02-13 09:37:58 | WARNING | Normalization warnings for row=558 product_id=124773 warnings=['unparseable_numeric_fragment:6,', 'unparseable_numeric_fragment:0,']
2026-02-13 09:37:58 | WARNING | Validation warnings for row=558 product_id=124773 warnings=['plausibility_out_of_range:kcal:2287.0 not in [0.0, 900.0]', 'energy_mismatch:kJ=548.0 inconsistent_with_kcal=2287.0']
2026-02-13 09:37:58 | WARNING | Normalization warnings for row=559 product_id=124774 warnings=['unparseable_numeric_fragment:6,', 'unparseable_numeric_fragment:0,']
2026-02-13 09:37:58 | WARNING | Validation warnings for row=559 product_id=124774 warnings=['plausibility_out_of_range:kcal:2408.0 not in [0.0, 900.0]', 'energy_mismatch:kJ=578.0 inconsistent_with_kcal=2408.0']
2026-02-13 09:37:58 | WARNING | Normalization warnings for row=560 product_id=124775 warnings=['unparseable_numeric_fragment:7,', 'unparseable_numeric_fragment:0,']
2026-02-13 09:37:58 | WARNING | Validation warnings for row=560 product_id=124775 warnings=['plausibility_out_of_range:kcal:2494.0 not in [0.0, 900.0]', 'energy_mismatch:kJ=599.0 inconsistent_with_kcal=2494.0']
2026-02-13 09:37:58 | WARNING | Normalization warnings for row=561 product_id=124776 warnings=['unparseable_numeric_fragment:3,', 'unparseable_numeric_fragment:0,']
2026-02-13 09:37:58 | WARNING | Validation warnings for row=561 product_id=124776 warnings=['plausibility_out_of_range:kcal:1936.0 not in [0.0, 900.0]', 'energy_mismatch:kJ=464.0 inconsistent_with_kcal=1936.0']
2026-02-13 09:37:58 | WARNING | Normalization warnings for row=562 product_id=124971 warnings=['unparseable_numeric_fragment:7,', 'unparseable_numeric_fragment:0,']
2026-02-13 09:37:58 | WARNING | Validation warnings for row=562 product_id=124971 warnings=['plausibility_out_of_range:kcal:2350.0 not in [0.0, 900.0]', 'energy_mismatch:kJ=563.0 inconsistent_with_kcal=2350.0']
2026-02-13 09:37:58 | WARNING | Validation warnings for row=563 product_id=125830 warnings=['plausibility_out_of_range:salt_g:100.0 not in [0.0, 15.0]']
2026-02-13 09:37:58 | WARNING | Validation warnings for row=564 product_id=125833 warnings=['plausibility_out_of_range:salt_g:100.0 not in [0.0, 15.0]']
2026-02-13 09:37:58 | WARNING | Validation warnings for row=565 product_id=125835 warnings=['plausibility_out_of_range:salt_g:100.0 not in [0.0, 15.0]']
2026-02-13 09:37:58 | WARNING | Validation warnings for row=566 product_id=125838 warnings=['plausibility_out_of_range:salt_g:100.0 not in [0.0, 15.0]']
2026-02-13 09:37:58 | WARNING | Validation warnings for row=567 product_id=125958 warnings=['plausibility_out_of_range:salt_g:100.0 not in [0.0, 15.0]']
2026-02-13 09:37:58 | WARNING | Validation warnings for row=568 product_id=125960 warnings=['plausibility_out_of_range:salt_g:100.0 not in [0.0, 15.0]']
2026-02-13 09:37:58 | WARNING | Validation warnings for row=569 product_id=125962 warnings=['plausibility_out_of_range:salt_g:100.0 not in [0.0, 15.0]']
2026-02-13 09:37:58 | WARNING | Validation warnings for row=570 product_id=125964 warnings=['plausibility_out_of_range:salt_g:100.0 not in [0.0, 15.0]']
2026-02-13 09:37:58 | WARNING | Validation warnings for row=574 product_id=126238 warnings=['energy_mismatch:kJ=2534.0 inconsistent_with_kcal=345.0']
2026-02-13 09:37:58 | WARNING | Validation warnings for row=575 product_id=126245 warnings=['plausibility_out_of_range:salt_g:100.0 not in [0.0, 15.0]']
2026-02-13 09:37:58 | WARNING | Normalization warnings for row=581 product_id=126847 warnings=['unparseable_numeric_fragment:5,', 'unparseable_numeric_fragment:0,']
2026-02-13 09:37:58 | WARNING | Validation warnings for row=583 product_id=128629 warnings=['plausibility_out_of_range:salt_g:100.0 not in [0.0, 15.0]']
2026-02-13 09:37:58 | WARNING | Normalization warnings for row=587 product_id=128636 warnings=['unparseable_numeric_fragment:2420,', 'unparseable_numeric_fragment:38,', 'unparseable_numeric_fragment:23,', 'unparseable_numeric_fragment:50,', 'unparseable_numeric_fragment:49,', 'unparseable_numeric_fragment:7,', 'unparseable_numeric_fragment:0,']
2026-02-13 09:37:58 | WARNING | Normalization warnings for row=588 product_id=130933 warnings=['unparseable_numeric_fragment:6,', 'unparseable_numeric_fragment:0,']
2026-02-13 09:37:58 | WARNING | Validation warnings for row=588 product_id=130933 warnings=['plausibility_out_of_range:kcal:2276.0 not in [0.0, 900.0]', 'energy_mismatch:kJ=544.0 inconsistent_with_kcal=2276.0']
2026-02-13 09:37:58 | WARNING | Validation warnings for row=589 product_id=131298 warnings=['plausibility_out_of_range:kcal:2309.0 not in [0.0, 900.0]', 'energy_mismatch:kJ=554.0 inconsistent_with_kcal=2309.0']
2026-02-13 09:37:58 | WARNING | Validation warnings for row=590 product_id=131299 warnings=['plausibility_out_of_range:kcal:2341.0 not in [0.0, 900.0]', 'energy_mismatch:kJ=561.0 inconsistent_with_kcal=2341.0']
2026-02-13 09:37:58 | WARNING | Validation warnings for row=591 product_id=131300 warnings=['plausibility_out_of_range:kcal:2365.0 not in [0.0, 900.0]', 'energy_mismatch:kJ=569.0 inconsistent_with_kcal=2365.0']
2026-02-13 09:37:58 | WARNING | Validation warnings for row=592 product_id=131301 warnings=['plausibility_out_of_range:kcal:2272.0 not in [0.0, 900.0]', 'energy_mismatch:kJ=544.0 inconsistent_with_kcal=2272.0']
2026-02-13 09:37:58 | WARNING | Validation warnings for row=593 product_id=131302 warnings=['plausibility_out_of_range:kcal:2272.0 not in [0.0, 900.0]', 'energy_mismatch:kJ=544.0 inconsistent_with_kcal=2272.0']
2026-02-13 09:37:58 | WARNING | Normalization warnings for row=594 product_id=131303 warnings=['unparseable_numeric_fragment:7,', 'unparseable_numeric_fragment:0,']
2026-02-13 09:37:58 | WARNING | Normalization warnings for row=595 product_id=131304 warnings=['unparseable_numeric_fragment:6,', 'unparseable_numeric_fragment:0,']
2026-02-13 09:37:58 | WARNING | Normalization warnings for row=596 product_id=131305 warnings=['unparseable_numeric_fragment:6,', 'unparseable_numeric_fragment:0,']
2026-02-13 09:37:58 | WARNING | Normalization warnings for row=597 product_id=131306 warnings=['unparseable_numeric_fragment:7,', 'unparseable_numeric_fragment:0,']
2026-02-13 09:37:58 | WARNING | Normalization warnings for row=598 product_id=131307 warnings=['unparseable_numeric_fragment:6,', 'unparseable_numeric_fragment:0,']
2026-02-13 09:37:58 | WARNING | Normalization warnings for row=599 product_id=131308 warnings=['unparseable_numeric_fragment:9,', 'unparseable_numeric_fragment:0,']
2026-02-13 09:37:58 | WARNING | Normalization warnings for row=600 product_id=131309 warnings=['unparseable_numeric_fragment:9,', 'unparseable_numeric_fragment:0,']
2026-02-13 09:37:58 | WARNING | Normalization warnings for row=601 product_id=131310 warnings=['unparseable_numeric_fragment:0,']
2026-02-13 09:37:58 | WARNING | Normalization warnings for row=602 product_id=131311 warnings=['unparseable_numeric_fragment:0,']
2026-02-13 09:37:58 | WARNING | Normalization warnings for row=603 product_id=131312 warnings=['unparseable_numeric_fragment:0,']
2026-02-13 09:37:58 | WARNING | Normalization warnings for row=604 product_id=131313 warnings=['unparseable_numeric_fragment:8,', 'unparseable_numeric_fragment:0,']
2026-02-13 09:37:58 | WARNING | Normalization warnings for row=605 product_id=131314 warnings=['unparseable_numeric_fragment:6,', 'unparseable_numeric_fragment:0,']
2026-02-13 09:37:58 | WARNING | Normalization warnings for row=606 product_id=131315 warnings=['unparseable_numeric_fragment:7,', 'unparseable_numeric_fragment:0,']
2026-02-13 09:37:58 | WARNING | Normalization warnings for row=607 product_id=131316 warnings=['unparseable_numeric_fragment:6,', 'unparseable_numeric_fragment:7,', 'unparseable_numeric_fragment:0,']
2026-02-13 09:37:58 | WARNING | Normalization warnings for row=608 product_id=131317 warnings=['unparseable_numeric_fragment:6,', 'unparseable_numeric_fragment:7,', 'unparseable_numeric_fragment:0,']
2026-02-13 09:37:58 | WARNING | Validation warnings for row=609 product_id=131353 warnings=['plausibility_out_of_range:kcal:2261.0 not in [0.0, 900.0]', 'energy_mismatch:kJ=542.0 inconsistent_with_kcal=2261.0']
2026-02-13 09:37:58 | WARNING | Normalization warnings for row=610 product_id=131690 warnings=['unparseable_numeric_fragment:4,']
2026-02-13 09:37:58 | WARNING | Validation warnings for row=610 product_id=131690 warnings=['plausibility_out_of_range:kcal:2402.0 not in [0.0, 900.0]', 'energy_mismatch:kJ=577.0 inconsistent_with_kcal=2402.0']
2026-02-13 09:37:58 | WARNING | Normalization warnings for row=611 product_id=131691 warnings=['unparseable_numeric_fragment:6,', 'unparseable_numeric_fragment:0,']
2026-02-13 09:37:58 | WARNING | Validation warnings for row=611 product_id=131691 warnings=['plausibility_out_of_range:kcal:2279.0 not in [0.0, 900.0]', 'energy_mismatch:kJ=548.0 inconsistent_with_kcal=2279.0']
2026-02-13 09:37:58 | WARNING | Normalization warnings for row=612 product_id=131692 warnings=['unparseable_numeric_fragment:4,', 'unparseable_numeric_fragment:0,']
2026-02-13 09:37:58 | WARNING | Validation warnings for row=612 product_id=131692 warnings=['plausibility_out_of_range:kcal:2313.0 not in [0.0, 900.0]', 'energy_mismatch:kJ=556.0 inconsistent_with_kcal=2313.0']
2026-02-13 09:37:58 | WARNING | Normalization warnings for row=613 product_id=131695 warnings=['unparseable_numeric_fragment:6,', 'unparseable_numeric_fragment:0,']
2026-02-13 09:37:58 | WARNING | Validation warnings for row=613 product_id=131695 warnings=['plausibility_out_of_range:kcal:2453.0 not in [0.0, 900.0]', 'energy_mismatch:kJ=589.0 inconsistent_with_kcal=2453.0']
2026-02-13 09:37:58 | WARNING | Normalization warnings for row=614 product_id=131696 warnings=['unparseable_numeric_fragment:0,']
2026-02-13 09:37:58 | WARNING | Validation warnings for row=614 product_id=131696 warnings=['plausibility_out_of_range:kcal:2318.0 not in [0.0, 900.0]', 'energy_mismatch:kJ=556.0 inconsistent_with_kcal=2318.0']
2026-02-13 09:37:58 | WARNING | Normalization warnings for row=615 product_id=131697 warnings=['unparseable_numeric_fragment:0,']
2026-02-13 09:37:58 | WARNING | Validation warnings for row=615 product_id=131697 warnings=['plausibility_out_of_range:kcal:2326.0 not in [0.0, 900.0]', 'energy_mismatch:kJ=558.0 inconsistent_with_kcal=2326.0']
2026-02-13 09:37:58 | WARNING | Normalization warnings for row=616 product_id=131698 warnings=['unparseable_numeric_fragment:6,', 'unparseable_numeric_fragment:0,']
2026-02-13 09:37:58 | WARNING | Validation warnings for row=616 product_id=131698 warnings=['plausibility_out_of_range:kcal:2291.0 not in [0.0, 900.0]', 'energy_mismatch:kJ=549.0 inconsistent_with_kcal=2291.0']
2026-02-13 09:37:58 | WARNING | Normalization warnings for row=617 product_id=131704 warnings=['unparseable_numeric_fragment:6,', 'unparseable_numeric_fragment:0,']
2026-02-13 09:37:58 | WARNING | Validation warnings for row=617 product_id=131704 warnings=['plausibility_out_of_range:kcal:2425.0 not in [0.0, 900.0]', 'energy_mismatch:kJ=582.0 inconsistent_with_kcal=2425.0']
2026-02-13 09:37:58 | WARNING | Normalization warnings for row=618 product_id=131705 warnings=['unparseable_numeric_fragment:7,', 'unparseable_numeric_fragment:0,']
2026-02-13 09:37:58 | WARNING | Validation warnings for row=618 product_id=131705 warnings=['plausibility_out_of_range:kcal:2272.0 not in [0.0, 900.0]', 'energy_mismatch:kJ=544.0 inconsistent_with_kcal=2272.0']
2026-02-13 09:37:58 | WARNING | Normalization warnings for row=619 product_id=131732 warnings=['unparseable_numeric_fragment:7,', 'unparseable_numeric_fragment:0,']
2026-02-13 09:37:58 | WARNING | Validation warnings for row=619 product_id=131732 warnings=['plausibility_out_of_range:kcal:2272.0 not in [0.0, 900.0]', 'energy_mismatch:kJ=544.0 inconsistent_with_kcal=2272.0']
2026-02-13 09:37:58 | WARNING | Normalization warnings for row=620 product_id=131734 warnings=['unparseable_numeric_fragment:0,']
2026-02-13 09:37:58 | WARNING | Validation warnings for row=620 product_id=131734 warnings=['plausibility_out_of_range:kcal:2309.0 not in [0.0, 900.0]', 'energy_mismatch:kJ=554.0 inconsistent_with_kcal=2309.0']
2026-02-13 09:37:58 | WARNING | Normalization warnings for row=621 product_id=131735 warnings=['unparseable_numeric_fragment:7,', 'unparseable_numeric_fragment:0,']
2026-02-13 09:37:58 | WARNING | Validation warnings for row=621 product_id=131735 warnings=['plausibility_out_of_range:kcal:2292.0 not in [0.0, 900.0]', 'energy_mismatch:kJ=549.0 inconsistent_with_kcal=2292.0']
2026-02-13 09:37:58 | WARNING | Normalization warnings for row=622 product_id=131741 warnings=['unparseable_numeric_fragment:7,', 'unparseable_numeric_fragment:0,']
2026-02-13 09:37:58 | WARNING | Validation warnings for row=622 product_id=131741 warnings=['plausibility_out_of_range:kcal:2369.0 not in [0.0, 900.0]', 'energy_mismatch:kJ=568.0 inconsistent_with_kcal=2369.0']
2026-02-13 09:37:58 | WARNING | Normalization warnings for row=623 product_id=131742 warnings=['unparseable_numeric_fragment:6,', 'unparseable_numeric_fragment:0,']
2026-02-13 09:37:58 | WARNING | Validation warnings for row=623 product_id=131742 warnings=['plausibility_out_of_range:kcal:2308.0 not in [0.0, 900.0]', 'energy_mismatch:kJ=553.0 inconsistent_with_kcal=2308.0']
2026-02-13 09:37:58 | WARNING | Normalization warnings for row=624 product_id=131743 warnings=['unparseable_numeric_fragment:6,', 'unparseable_numeric_fragment:0,']
2026-02-13 09:37:58 | WARNING | Validation warnings for row=624 product_id=131743 warnings=['plausibility_out_of_range:kcal:2308.0 not in [0.0, 900.0]', 'energy_mismatch:kJ=553.0 inconsistent_with_kcal=2308.0']
2026-02-13 09:37:58 | WARNING | Normalization warnings for row=637 product_id=132103 warnings=['unparseable_numeric_fragment:0,']
2026-02-13 09:37:58 | WARNING | Validation warnings for row=637 product_id=132103 warnings=['plausibility_out_of_range:kcal:2587.0 not in [0.0, 900.0]', 'energy_mismatch:kJ=623.0 inconsistent_with_kcal=2587.0']
2026-02-13 09:37:58 | WARNING | Normalization warnings for row=638 product_id=132104 warnings=['unparseable_numeric_fragment:6,']
2026-02-13 09:37:58 | WARNING | Validation warnings for row=638 product_id=132104 warnings=['plausibility_out_of_range:kcal:2624.0 not in [0.0, 900.0]', 'energy_mismatch:kJ=634.0 inconsistent_with_kcal=2624.0']
2026-02-13 09:37:58 | WARNING | Normalization warnings for row=639 product_id=132111 warnings=['unparseable_numeric_fragment:4,', 'unparseable_numeric_fragment:0,']
2026-02-13 09:37:58 | WARNING | Validation warnings for row=639 product_id=132111 warnings=['plausibility_out_of_range:kcal:2619.0 not in [0.0, 900.0]', 'energy_mismatch:kJ=631.0 inconsistent_with_kcal=2619.0']
2026-02-13 09:37:58 | WARNING | Normalization warnings for row=640 product_id=132186 warnings=['unparseable_numeric_fragment:7,', 'unparseable_numeric_fragment:0,']
2026-02-13 09:37:58 | WARNING | Validation warnings for row=640 product_id=132186 warnings=['plausibility_out_of_range:kcal:2195.0 not in [0.0, 900.0]', 'energy_mismatch:kJ=526.0 inconsistent_with_kcal=2195.0']
2026-02-13 09:37:58 | WARNING | Normalization warnings for row=641 product_id=132191 warnings=['unparseable_numeric_fragment:4,', 'unparseable_numeric_fragment:0,']
2026-02-13 09:37:58 | WARNING | Validation warnings for row=641 product_id=132191 warnings=['plausibility_out_of_range:kcal:2037.0 not in [0.0, 900.0]', 'energy_mismatch:kJ=489.0 inconsistent_with_kcal=2037.0']
2026-02-13 09:37:58 | WARNING | Normalization warnings for row=642 product_id=132192 warnings=['unparseable_numeric_fragment:3,']
2026-02-13 09:37:58 | WARNING | Validation warnings for row=642 product_id=132192 warnings=['plausibility_out_of_range:kcal:1904.0 not in [0.0, 900.0]', 'energy_mismatch:kJ=456.0 inconsistent_with_kcal=1904.0']
2026-02-13 09:37:58 | WARNING | Normalization warnings for row=643 product_id=132525 warnings=['unparseable_numeric_fragment:4,', 'unparseable_numeric_fragment:0,']
2026-02-13 09:37:58 | WARNING | Validation warnings for row=643 product_id=132525 warnings=['plausibility_out_of_range:kcal:2613.0 not in [0.0, 900.0]', 'energy_mismatch:kJ=630.0 inconsistent_with_kcal=2613.0']
2026-02-13 09:37:58 | WARNING | Normalization warnings for row=644 product_id=132526 warnings=['unparseable_numeric_fragment:8,', 'unparseable_numeric_fragment:0,']
2026-02-13 09:37:58 | WARNING | Validation warnings for row=644 product_id=132526 warnings=['plausibility_out_of_range:kcal:2345.0 not in [0.0, 900.0]', 'energy_mismatch:kJ=563.0 inconsistent_with_kcal=2345.0']
2026-02-13 09:37:58 | WARNING | Normalization warnings for row=645 product_id=132527 warnings=['unparseable_numeric_fragment:4,', 'unparseable_numeric_fragment:0,']
2026-02-13 09:37:58 | WARNING | Validation warnings for row=645 product_id=132527 warnings=['plausibility_out_of_range:kcal:2589.0 not in [0.0, 900.0]', 'energy_mismatch:kJ=623.0 inconsistent_with_kcal=2589.0']
2026-02-13 09:37:58 | WARNING | Normalization warnings for row=646 product_id=132528 warnings=['unparseable_numeric_fragment:6,']
2026-02-13 09:37:58 | WARNING | Validation warnings for row=646 product_id=132528 warnings=['plausibility_out_of_range:kcal:2624.0 not in [0.0, 900.0]', 'energy_mismatch:kJ=634.0 inconsistent_with_kcal=2624.0']
2026-02-13 09:37:58 | WARNING | Normalization warnings for row=647 product_id=132692 warnings=['unparseable_numeric_fragment:4,', 'unparseable_numeric_fragment:0,']
2026-02-13 09:37:58 | WARNING | Validation warnings for row=647 product_id=132692 warnings=['plausibility_out_of_range:kcal:2009.0 not in [0.0, 900.0]', 'energy_mismatch:kJ=480.0 inconsistent_with_kcal=2009.0']
2026-02-13 09:37:58 | WARNING | Normalization warnings for row=648 product_id=132719 warnings=['unparseable_numeric_fragment:9,', 'unparseable_numeric_fragment:0,']
2026-02-13 09:37:58 | WARNING | Normalization warnings for row=649 product_id=132720 warnings=['unparseable_numeric_fragment:9,', 'unparseable_numeric_fragment:0,']
2026-02-13 09:37:58 | WARNING | Normalization warnings for row=650 product_id=132721 warnings=['unparseable_numeric_fragment:6,', 'unparseable_numeric_fragment:0,']
2026-02-13 09:37:58 | WARNING | Normalization warnings for row=652 product_id=133049 warnings=['unparseable_numeric_fragment:8,', 'unparseable_numeric_fragment:0,']
2026-02-13 09:37:58 | WARNING | Validation warnings for row=652 product_id=133049 warnings=['plausibility_out_of_range:kcal:2345.0 not in [0.0, 900.0]', 'energy_mismatch:kJ=563.0 inconsistent_with_kcal=2345.0']
2026-02-13 09:37:58 | WARNING | Normalization warnings for row=653 product_id=133050 warnings=['unparseable_numeric_fragment:7,', 'unparseable_numeric_fragment:0,']
2026-02-13 09:37:58 | WARNING | Validation warnings for row=653 product_id=133050 warnings=['plausibility_out_of_range:kcal:2318.0 not in [0.0, 900.0]', 'energy_mismatch:kJ=556.0 inconsistent_with_kcal=2318.0']
2026-02-13 09:37:58 | WARNING | Skipping row 654: missing required field(s): nutrition_raw_text
2026-02-13 09:37:58 | WARNING | Normalization warnings for row=655 product_id=133148 warnings=['unparseable_numeric_fragment:8,', 'unparseable_numeric_fragment:0,']
2026-02-13 09:37:58 | WARNING | Validation warnings for row=655 product_id=133148 warnings=['plausibility_out_of_range:kcal:2310.0 not in [0.0, 900.0]', 'energy_mismatch:kJ=554.0 inconsistent_with_kcal=2310.0']
2026-02-13 09:37:58 | WARNING | Normalization warnings for row=656 product_id=133149 warnings=['unparseable_numeric_fragment:8,', 'unparseable_numeric_fragment:0,']
2026-02-13 09:37:58 | WARNING | Validation warnings for row=656 product_id=133149 warnings=['plausibility_out_of_range:kcal:2310.0 not in [0.0, 900.0]', 'energy_mismatch:kJ=554.0 inconsistent_with_kcal=2310.0']
2026-02-13 09:37:58 | WARNING | Skipping row 658: missing required field(s): nutrition_raw_text
2026-02-13 09:37:58 | WARNING | Normalization warnings for row=659 product_id=133312 warnings=['unparseable_numeric_fragment:7,', 'unparseable_numeric_fragment:0,']
2026-02-13 09:37:58 | WARNING | Validation warnings for row=659 product_id=133312 warnings=['plausibility_out_of_range:kcal:2281.0 not in [0.0, 900.0]', 'energy_mismatch:kJ=547.0 inconsistent_with_kcal=2281.0']
2026-02-13 09:37:58 | WARNING | Normalization warnings for row=660 product_id=134444 warnings=['unparseable_numeric_fragment:0,']
2026-02-13 09:37:58 | WARNING | Validation warnings for row=660 product_id=134444 warnings=['plausibility_out_of_range:kcal:2294.0 not in [0.0, 900.0]', 'energy_mismatch:kJ=549.0 inconsistent_with_kcal=2294.0']
2026-02-13 09:37:58 | WARNING | Normalization warnings for row=661 product_id=134445 warnings=['unparseable_numeric_fragment:3,', 'unparseable_numeric_fragment:0,']
2026-02-13 09:37:58 | WARNING | Validation warnings for row=661 product_id=134445 warnings=['plausibility_out_of_range:kcal:2193.0 not in [0.0, 900.0]', 'energy_mismatch:kJ=526.0 inconsistent_with_kcal=2193.0']
2026-02-13 09:37:58 | WARNING | Normalization warnings for row=662 product_id=134446 warnings=['unparseable_numeric_fragment:5,', 'unparseable_numeric_fragment:0,']
2026-02-13 09:37:58 | WARNING | Validation warnings for row=662 product_id=134446 warnings=['plausibility_out_of_range:kcal:2471.0 not in [0.0, 900.0]', 'energy_mismatch:kJ=593.0 inconsistent_with_kcal=2471.0']
2026-02-13 09:37:58 | WARNING | Normalization warnings for row=663 product_id=134447 warnings=['unparseable_numeric_fragment:6,', 'unparseable_numeric_fragment:0,']
2026-02-13 09:37:58 | WARNING | Validation warnings for row=663 product_id=134447 warnings=['plausibility_out_of_range:kcal:2409.0 not in [0.0, 900.0]', 'energy_mismatch:kJ=578.0 inconsistent_with_kcal=2409.0']
2026-02-13 09:37:58 | WARNING | Normalization warnings for row=664 product_id=134604 warnings=['unparseable_numeric_fragment:7,', 'unparseable_numeric_fragment:0,']
2026-02-13 09:37:58 | WARNING | Validation warnings for row=664 product_id=134604 warnings=['energy_mismatch:kJ=554.0 inconsistent_with_kcal=56.0']
2026-02-13 09:37:58 | WARNING | Normalization warnings for row=665 product_id=134605 warnings=['unparseable_numeric_fragment:5,', 'unparseable_numeric_fragment:0,']
2026-02-13 09:37:58 | WARNING | Validation warnings for row=665 product_id=134605 warnings=['plausibility_out_of_range:kcal:2652.0 not in [0.0, 900.0]', 'energy_mismatch:kJ=640.0 inconsistent_with_kcal=2652.0']
2026-02-13 09:37:58 | WARNING | Normalization warnings for row=666 product_id=134607 warnings=['unparseable_numeric_fragment:4,', 'unparseable_numeric_fragment:0,']
2026-02-13 09:37:58 | WARNING | Validation warnings for row=666 product_id=134607 warnings=['plausibility_out_of_range:kcal:2589.0 not in [0.0, 900.0]', 'energy_mismatch:kJ=623.0 inconsistent_with_kcal=2589.0']
2026-02-13 09:37:58 | WARNING | Normalization warnings for row=667 product_id=134608 warnings=['unparseable_numeric_fragment:5,', 'unparseable_numeric_fragment:7,', 'unparseable_numeric_fragment:0,']
2026-02-13 09:37:58 | WARNING | Validation warnings for row=667 product_id=134608 warnings=['plausibility_out_of_range:kcal:2179.0 not in [0.0, 900.0]', 'energy_mismatch:kJ=520.0 inconsistent_with_kcal=2179.0']
2026-02-13 09:37:58 | WARNING | Normalization warnings for row=668 product_id=134609 warnings=['unparseable_numeric_fragment:6,', 'unparseable_numeric_fragment:0,']
2026-02-13 09:37:58 | WARNING | Validation warnings for row=668 product_id=134609 warnings=['plausibility_out_of_range:kcal:2370.0 not in [0.0, 900.0]', 'energy_mismatch:kJ=568.0 inconsistent_with_kcal=2370.0']
2026-02-13 09:37:58 | WARNING | Normalization warnings for row=669 product_id=134610 warnings=['unparseable_numeric_fragment:7,', 'unparseable_numeric_fragment:0,']
2026-02-13 09:37:58 | WARNING | Validation warnings for row=669 product_id=134610 warnings=['plausibility_out_of_range:kcal:2350.0 not in [0.0, 900.0]', 'energy_mismatch:kJ=564.0 inconsistent_with_kcal=2350.0']
2026-02-13 09:37:58 | WARNING | Normalization warnings for row=670 product_id=134611 warnings=['unparseable_numeric_fragment:7,', 'unparseable_numeric_fragment:0,']
2026-02-13 09:37:58 | WARNING | Validation warnings for row=670 product_id=134611 warnings=['plausibility_out_of_range:kcal:2350.0 not in [0.0, 900.0]', 'energy_mismatch:kJ=564.0 inconsistent_with_kcal=2350.0']
2026-02-13 09:37:58 | WARNING | Normalization warnings for row=671 product_id=134612 warnings=['unparseable_numeric_fragment:7,', 'unparseable_numeric_fragment:0,']
2026-02-13 09:37:58 | WARNING | Validation warnings for row=671 product_id=134612 warnings=['plausibility_out_of_range:kcal:2350.0 not in [0.0, 900.0]', 'energy_mismatch:kJ=564.0 inconsistent_with_kcal=2350.0']
2026-02-13 09:37:58 | WARNING | Normalization warnings for row=672 product_id=134613 warnings=['unparseable_numeric_fragment:7,', 'unparseable_numeric_fragment:0,']
2026-02-13 09:37:58 | WARNING | Validation warnings for row=672 product_id=134613 warnings=['plausibility_out_of_range:kcal:2350.0 not in [0.0, 900.0]', 'energy_mismatch:kJ=564.0 inconsistent_with_kcal=2350.0']
2026-02-13 09:37:58 | WARNING | Normalization warnings for row=673 product_id=134614 warnings=['unparseable_numeric_fragment:7,', 'unparseable_numeric_fragment:0,']
2026-02-13 09:37:58 | WARNING | Validation warnings for row=673 product_id=134614 warnings=['plausibility_out_of_range:kcal:2350.0 not in [0.0, 900.0]', 'energy_mismatch:kJ=564.0 inconsistent_with_kcal=2350.0']
2026-02-13 09:37:58 | WARNING | Normalization warnings for row=674 product_id=134619 warnings=['unparseable_numeric_fragment:4,', 'unparseable_numeric_fragment:0,']
2026-02-13 09:37:58 | WARNING | Validation warnings for row=674 product_id=134619 warnings=['plausibility_out_of_range:kcal:2582.0 not in [0.0, 900.0]', 'energy_mismatch:kJ=622.0 inconsistent_with_kcal=2582.0']
2026-02-13 09:37:58 | WARNING | Normalization warnings for row=675 product_id=134621 warnings=['unparseable_numeric_fragment:6,', 'unparseable_numeric_fragment:0,']
2026-02-13 09:37:58 | WARNING | Validation warnings for row=675 product_id=134621 warnings=['plausibility_out_of_range:kcal:2409.0 not in [0.0, 900.0]', 'energy_mismatch:kJ=578.0 inconsistent_with_kcal=2409.0']
2026-02-13 09:37:58 | WARNING | Normalization warnings for row=676 product_id=134622 warnings=['unparseable_numeric_fragment:8,', 'unparseable_numeric_fragment:0,']
2026-02-13 09:37:58 | WARNING | Validation warnings for row=676 product_id=134622 warnings=['plausibility_out_of_range:kcal:2347.0 not in [0.0, 900.0]', 'energy_mismatch:kJ=563.0 inconsistent_with_kcal=2347.0']
2026-02-13 09:37:58 | WARNING | Normalization warnings for row=677 product_id=134623 warnings=['unparseable_numeric_fragment:8,', 'unparseable_numeric_fragment:7,', 'unparseable_numeric_fragment:0,']
2026-02-13 09:37:58 | WARNING | Validation warnings for row=677 product_id=134623 warnings=['plausibility_out_of_range:kcal:1915.0 not in [0.0, 900.0]', 'energy_mismatch:kJ=458.0 inconsistent_with_kcal=1915.0']
2026-02-13 09:37:58 | WARNING | Normalization warnings for row=678 product_id=134625 warnings=['unparseable_numeric_fragment:7,', 'unparseable_numeric_fragment:0,']
2026-02-13 09:37:58 | WARNING | Validation warnings for row=678 product_id=134625 warnings=['plausibility_out_of_range:kcal:2336.0 not in [0.0, 900.0]', 'energy_mismatch:kJ=560.0 inconsistent_with_kcal=2336.0']
2026-02-13 09:37:58 | WARNING | Normalization warnings for row=679 product_id=134629 warnings=['unparseable_numeric_fragment:7,', 'unparseable_numeric_fragment:0,']
2026-02-13 09:37:58 | WARNING | Validation warnings for row=679 product_id=134629 warnings=['plausibility_out_of_range:kcal:2321.0 not in [0.0, 900.0]', 'energy_mismatch:kJ=556.0 inconsistent_with_kcal=2321.0']
2026-02-13 09:37:58 | WARNING | Normalization warnings for row=680 product_id=134630 warnings=['unparseable_numeric_fragment:7,', 'unparseable_numeric_fragment:0,']
2026-02-13 09:37:58 | WARNING | Validation warnings for row=680 product_id=134630 warnings=['plausibility_out_of_range:kcal:2321.0 not in [0.0, 900.0]', 'energy_mismatch:kJ=556.0 inconsistent_with_kcal=2321.0']
2026-02-13 09:37:58 | WARNING | Normalization warnings for row=681 product_id=134631 warnings=['unparseable_numeric_fragment:6,', 'unparseable_numeric_fragment:0,']
2026-02-13 09:37:58 | WARNING | Validation warnings for row=681 product_id=134631 warnings=['plausibility_out_of_range:kcal:2230.0 not in [0.0, 900.0]', 'energy_mismatch:kJ=535.0 inconsistent_with_kcal=2230.0']
2026-02-13 09:37:58 | WARNING | Normalization warnings for row=682 product_id=134633 warnings=['unparseable_numeric_fragment:6,', 'unparseable_numeric_fragment:0,']
2026-02-13 09:37:58 | WARNING | Validation warnings for row=682 product_id=134633 warnings=['plausibility_out_of_range:kcal:2258.0 not in [0.0, 900.0]', 'energy_mismatch:kJ=541.0 inconsistent_with_kcal=2258.0']
2026-02-13 09:37:58 | WARNING | Normalization warnings for row=683 product_id=134827 warnings=['unparseable_numeric_fragment:8,', 'unparseable_numeric_fragment:0,']
2026-02-13 09:37:58 | WARNING | Validation warnings for row=683 product_id=134827 warnings=['plausibility_out_of_range:kcal:2308.0 not in [0.0, 900.0]', 'energy_mismatch:kJ=554.0 inconsistent_with_kcal=2308.0']
2026-02-13 09:37:58 | WARNING | Normalization warnings for row=684 product_id=134828 warnings=['unparseable_numeric_fragment:7,', 'unparseable_numeric_fragment:0,']
2026-02-13 09:37:58 | WARNING | Validation warnings for row=684 product_id=134828 warnings=['plausibility_out_of_range:kcal:2357.0 not in [0.0, 900.0]', 'energy_mismatch:kJ=566.0 inconsistent_with_kcal=2357.0']
2026-02-13 09:37:58 | WARNING | Normalization warnings for row=685 product_id=134829 warnings=['unparseable_numeric_fragment:9,', 'unparseable_numeric_fragment:0,']
2026-02-13 09:37:58 | WARNING | Validation warnings for row=685 product_id=134829 warnings=['plausibility_out_of_range:kcal:2326.0 not in [0.0, 900.0]', 'energy_mismatch:kJ=559.0 inconsistent_with_kcal=2326.0']
2026-02-13 09:37:58 | WARNING | Normalization warnings for row=686 product_id=134830 warnings=['unparseable_numeric_fragment:6,', 'unparseable_numeric_fragment:0,']
2026-02-13 09:37:58 | WARNING | Validation warnings for row=686 product_id=134830 warnings=['plausibility_out_of_range:kcal:2261.0 not in [0.0, 900.0]', 'energy_mismatch:kJ=542.0 inconsistent_with_kcal=2261.0']
2026-02-13 09:37:58 | WARNING | Normalization warnings for row=687 product_id=134831 warnings=['unparseable_numeric_fragment:5,', 'unparseable_numeric_fragment:0,']
2026-02-13 09:37:58 | WARNING | Validation warnings for row=687 product_id=134831 warnings=['plausibility_out_of_range:kcal:2496.0 not in [0.0, 900.0]', 'energy_mismatch:kJ=600.0 inconsistent_with_kcal=2496.0']
2026-02-13 09:37:58 | WARNING | Normalization warnings for row=688 product_id=134832 warnings=['unparseable_numeric_fragment:5,', 'unparseable_numeric_fragment:0,']
2026-02-13 09:37:58 | WARNING | Validation warnings for row=688 product_id=134832 warnings=['plausibility_out_of_range:kcal:2556.0 not in [0.0, 900.0]', 'energy_mismatch:kJ=615.0 inconsistent_with_kcal=2556.0']
2026-02-13 09:37:58 | WARNING | Normalization warnings for row=689 product_id=134834 warnings=['unparseable_numeric_fragment:5,', 'unparseable_numeric_fragment:0,']
2026-02-13 09:37:58 | WARNING | Validation warnings for row=689 product_id=134834 warnings=['plausibility_out_of_range:kcal:2542.0 not in [0.0, 900.0]', 'energy_mismatch:kJ=611.0 inconsistent_with_kcal=2542.0']
2026-02-13 09:37:58 | WARNING | Normalization warnings for row=690 product_id=134835 warnings=['unparseable_numeric_fragment:0,']
2026-02-13 09:37:58 | WARNING | Validation warnings for row=690 product_id=134835 warnings=['plausibility_out_of_range:kcal:2448.0 not in [0.0, 900.0]', 'energy_mismatch:kJ=588.0 inconsistent_with_kcal=2448.0']
2026-02-13 09:37:58 | WARNING | Normalization warnings for row=691 product_id=134836 warnings=['unparseable_numeric_fragment:6,', 'unparseable_numeric_fragment:0,']
2026-02-13 09:37:58 | WARNING | Validation warnings for row=691 product_id=134836 warnings=['plausibility_out_of_range:kcal:2415.0 not in [0.0, 900.0]', 'energy_mismatch:kJ=580.0 inconsistent_with_kcal=2415.0']
2026-02-13 09:37:58 | WARNING | Normalization warnings for row=692 product_id=134837 warnings=['unparseable_numeric_fragment:7,', 'unparseable_numeric_fragment:0,']
2026-02-13 09:37:58 | WARNING | Validation warnings for row=692 product_id=134837 warnings=['plausibility_out_of_range:kcal:2272.0 not in [0.0, 900.0]', 'energy_mismatch:kJ=544.0 inconsistent_with_kcal=2272.0']
2026-02-13 09:37:58 | WARNING | Normalization warnings for row=693 product_id=134838 warnings=['unparseable_numeric_fragment:7,', 'unparseable_numeric_fragment:0,']
2026-02-13 09:37:58 | WARNING | Validation warnings for row=693 product_id=134838 warnings=['plausibility_out_of_range:kcal:2272.0 not in [0.0, 900.0]', 'energy_mismatch:kJ=544.0 inconsistent_with_kcal=2272.0']
2026-02-13 09:37:58 | WARNING | Normalization warnings for row=694 product_id=134839 warnings=['unparseable_numeric_fragment:0,']
2026-02-13 09:37:58 | WARNING | Validation warnings for row=694 product_id=134839 warnings=['plausibility_out_of_range:kcal:2347.0 not in [0.0, 900.0]', 'energy_mismatch:kJ=563.0 inconsistent_with_kcal=2347.0']
2026-02-13 09:37:58 | WARNING | Normalization warnings for row=695 product_id=134840 warnings=['unparseable_numeric_fragment:0,']
2026-02-13 09:37:58 | WARNING | Validation warnings for row=695 product_id=134840 warnings=['plausibility_out_of_range:kcal:2347.0 not in [0.0, 900.0]', 'energy_mismatch:kJ=563.0 inconsistent_with_kcal=2347.0']
2026-02-13 09:37:58 | WARNING | Normalization warnings for row=696 product_id=134841 warnings=['unparseable_numeric_fragment:6,', 'unparseable_numeric_fragment:0,']
2026-02-13 09:37:58 | WARNING | Validation warnings for row=696 product_id=134841 warnings=['plausibility_out_of_range:kcal:2367.0 not in [0.0, 900.0]', 'energy_mismatch:kJ=568.0 inconsistent_with_kcal=2367.0']
2026-02-13 09:37:58 | WARNING | Normalization warnings for row=697 product_id=134842 warnings=['unparseable_numeric_fragment:7,', 'unparseable_numeric_fragment:0,']
2026-02-13 09:37:58 | WARNING | Validation warnings for row=697 product_id=134842 warnings=['plausibility_out_of_range:kcal:2239.0 not in [0.0, 900.0]', 'energy_mismatch:kJ=536.0 inconsistent_with_kcal=2239.0']
2026-02-13 09:37:58 | WARNING | Normalization warnings for row=698 product_id=134843 warnings=['unparseable_numeric_fragment:7,', 'unparseable_numeric_fragment:0,']
2026-02-13 09:37:58 | WARNING | Validation warnings for row=698 product_id=134843 warnings=['plausibility_out_of_range:kcal:2133.0 not in [0.0, 900.0]', 'energy_mismatch:kJ=511.0 inconsistent_with_kcal=2133.0']
2026-02-13 09:37:58 | WARNING | Normalization warnings for row=699 product_id=134844 warnings=['unparseable_numeric_fragment:6,', 'unparseable_numeric_fragment:0,']
2026-02-13 09:37:58 | WARNING | Validation warnings for row=699 product_id=134844 warnings=['plausibility_out_of_range:kcal:2374.0 not in [0.0, 900.0]', 'energy_mismatch:kJ=570.0 inconsistent_with_kcal=2374.0']
2026-02-13 09:37:58 | WARNING | Normalization warnings for row=700 product_id=134845 warnings=['unparseable_numeric_fragment:6,', 'unparseable_numeric_fragment:0,']
2026-02-13 09:37:58 | WARNING | Validation warnings for row=700 product_id=134845 warnings=['plausibility_out_of_range:kcal:2412.0 not in [0.0, 900.0]', 'energy_mismatch:kJ=579.0 inconsistent_with_kcal=2412.0']
2026-02-13 09:37:58 | WARNING | Normalization warnings for row=701 product_id=134869 warnings=['unparseable_numeric_fragment:9,', 'unparseable_numeric_fragment:0,']
2026-02-13 09:37:58 | WARNING | Validation warnings for row=701 product_id=134869 warnings=['plausibility_out_of_range:kcal:2384.0 not in [0.0, 900.0]', 'energy_mismatch:kJ=574.0 inconsistent_with_kcal=2384.0']
2026-02-13 09:37:58 | WARNING | Normalization warnings for row=702 product_id=134870 warnings=['unparseable_numeric_fragment:8,', 'unparseable_numeric_fragment:0,']
2026-02-13 09:37:58 | WARNING | Validation warnings for row=702 product_id=134870 warnings=['plausibility_out_of_range:kcal:2310.0 not in [0.0, 900.0]', 'energy_mismatch:kJ=554.0 inconsistent_with_kcal=2310.0']
2026-02-13 09:37:58 | WARNING | Normalization warnings for row=703 product_id=134871 warnings=['unparseable_numeric_fragment:8,', 'unparseable_numeric_fragment:0,']
2026-02-13 09:37:58 | WARNING | Validation warnings for row=703 product_id=134871 warnings=['plausibility_out_of_range:kcal:2383.0 not in [0.0, 900.0]', 'energy_mismatch:kJ=572.0 inconsistent_with_kcal=2383.0']
2026-02-13 09:37:58 | WARNING | Normalization warnings for row=704 product_id=135257 warnings=['unparseable_numeric_fragment:5,', 'unparseable_numeric_fragment:0,']
2026-02-13 09:37:58 | WARNING | Validation warnings for row=704 product_id=135257 warnings=['plausibility_out_of_range:kcal:2600.0 not in [0.0, 900.0]', 'energy_mismatch:kJ=626.0 inconsistent_with_kcal=2600.0']
2026-02-13 09:37:58 | WARNING | Normalization warnings for row=705 product_id=135501 warnings=['unparseable_numeric_fragment:5,', 'unparseable_numeric_fragment:0,']
2026-02-13 09:37:58 | WARNING | Validation warnings for row=705 product_id=135501 warnings=['plausibility_out_of_range:kcal:2603.0 not in [0.0, 900.0]', 'energy_mismatch:kJ=628.0 inconsistent_with_kcal=2603.0']
2026-02-13 09:37:58 | WARNING | Normalization warnings for row=706 product_id=135502 warnings=['unparseable_numeric_fragment:5,', 'unparseable_numeric_fragment:0,']
2026-02-13 09:37:58 | WARNING | Validation warnings for row=706 product_id=135502 warnings=['plausibility_out_of_range:kcal:2626.0 not in [0.0, 900.0]', 'energy_mismatch:kJ=633.0 inconsistent_with_kcal=2626.0']
2026-02-13 09:37:58 | WARNING | Normalization warnings for row=707 product_id=135727 warnings=['unparseable_numeric_fragment:7,', 'unparseable_numeric_fragment:0,']
2026-02-13 09:37:58 | WARNING | Validation warnings for row=707 product_id=135727 warnings=['plausibility_out_of_range:kcal:2249.0 not in [0.0, 900.0]', 'energy_mismatch:kJ=539.0 inconsistent_with_kcal=2249.0']
2026-02-13 09:37:58 | WARNING | Normalization warnings for row=708 product_id=135728 warnings=['unparseable_numeric_fragment:7,', 'unparseable_numeric_fragment:0,']
2026-02-13 09:37:58 | WARNING | Validation warnings for row=708 product_id=135728 warnings=['plausibility_out_of_range:kcal:2264.0 not in [0.0, 900.0]', 'energy_mismatch:kJ=543.0 inconsistent_with_kcal=2264.0']
2026-02-13 09:37:58 | WARNING | Normalization warnings for row=709 product_id=135729 warnings=['unparseable_numeric_fragment:7,', 'unparseable_numeric_fragment:0,']
2026-02-13 09:37:58 | WARNING | Validation warnings for row=709 product_id=135729 warnings=['plausibility_out_of_range:kcal:2282.0 not in [0.0, 900.0]', 'energy_mismatch:kJ=547.0 inconsistent_with_kcal=2282.0']
2026-02-13 09:37:58 | WARNING | Normalization warnings for row=710 product_id=135757 warnings=['unparseable_numeric_fragment:9,', 'unparseable_numeric_fragment:0,']
2026-02-13 09:37:58 | WARNING | Validation warnings for row=710 product_id=135757 warnings=['plausibility_out_of_range:kcal:2376.0 not in [0.0, 900.0]', 'energy_mismatch:kJ=571.0 inconsistent_with_kcal=2376.0']
2026-02-13 09:37:58 | WARNING | Normalization warnings for row=711 product_id=135758 warnings=['unparseable_numeric_fragment:9,', 'unparseable_numeric_fragment:0,']
2026-02-13 09:37:58 | WARNING | Validation warnings for row=711 product_id=135758 warnings=['plausibility_out_of_range:kcal:2376.0 not in [0.0, 900.0]', 'energy_mismatch:kJ=571.0 inconsistent_with_kcal=2376.0']
2026-02-13 09:37:58 | WARNING | Normalization warnings for row=712 product_id=135759 warnings=['unparseable_numeric_fragment:0,']
2026-02-13 09:37:58 | WARNING | Validation warnings for row=712 product_id=135759 warnings=['plausibility_out_of_range:kcal:2369.0 not in [0.0, 900.0]', 'energy_mismatch:kJ=569.0 inconsistent_with_kcal=2369.0']
2026-02-13 09:37:58 | WARNING | Normalization warnings for row=713 product_id=135760 warnings=['unparseable_numeric_fragment:0,']
2026-02-13 09:37:58 | WARNING | Validation warnings for row=713 product_id=135760 warnings=['plausibility_out_of_range:kcal:2369.0 not in [0.0, 900.0]', 'energy_mismatch:kJ=569.0 inconsistent_with_kcal=2369.0']
2026-02-13 09:37:58 | WARNING | Normalization warnings for row=714 product_id=135909 warnings=['unparseable_numeric_fragment:4,', 'unparseable_numeric_fragment:0,']
2026-02-13 09:37:58 | WARNING | Validation warnings for row=714 product_id=135909 warnings=['plausibility_out_of_range:kcal:2589.0 not in [0.0, 900.0]', 'energy_mismatch:kJ=623.0 inconsistent_with_kcal=2589.0']
2026-02-13 09:37:58 | WARNING | Normalization warnings for row=715 product_id=135910 warnings=['unparseable_numeric_fragment:4,', 'unparseable_numeric_fragment:0,']
2026-02-13 09:37:58 | WARNING | Validation warnings for row=715 product_id=135910 warnings=['plausibility_out_of_range:kcal:2613.0 not in [0.0, 900.0]', 'energy_mismatch:kJ=630.0 inconsistent_with_kcal=2613.0']
2026-02-13 09:37:58 | WARNING | Normalization warnings for row=716 product_id=135911 warnings=['unparseable_numeric_fragment:4,', 'unparseable_numeric_fragment:0,']
2026-02-13 09:37:58 | WARNING | Validation warnings for row=716 product_id=135911 warnings=['plausibility_out_of_range:kcal:2589.0 not in [0.0, 900.0]', 'energy_mismatch:kJ=623.0 inconsistent_with_kcal=2589.0']
2026-02-13 09:37:58 | WARNING | Normalization warnings for row=717 product_id=135912 warnings=['unparseable_numeric_fragment:4,', 'unparseable_numeric_fragment:0,']
2026-02-13 09:37:58 | WARNING | Validation warnings for row=717 product_id=135912 warnings=['plausibility_out_of_range:kcal:2589.0 not in [0.0, 900.0]', 'energy_mismatch:kJ=623.0 inconsistent_with_kcal=2589.0']
2026-02-13 09:37:58 | WARNING | Normalization warnings for row=718 product_id=135913 warnings=['unparseable_numeric_fragment:4,', 'unparseable_numeric_fragment:0,']
2026-02-13 09:37:58 | WARNING | Validation warnings for row=718 product_id=135913 warnings=['plausibility_out_of_range:kcal:2628.0 not in [0.0, 900.0]', 'energy_mismatch:kJ=633.0 inconsistent_with_kcal=2628.0']
2026-02-13 09:37:58 | WARNING | Normalization warnings for row=719 product_id=135914 warnings=['unparseable_numeric_fragment:4,', 'unparseable_numeric_fragment:0,']
2026-02-13 09:37:58 | WARNING | Validation warnings for row=719 product_id=135914 warnings=['plausibility_out_of_range:kcal:2631.0 not in [0.0, 900.0]', 'energy_mismatch:kJ=634.0 inconsistent_with_kcal=2631.0']
2026-02-13 09:37:58 | WARNING | Normalization warnings for row=720 product_id=135931 warnings=['unparseable_numeric_fragment:4,', 'unparseable_numeric_fragment:0,']
2026-02-13 09:37:58 | WARNING | Validation warnings for row=720 product_id=135931 warnings=['plausibility_out_of_range:kcal:2402.0 not in [0.0, 900.0]', 'energy_mismatch:kJ=577.0 inconsistent_with_kcal=2402.0']
2026-02-13 09:37:58 | WARNING | Normalization warnings for row=721 product_id=135934 warnings=['unparseable_numeric_fragment:7,', 'unparseable_numeric_fragment:0,']
2026-02-13 09:37:58 | WARNING | Validation warnings for row=721 product_id=135934 warnings=['plausibility_out_of_range:kcal:2272.0 not in [0.0, 900.0]', 'energy_mismatch:kJ=544.0 inconsistent_with_kcal=2272.0']
2026-02-13 09:37:58 | WARNING | Normalization warnings for row=722 product_id=135935 warnings=['unparseable_numeric_fragment:6,', 'unparseable_numeric_fragment:0,']
2026-02-13 09:37:58 | WARNING | Validation warnings for row=722 product_id=135935 warnings=['plausibility_out_of_range:kcal:2354.0 not in [0.0, 900.0]', 'energy_mismatch:kJ=564.0 inconsistent_with_kcal=2354.0']
2026-02-13 09:37:58 | WARNING | Normalization warnings for row=723 product_id=135936 warnings=['unparseable_numeric_fragment:4,', 'unparseable_numeric_fragment:0,']
2026-02-13 09:37:58 | WARNING | Validation warnings for row=723 product_id=135936 warnings=['plausibility_out_of_range:kcal:2110.0 not in [0.0, 900.0]', 'energy_mismatch:kJ=505.0 inconsistent_with_kcal=2110.0']
2026-02-13 09:37:58 | WARNING | Normalization warnings for row=724 product_id=135937 warnings=['unparseable_numeric_fragment:6,', 'unparseable_numeric_fragment:0,']
2026-02-13 09:37:58 | WARNING | Validation warnings for row=724 product_id=135937 warnings=['plausibility_out_of_range:kcal:2384.0 not in [0.0, 900.0]', 'energy_mismatch:kJ=572.0 inconsistent_with_kcal=2384.0']
2026-02-13 09:37:58 | WARNING | Normalization warnings for row=725 product_id=135938 warnings=['unparseable_numeric_fragment:6,', 'unparseable_numeric_fragment:0,']
2026-02-13 09:37:58 | WARNING | Validation warnings for row=725 product_id=135938 warnings=['plausibility_out_of_range:kcal:2326.0 not in [0.0, 900.0]', 'energy_mismatch:kJ=557.0 inconsistent_with_kcal=2326.0']
2026-02-13 09:37:58 | WARNING | Normalization warnings for row=726 product_id=135940 warnings=['unparseable_numeric_fragment:6,', 'unparseable_numeric_fragment:0,']
2026-02-13 09:37:58 | WARNING | Validation warnings for row=726 product_id=135940 warnings=['plausibility_out_of_range:kcal:2290.0 not in [0.0, 900.0]', 'energy_mismatch:kJ=549.0 inconsistent_with_kcal=2290.0']
2026-02-13 09:37:58 | WARNING | Normalization warnings for row=727 product_id=135942 warnings=['unparseable_numeric_fragment:7,', 'unparseable_numeric_fragment:0,']
2026-02-13 09:37:58 | WARNING | Validation warnings for row=727 product_id=135942 warnings=['plausibility_out_of_range:kcal:2272.0 not in [0.0, 900.0]', 'energy_mismatch:kJ=544.0 inconsistent_with_kcal=2272.0']
2026-02-13 09:37:58 | WARNING | Normalization warnings for row=728 product_id=135943 warnings=['unparseable_numeric_fragment:7,', 'unparseable_numeric_fragment:0,']
2026-02-13 09:37:58 | WARNING | Validation warnings for row=728 product_id=135943 warnings=['plausibility_out_of_range:kcal:2272.0 not in [0.0, 900.0]', 'energy_mismatch:kJ=544.0 inconsistent_with_kcal=2272.0']
2026-02-13 09:37:58 | WARNING | Normalization warnings for row=729 product_id=135961 warnings=['unparseable_numeric_fragment:7,', 'unparseable_numeric_fragment:0,']
2026-02-13 09:37:58 | WARNING | Validation warnings for row=729 product_id=135961 warnings=['plausibility_out_of_range:kcal:2275.0 not in [0.0, 900.0]', 'energy_mismatch:kJ=545.0 inconsistent_with_kcal=2275.0']
2026-02-13 09:37:58 | WARNING | Normalization warnings for row=730 product_id=135965 warnings=['unparseable_numeric_fragment:8,', 'unparseable_numeric_fragment:0,']
2026-02-13 09:37:58 | WARNING | Validation warnings for row=730 product_id=135965 warnings=['plausibility_out_of_range:kcal:2356.0 not in [0.0, 900.0]', 'energy_mismatch:kJ=565.0 inconsistent_with_kcal=2356.0']
2026-02-13 09:37:58 | WARNING | Normalization warnings for row=731 product_id=135966 warnings=['unparseable_numeric_fragment:5,', 'unparseable_numeric_fragment:0,']
2026-02-13 09:37:58 | WARNING | Validation warnings for row=731 product_id=135966 warnings=['plausibility_out_of_range:kcal:2572.0 not in [0.0, 900.0]', 'energy_mismatch:kJ=619.0 inconsistent_with_kcal=2572.0']
2026-02-13 09:37:58 | WARNING | Normalization warnings for row=732 product_id=135967 warnings=['unparseable_numeric_fragment:5,', 'unparseable_numeric_fragment:0,']
2026-02-13 09:37:58 | WARNING | Validation warnings for row=732 product_id=135967 warnings=['plausibility_out_of_range:kcal:2447.0 not in [0.0, 900.0]', 'energy_mismatch:kJ=588.0 inconsistent_with_kcal=2447.0']
2026-02-13 09:37:58 | WARNING | Normalization warnings for row=733 product_id=135968 warnings=['unparseable_numeric_fragment:7,', 'unparseable_numeric_fragment:0,']
2026-02-13 09:37:58 | WARNING | Validation warnings for row=733 product_id=135968 warnings=['plausibility_out_of_range:kcal:2275.0 not in [0.0, 900.0]', 'energy_mismatch:kJ=545.0 inconsistent_with_kcal=2275.0']
2026-02-13 09:37:58 | WARNING | Normalization warnings for row=734 product_id=135970 warnings=['unparseable_numeric_fragment:6,', 'unparseable_numeric_fragment:0,']
2026-02-13 09:37:58 | WARNING | Validation warnings for row=734 product_id=135970 warnings=['plausibility_out_of_range:kcal:2378.0 not in [0.0, 900.0]', 'energy_mismatch:kJ=570.0 inconsistent_with_kcal=2378.0']
2026-02-13 09:37:58 | WARNING | Normalization warnings for row=735 product_id=135971 warnings=['unparseable_numeric_fragment:3,', 'unparseable_numeric_fragment:0,']
2026-02-13 09:37:58 | WARNING | Validation warnings for row=735 product_id=135971 warnings=['plausibility_out_of_range:kcal:1981.0 not in [0.0, 900.0]', 'energy_mismatch:kJ=474.0 inconsistent_with_kcal=1981.0']
2026-02-13 09:37:58 | WARNING | Normalization warnings for row=736 product_id=135972 warnings=['unparseable_numeric_fragment:3,', 'unparseable_numeric_fragment:0,']
2026-02-13 09:37:58 | WARNING | Validation warnings for row=736 product_id=135972 warnings=['plausibility_out_of_range:kcal:1973.0 not in [0.0, 900.0]', 'energy_mismatch:kJ=473.0 inconsistent_with_kcal=1973.0']
2026-02-13 09:37:58 | WARNING | Normalization warnings for row=737 product_id=135973 warnings=['unparseable_numeric_fragment:5,', 'unparseable_numeric_fragment:0,']
2026-02-13 09:37:58 | WARNING | Validation warnings for row=737 product_id=135973 warnings=['plausibility_out_of_range:kcal:2254.0 not in [0.0, 900.0]', 'energy_mismatch:kJ=587.0 inconsistent_with_kcal=2254.0']
2026-02-13 09:37:58 | WARNING | Normalization warnings for row=738 product_id=135974 warnings=['unparseable_numeric_fragment:6,', 'unparseable_numeric_fragment:7,', 'unparseable_numeric_fragment:0,']
2026-02-13 09:37:58 | WARNING | Validation warnings for row=738 product_id=135974 warnings=['plausibility_out_of_range:kcal:2161.0 not in [0.0, 900.0]', 'energy_mismatch:kJ=516.0 inconsistent_with_kcal=2161.0']
2026-02-13 09:37:58 | WARNING | Normalization warnings for row=739 product_id=135975 warnings=['unparseable_numeric_fragment:7,', 'unparseable_numeric_fragment:7,', 'unparseable_numeric_fragment:0,']
2026-02-13 09:37:58 | WARNING | Validation warnings for row=739 product_id=135975 warnings=['plausibility_out_of_range:kcal:2130.0 not in [0.0, 900.0]', 'energy_mismatch:kJ=508.0 inconsistent_with_kcal=2130.0']
2026-02-13 09:37:58 | WARNING | Normalization warnings for row=740 product_id=135976 warnings=['unparseable_numeric_fragment:7,', 'unparseable_numeric_fragment:7,', 'unparseable_numeric_fragment:0,']
2026-02-13 09:37:58 | WARNING | Validation warnings for row=740 product_id=135976 warnings=['plausibility_out_of_range:kcal:2132.0 not in [0.0, 900.0]', 'energy_mismatch:kJ=509.0 inconsistent_with_kcal=2132.0']
2026-02-13 09:37:58 | WARNING | Normalization warnings for row=741 product_id=136165 warnings=['unparseable_numeric_fragment:5,', 'unparseable_numeric_fragment:0,']
2026-02-13 09:37:58 | WARNING | Validation warnings for row=741 product_id=136165 warnings=['plausibility_out_of_range:kcal:2633.0 not in [0.0, 900.0]', 'energy_mismatch:kJ=634.0 inconsistent_with_kcal=2633.0']
2026-02-13 09:37:58 | WARNING | Normalization warnings for row=742 product_id=136190 warnings=['unparseable_numeric_fragment:5,', 'unparseable_numeric_fragment:0,']
2026-02-13 09:37:58 | WARNING | Validation warnings for row=742 product_id=136190 warnings=['plausibility_out_of_range:kcal:2634.0 not in [0.0, 900.0]', 'energy_mismatch:kJ=634.0 inconsistent_with_kcal=2634.0']
2026-02-13 09:37:58 | WARNING | Normalization warnings for row=743 product_id=136191 warnings=['unparseable_numeric_fragment:5,', 'unparseable_numeric_fragment:0,']
2026-02-13 09:37:58 | WARNING | Validation warnings for row=743 product_id=136191 warnings=['plausibility_out_of_range:kcal:2633.0 not in [0.0, 900.0]', 'energy_mismatch:kJ=634.0 inconsistent_with_kcal=2633.0']
2026-02-13 09:37:58 | WARNING | Normalization warnings for row=744 product_id=136192 warnings=['unparseable_numeric_fragment:4,', 'unparseable_numeric_fragment:0,']
2026-02-13 09:37:58 | WARNING | Validation warnings for row=744 product_id=136192 warnings=['plausibility_out_of_range:kcal:1985.0 not in [0.0, 900.0]', 'energy_mismatch:kJ=474.0 inconsistent_with_kcal=1985.0']
2026-02-13 09:37:58 | WARNING | Normalization warnings for row=745 product_id=136218 warnings=['unparseable_numeric_fragment:0,']
2026-02-13 09:37:58 | WARNING | Validation warnings for row=745 product_id=136218 warnings=['plausibility_out_of_range:kcal:2602.0 not in [0.0, 900.0]', 'energy_mismatch:kJ=626.0 inconsistent_with_kcal=2602.0']
2026-02-13 09:37:58 | WARNING | Normalization warnings for row=746 product_id=136219 warnings=['unparseable_numeric_fragment:4,', 'unparseable_numeric_fragment:0,']
2026-02-13 09:37:58 | WARNING | Validation warnings for row=746 product_id=136219 warnings=['plausibility_out_of_range:kcal:2634.0 not in [0.0, 900.0]', 'energy_mismatch:kJ=635.0 inconsistent_with_kcal=2634.0']
2026-02-13 09:37:58 | WARNING | Normalization warnings for row=747 product_id=136220 warnings=['unparseable_numeric_fragment:4,', 'unparseable_numeric_fragment:0,']
2026-02-13 09:37:58 | WARNING | Validation warnings for row=747 product_id=136220 warnings=['plausibility_out_of_range:kcal:2589.0 not in [0.0, 900.0]', 'energy_mismatch:kJ=623.0 inconsistent_with_kcal=2589.0']
2026-02-13 09:37:58 | WARNING | Normalization warnings for row=748 product_id=136221 warnings=['unparseable_numeric_fragment:4,', 'unparseable_numeric_fragment:0,']
2026-02-13 09:37:58 | WARNING | Validation warnings for row=748 product_id=136221 warnings=['plausibility_out_of_range:kcal:2632.0 not in [0.0, 900.0]', 'energy_mismatch:kJ=634.0 inconsistent_with_kcal=2632.0']
2026-02-13 09:37:58 | WARNING | Normalization warnings for row=749 product_id=136222 warnings=['unparseable_numeric_fragment:4,', 'unparseable_numeric_fragment:0,']
2026-02-13 09:37:58 | WARNING | Validation warnings for row=749 product_id=136222 warnings=['plausibility_out_of_range:kcal:2589.0 not in [0.0, 900.0]', 'energy_mismatch:kJ=623.0 inconsistent_with_kcal=2589.0']
2026-02-13 09:37:58 | WARNING | Normalization warnings for row=750 product_id=136223 warnings=['unparseable_numeric_fragment:4,', 'unparseable_numeric_fragment:0,']
2026-02-13 09:37:58 | WARNING | Validation warnings for row=750 product_id=136223 warnings=['plausibility_out_of_range:kcal:2632.0 not in [0.0, 900.0]', 'energy_mismatch:kJ=634.0 inconsistent_with_kcal=2632.0']
2026-02-13 09:37:58 | WARNING | Normalization warnings for row=751 product_id=136224 warnings=['unparseable_numeric_fragment:4,', 'unparseable_numeric_fragment:0,']
2026-02-13 09:37:58 | WARNING | Validation warnings for row=751 product_id=136224 warnings=['plausibility_out_of_range:kcal:2617.0 not in [0.0, 900.0]', 'energy_mismatch:kJ=630.0 inconsistent_with_kcal=2617.0']
2026-02-13 09:37:58 | WARNING | Normalization warnings for row=752 product_id=136225 warnings=['unparseable_numeric_fragment:5,', 'unparseable_numeric_fragment:0,']
2026-02-13 09:37:58 | WARNING | Validation warnings for row=752 product_id=136225 warnings=['plausibility_out_of_range:kcal:2634.0 not in [0.0, 900.0]', 'energy_mismatch:kJ=634.0 inconsistent_with_kcal=2634.0']
2026-02-13 09:37:58 | WARNING | Normalization warnings for row=753 product_id=136226 warnings=['unparseable_numeric_fragment:5,', 'unparseable_numeric_fragment:0,']
2026-02-13 09:37:58 | WARNING | Validation warnings for row=753 product_id=136226 warnings=['plausibility_out_of_range:kcal:2634.0 not in [0.0, 900.0]', 'energy_mismatch:kJ=634.0 inconsistent_with_kcal=2634.0']
2026-02-13 09:37:58 | WARNING | Normalization warnings for row=754 product_id=136227 warnings=['unparseable_numeric_fragment:4,', 'unparseable_numeric_fragment:0,']
2026-02-13 09:37:58 | WARNING | Validation warnings for row=754 product_id=136227 warnings=['plausibility_out_of_range:kcal:2632.0 not in [0.0, 900.0]', 'energy_mismatch:kJ=634.0 inconsistent_with_kcal=2632.0']
2026-02-13 09:37:58 | WARNING | Normalization warnings for row=755 product_id=136228 warnings=['unparseable_numeric_fragment:8,', 'unparseable_numeric_fragment:0,']
2026-02-13 09:37:58 | WARNING | Validation warnings for row=755 product_id=136228 warnings=['plausibility_out_of_range:kcal:2308.0 not in [0.0, 900.0]', 'energy_mismatch:kJ=554.0 inconsistent_with_kcal=2308.0']
2026-02-13 09:37:58 | WARNING | Normalization warnings for row=756 product_id=136229 warnings=['unparseable_numeric_fragment:7,', 'unparseable_numeric_fragment:0,']
2026-02-13 09:37:58 | WARNING | Validation warnings for row=756 product_id=136229 warnings=['plausibility_out_of_range:kcal:2357.0 not in [0.0, 900.0]', 'energy_mismatch:kJ=566.0 inconsistent_with_kcal=2357.0']
2026-02-13 09:37:58 | WARNING | Normalization warnings for row=757 product_id=136230 warnings=['unparseable_numeric_fragment:9,', 'unparseable_numeric_fragment:0,']
2026-02-13 09:37:58 | WARNING | Validation warnings for row=757 product_id=136230 warnings=['plausibility_out_of_range:kcal:2326.0 not in [0.0, 900.0]', 'energy_mismatch:kJ=559.0 inconsistent_with_kcal=2326.0']
2026-02-13 09:37:58 | WARNING | Normalization warnings for row=758 product_id=136231 warnings=['unparseable_numeric_fragment:4,', 'unparseable_numeric_fragment:0,']
2026-02-13 09:37:58 | WARNING | Validation warnings for row=758 product_id=136231 warnings=['plausibility_out_of_range:kcal:1985.0 not in [0.0, 900.0]', 'energy_mismatch:kJ=474.0 inconsistent_with_kcal=1985.0']
2026-02-13 09:37:58 | WARNING | Normalization warnings for row=759 product_id=136232 warnings=['unparseable_numeric_fragment:6,', 'unparseable_numeric_fragment:0,']
2026-02-13 09:37:58 | WARNING | Validation warnings for row=759 product_id=136232 warnings=['plausibility_out_of_range:kcal:2197.0 not in [0.0, 900.0]', 'energy_mismatch:kJ=526.0 inconsistent_with_kcal=2197.0']
2026-02-13 09:37:58 | WARNING | Normalization warnings for row=760 product_id=136233 warnings=['unparseable_numeric_fragment:6,', 'unparseable_numeric_fragment:0,']
2026-02-13 09:37:58 | WARNING | Validation warnings for row=760 product_id=136233 warnings=['plausibility_out_of_range:kcal:2184.0 not in [0.0, 900.0]', 'energy_mismatch:kJ=523.0 inconsistent_with_kcal=2184.0']
2026-02-13 09:37:58 | WARNING | Normalization warnings for row=761 product_id=136234 warnings=['unparseable_numeric_fragment:6,', 'unparseable_numeric_fragment:0,']
2026-02-13 09:37:58 | WARNING | Validation warnings for row=761 product_id=136234 warnings=['plausibility_out_of_range:kcal:2247.0 not in [0.0, 900.0]', 'energy_mismatch:kJ=538.0 inconsistent_with_kcal=2247.0']
2026-02-13 09:37:58 | WARNING | Normalization warnings for row=762 product_id=136235 warnings=['unparseable_numeric_fragment:6,', 'unparseable_numeric_fragment:0,']
2026-02-13 09:37:58 | WARNING | Validation warnings for row=762 product_id=136235 warnings=['plausibility_out_of_range:kcal:2262.0 not in [0.0, 900.0]', 'energy_mismatch:kJ=542.0 inconsistent_with_kcal=2262.0']
2026-02-13 09:37:58 | WARNING | Normalization warnings for row=763 product_id=136236 warnings=['unparseable_numeric_fragment:0,']
2026-02-13 09:37:58 | WARNING | Validation warnings for row=763 product_id=136236 warnings=['plausibility_out_of_range:kcal:2587.0 not in [0.0, 900.0]', 'energy_mismatch:kJ=623.0 inconsistent_with_kcal=2587.0']
2026-02-13 09:37:58 | WARNING | Normalization warnings for row=764 product_id=136237 warnings=['unparseable_numeric_fragment:4,', 'unparseable_numeric_fragment:0,']
2026-02-13 09:37:58 | WARNING | Validation warnings for row=764 product_id=136237 warnings=['plausibility_out_of_range:kcal:2619.0 not in [0.0, 900.0]', 'energy_mismatch:kJ=631.0 inconsistent_with_kcal=2619.0']
2026-02-13 09:37:58 | WARNING | Normalization warnings for row=765 product_id=136238 warnings=['unparseable_numeric_fragment:5,', 'unparseable_numeric_fragment:0,']
2026-02-13 09:37:58 | WARNING | Validation warnings for row=765 product_id=136238 warnings=['plausibility_out_of_range:kcal:2600.0 not in [0.0, 900.0]', 'energy_mismatch:kJ=626.0 inconsistent_with_kcal=2600.0']
2026-02-13 09:37:58 | WARNING | Normalization warnings for row=766 product_id=136239 warnings=['unparseable_numeric_fragment:6,', 'unparseable_numeric_fragment:0,']
2026-02-13 09:37:58 | WARNING | Validation warnings for row=766 product_id=136239 warnings=['plausibility_out_of_range:kcal:2624.0 not in [0.0, 900.0]', 'energy_mismatch:kJ=634.0 inconsistent_with_kcal=2624.0']
2026-02-13 09:37:58 | WARNING | Normalization warnings for row=767 product_id=136270 warnings=['unparseable_numeric_fragment:5,', 'unparseable_numeric_fragment:0,']
2026-02-13 09:37:58 | WARNING | Validation warnings for row=767 product_id=136270 warnings=['plausibility_out_of_range:kcal:2581.0 not in [0.0, 900.0]', 'energy_mismatch:kJ=622.0 inconsistent_with_kcal=2581.0']
2026-02-13 09:37:58 | WARNING | Normalization warnings for row=768 product_id=136294 warnings=['unparseable_numeric_fragment:6,', 'unparseable_numeric_fragment:0,']
2026-02-13 09:37:58 | WARNING | Validation warnings for row=768 product_id=136294 warnings=['plausibility_out_of_range:kcal:2223.0 not in [0.0, 900.0]', 'energy_mismatch:kJ=533.0 inconsistent_with_kcal=2223.0']
2026-02-13 09:37:58 | WARNING | Normalization warnings for row=769 product_id=136373 warnings=['unparseable_numeric_fragment:0,']
2026-02-13 09:37:58 | WARNING | Validation warnings for row=769 product_id=136373 warnings=['plausibility_out_of_range:kcal:2350.0 not in [0.0, 900.0]', 'energy_mismatch:kJ=564.0 inconsistent_with_kcal=2350.0']
2026-02-13 09:37:58 | INFO | Pipeline stage completed | stage=classification_normalization_parsing_validation records=741
2026-02-13 09:37:58 | INFO | Pipeline stage started | stage=persistence_classified_records
2026-02-13 09:37:58 | INFO | Pipeline stage completed | stage=persistence_classified_records output=C:\Users\User\Documents\40k\tmp\out_700_full\classified_records.jsonl records=741
2026-02-13 09:37:58 | INFO | Pipeline stage started | stage=reporting
2026-02-13 09:37:58 | INFO | Pipeline stage completed | stage=reporting
2026-02-13 09:37:58 | INFO | Pipeline stage started | stage=rendering
2026-02-13 09:38:06 | INFO | Pipeline stage completed | stage=rendering
2026-02-13 09:38:06 | INFO | Classification completed | output=C:\Users\User\Documents\40k\tmp\out_700_full\classified_records.jsonl classified=741 categories={'MISSING': 0, 'INGREDIENTS': 0, 'NUTRITION': 740, 'MIXED': 1, 'UNKNOWN': 0}
2026-02-13 09:38:06 | INFO | Text normalization completed | records=741 warning_count=563
2026-02-13 09:38:06 | INFO | Nutrition extraction completed | records=741 warning_count=3
2026-02-13 09:38:06 | INFO | Validation/status assignment completed | records=741 warning_count=808 statuses={'OK_WITH_WARNINGS': 441, 'OK': 300}
2026-02-13 09:38:06 | INFO | Reporting completed | report=C:\Users\User\Documents\40k\tmp\out_700_full\report.csv needs_review=C:\Users\User\Documents\40k\tmp\out_700_full\needs_review.csv failed=C:\Users\User\Documents\40k\tmp\out_700_full\failed.csv
2026-02-13 09:38:06 | INFO | Reporting summary | categories={'MISSING': 0, 'INGREDIENTS': 0, 'NUTRITION': 740, 'MIXED': 1, 'UNKNOWN': 0} statuses={'OK': 300, 'OK_WITH_WARNINGS': 441, 'NEEDS_REVIEW': 0, 'FAILED': 27}
2026-02-13 09:38:06 | INFO | Rendering completed | output_root=C:\Users\User\Documents\40k\tmp\out_700_full\output eligible_total=741 rendered=741 skipped_existing=0 failed_render=0
2026-02-13 09:38:06 | INFO | CSV ingestion completed | encoding=cp1252 total=768 valid=741 skipped=27
2026-02-13 09:38:06 | INFO | CSV ingestion reject visibility | surfaced_failed_rows=27
2026-02-13 09:38:06 | INFO | Pipeline run completed | duration_ms=8040 records_processed=741 ingest_valid=741 ingest_skipped=27 rendered=741 render_skipped_existing=0 render_skipped_non_renderable=0 render_failed=0
